ranking_risco,id_municipio,nome_municipio,sigla_uf,nome_regiao,taxa_alfabetizacao,meta_alfabetizacao_2024,atingiu_meta,probabilidade_prevista_atingir_meta,gap_ate_meta_pp
1,2927408,Salvador,BA,Nordeste,36.85,45.52,0,0.0073,8.67
2,3304557,Rio de Janeiro,RJ,Sudeste,63.81,60.14,1,0.0084,-3.67
3,1501402,Belém,PA,Norte,51.6,53.42,0,0.0126,1.82
4,2910800,Feira de Santana,BA,Nordeste,33.19,38.95,0,0.0158,5.76
5,2932903,Valença,BA,Nordeste,31.89,38.08,0,0.0161,6.19
6,2900900,Almadina,BA,Nordeste,23.91,38.22,0,0.0165,14.31
7,1505205,Oeiras do Pará,PA,Norte,31.03,25.53,1,0.0166,-5.5
8,2906303,Canavieiras,BA,Nordeste,28.68,36.12,0,0.0172,7.44
9,2900355,Adustina,BA,Nordeste,42.45,50.37,0,0.0177,7.92
10,2930501,Serrinha,BA,Nordeste,19.92,32.42,0,0.018,12.5
11,2910602,Esplanada,BA,Nordeste,23.96,26.95,0,0.018,2.99
12,2913606,Ilhéus,BA,Nordeste,26.63,39.22,0,0.0182,12.59
13,3301702,Duque de Caxias,RJ,Sudeste,45.37,52.5,0,0.0184,7.13
14,2900702,Alagoinhas,BA,Nordeste,36.64,40.44,0,0.0185,3.8
15,2914000,Ipirá,BA,Nordeste,34.46,37.07,0,0.0187,2.61
16,1721000,Palmas,TO,Norte,56.97,62.2,0,0.0192,5.23
17,2933208,Vera Cruz,BA,Nordeste,38.27,45.5,0,0.0193,7.23
18,2901353,Andorinha,BA,Nordeste,28.44,39.88,0,0.0194,11.44
19,2903201,Barreiras,BA,Nordeste,36.09,44.47,0,0.0199,8.38
20,2913705,Inhambupe,BA,Nordeste,30.13,36.61,0,0.0201,6.48
21,2902104,Araci,BA,Nordeste,24.47,27.37,0,0.0202,2.9
22,2924009,Paulo Afonso,BA,Nordeste,30.51,32.01,0,0.0207,1.5
23,2924405,Pilão Arcado,BA,Nordeste,22.51,31.12,0,0.0207,8.61
24,2902302,Aratuípe,BA,Nordeste,60.0,53.15,1,0.021,-6.85
25,2931202,Taperoá,BA,Nordeste,47.52,45.23,1,0.021,-2.29
26,1503606,Itaituba,PA,Norte,59.22,64.14,0,0.021,4.92
27,3303500,Nova Iguaçu,RJ,Sudeste,33.42,40.13,0,0.021,6.71
28,2901700,Antônio Cardoso,BA,Nordeste,25.76,40.74,0,0.021,14.98
29,1502806,Curralinho,PA,Norte,24.03,32.28,0,0.0211,8.25
30,2925907,Quijingue,BA,Nordeste,34.85,44.9,0,0.0213,10.05
31,3305109,São João de Meriti,RJ,Sudeste,35.97,44.12,0,0.0214,8.15
32,2930105,Senhor do Bonfim,BA,Nordeste,24.02,27.01,0,0.0215,2.99
33,2933604,Xique-Xique,BA,Nordeste,32.25,38.06,0,0.0216,5.81
34,2931905,Tucano,BA,Nordeste,35.55,36.12,0,0.0219,0.57
35,1501808,Breves,PA,Norte,55.58,49.78,1,0.022,-5.8
36,2919207,Lauro de Freitas,BA,Nordeste,28.75,36.74,0,0.0222,7.99
37,1508050,Trairão,PA,Norte,62.19,72.29,0,0.0222,10.1
38,3304904,São Gonçalo,RJ,Sudeste,43.71,51.23,0,0.0222,7.52
39,2507507,João Pessoa,PB,Nordeste,55.14,52.13,1,0.0223,-3.01
40,1500701,Anajás,PA,Norte,33.83,34.01,0,0.0223,0.18
41,1504505,Melgaço,PA,Norte,28.64,44.48,0,0.0223,15.84
42,2933307,Vitória da Conquista,BA,Nordeste,42.75,53.11,0,0.0224,10.36
43,2914109,Ipupiara,BA,Nordeste,59.15,68.9,0,0.0225,9.75
44,2905701,Camaçari,BA,Nordeste,36.56,40.43,0,0.0225,3.87
45,3300456,Belford Roxo,RJ,Sudeste,38.9,41.51,0,0.0226,2.61
46,3300704,Cabo Frio,RJ,Sudeste,55.08,58.8,0,0.0226,3.72
47,1501303,Barcarena,PA,Norte,39.5,51.99,0,0.0229,12.49
48,2412203,São José de Mipibu,RN,Nordeste,33.92,41.43,0,0.023,7.51
49,2909802,Cruz das Almas,BA,Nordeste,33.56,41.43,0,0.0232,7.87
50,2925303,Porto Seguro,BA,Nordeste,45.5,52.13,0,0.0233,6.63
51,2902708,Barra,BA,Nordeste,28.48,34.04,0,0.0235,5.56
52,2911709,Guanambi,BA,Nordeste,46.39,53.73,0,0.0236,7.34
53,2928059,Santa Luzia,BA,Nordeste,28.42,40.34,0,0.0237,11.92
54,2918001,Jequié,BA,Nordeste,39.48,44.37,0,0.024,4.89
55,2914901,Itacaré,BA,Nordeste,31.19,39.28,0,0.024,8.09
56,2933505,Wenceslau Guimarães,BA,Nordeste,31.17,44.82,0,0.0241,13.65
57,1500206,Acará,PA,Norte,41.73,45.4,0,0.0245,3.67
58,2902401,Aurelino Leal,BA,Nordeste,33.61,48.61,0,0.0249,15.0
59,2924801,Piritiba,BA,Nordeste,40.58,48.97,0,0.0249,8.39
60,3301009,Campos dos Goytacazes,RJ,Sudeste,38.87,45.1,0,0.025,6.23
61,2927705,Santa Cruz Cabrália,BA,Nordeste,37.36,46.67,0,0.0251,9.31
62,2704302,Maceió,AL,Nordeste,40.58,45.58,0,0.0252,5.0
63,2922607,Nilo Peçanha,BA,Nordeste,50.52,42.73,1,0.0253,-7.79
64,2923506,Palmeiras,BA,Nordeste,40.45,49.55,0,0.0254,9.1
65,3302502,Magé,RJ,Sudeste,46.66,51.74,0,0.0254,5.08
66,2908606,Conde,BA,Nordeste,28.14,46.79,0,0.0255,18.65
67,2928604,Santo Amaro,BA,Nordeste,36.96,49.62,0,0.0256,12.66
68,2919108,Lamarão,BA,Nordeste,19.57,29.42,0,0.0256,9.85
69,2915502,Itajuípe,BA,Nordeste,34.09,41.18,0,0.0256,7.09
70,1505494,Palestina do Pará,PA,Norte,44.75,40.66,1,0.0256,-4.09
71,2914802,Itabuna,BA,Nordeste,29.75,38.61,0,0.0259,8.86
72,2932309,Ubatã,BA,Nordeste,41.9,38.45,1,0.0259,-3.45
73,2910057,Dias d'Ávila,BA,Nordeste,32.25,42.22,0,0.0261,9.97
74,2918407,Juazeiro,BA,Nordeste,29.31,38.21,0,0.0264,8.9
75,2932705,Uruçuca,BA,Nordeste,26.42,37.1,0,0.0264,10.68
76,2930709,Simões Filho,BA,Nordeste,42.14,48.58,0,0.0265,6.44
77,1600303,Macapá,AP,Norte,44.85,49.2,0,0.0265,4.35
78,2931350,Teixeira de Freitas,BA,Nordeste,35.04,56.5,0,0.0266,21.46
79,2919553,Luís Eduardo Magalhães,BA,Nordeste,35.72,36.53,0,0.0267,0.81
80,1706001,Couto Magalhães,TO,Norte,49.04,53.39,0,0.0268,4.35
81,2918100,Jeremoabo,BA,Nordeste,29.53,34.24,0,0.0269,4.71
82,2611606,Recife,PE,Nordeste,54.55,65.29,0,0.0272,10.74
83,1508308,Viseu,PA,Norte,38.21,41.1,0,0.0273,2.89
84,2927507,Santa Bárbara,BA,Nordeste,31.58,28.15,1,0.0273,-3.43
85,1501105,Bagre,PA,Norte,53.31,52.12,1,0.0274,-1.19
86,1505908,Porto de Moz,PA,Norte,81.16,73.69,1,0.0274,-7.47
87,2925204,Pojuca,BA,Nordeste,51.55,63.76,0,0.0275,12.21
88,2800308,Aracaju,SE,Nordeste,44.28,36.8,1,0.0275,-7.48
89,2905909,Campo Alegre de Lourdes,BA,Nordeste,28.04,43.29,0,0.0277,15.25
90,2905404,Cairu,BA,Nordeste,32.87,43.5,0,0.0279,10.63
91,2925501,Prado,BA,Nordeste,32.74,41.65,0,0.0279,8.91
92,2913903,Ipiaú,BA,Nordeste,25.15,40.51,0,0.0279,15.36
93,2902252,Arataca,BA,Nordeste,13.11,23.69,0,0.0279,10.58
94,2901007,Amargosa,BA,Nordeste,51.0,55.84,0,0.028,4.84
95,2918803,Laje,BA,Nordeste,45.45,52.04,0,0.0281,6.59
96,2921708,Morro do Chapéu,BA,Nordeste,28.31,42.87,0,0.0281,14.56
97,2910727,Eunápolis,BA,Nordeste,38.37,41.41,0,0.0281,3.04
98,2904704,Buerarema,BA,Nordeste,28.57,31.49,0,0.0283,2.92
99,2906808,Cansanção,BA,Nordeste,23.19,36.8,0,0.0283,13.61
100,2920601,Maragogipe,BA,Nordeste,54.49,52.74,1,0.0284,-1.75
101,2104081,Fernando Falcão,MA,Nordeste,77.76,36.99,1,0.0284,-40.77
102,3304144,Queimados,RJ,Sudeste,37.63,44.56,0,0.0285,6.93
103,2910107,Dom Basílio,BA,Nordeste,42.74,53.52,0,0.0285,10.78
104,1502756,Concórdia do Pará,PA,Norte,54.24,46.82,1,0.0286,-7.42
105,2916856,Itatim,BA,Nordeste,54.22,56.29,0,0.0287,2.07
106,2904902,Cachoeira,BA,Nordeste,33.06,32.07,1,0.0288,-0.99
107,2915304,Itagimirim,BA,Nordeste,25.0,39.74,0,0.0289,14.74
108,1505809,Portel,PA,Norte,40.72,49.51,0,0.0289,8.79
109,2927002,Rio Real,BA,Nordeste,33.21,47.13,0,0.0289,13.92
110,2908903,Coração de Maria,BA,Nordeste,21.3,37.99,0,0.029,16.69
111,2905206,Caetité,BA,Nordeste,39.02,54.21,0,0.0291,15.19
112,2931103,Tanquinho,BA,Nordeste,30.67,25.95,1,0.0292,-4.72
113,2910701,Euclides da Cunha,BA,Nordeste,31.34,39.98,0,0.0292,8.64
114,2928703,Santo Antônio de Jesus,BA,Nordeste,40.9,40.35,1,0.0293,-0.55
115,1501782,Breu Branco,PA,Norte,50.55,38.27,1,0.0293,-12.28
116,1507953,Tailândia,PA,Norte,37.9,44.19,0,0.0293,6.29
117,2918555,Jussari,BA,Nordeste,31.58,42.54,0,0.0296,10.96
118,3303302,Niterói,RJ,Sudeste,51.2,56.56,0,0.0298,5.36
119,1500800,Ananindeua,PA,Norte,53.37,62.51,0,0.0298,9.14
120,2907509,Catu,BA,Nordeste,39.39,49.32,0,0.0299,9.93
121,2905800,Camamu,BA,Nordeste,28.39,33.17,0,0.0301,4.78
122,2923407,Palmas de Monte Alto,BA,Nordeste,35.76,51.09,0,0.0301,15.33
123,2929354,São José da Vitória,BA,Nordeste,27.27,38.32,0,0.0302,11.05
124,2906006,Campo Formoso,BA,Nordeste,39.03,43.38,0,0.0302,4.35
125,2926608,Ribeira do Pombal,BA,Nordeste,40.72,41.2,0,0.0302,0.48
126,2917607,Jaguaquara,BA,Nordeste,53.7,51.78,1,0.0303,-1.92
127,2930774,Sobradinho,BA,Nordeste,34.44,33.65,1,0.0303,-0.79
128,2931509,Teofilândia,BA,Nordeste,29.57,35.23,0,0.0303,5.66
129,2903904,Bom Jesus da Lapa,BA,Nordeste,34.55,40.73,0,0.0304,6.18
130,2907202,Casa Nova,BA,Nordeste,20.93,19.44,1,0.0304,-1.49
131,2922300,Muritiba,BA,Nordeste,51.72,30.55,1,0.0306,-21.17
132,2906501,Candeias,BA,Nordeste,36.67,39.6,0,0.0306,2.93
133,2924207,Pedro Alexandre,BA,Nordeste,20.45,36.27,0,0.0307,15.82
134,1504604,Mocajuba,PA,Norte,37.29,38.95,0,0.0308,1.66
135,2925253,Ponto Novo,BA,Nordeste,36.99,30.38,1,0.0309,-6.61
136,2931707,Terra Nova,BA,Nordeste,28.42,30.46,0,0.0311,2.04
137,2916104,Itaparica,BA,Nordeste,28.57,44.71,0,0.0312,16.14
138,2909901,Curaçá,BA,Nordeste,22.94,36.77,0,0.0313,13.83
139,1501006,Aveiro,PA,Norte,64.37,61.01,1,0.0313,-3.36
140,1501907,Bujaru,PA,Norte,51.61,56.12,0,0.0314,4.51
141,2921203,Miguel Calmon,BA,Nordeste,36.96,53.06,0,0.0314,16.1
142,2915700,Itamari,BA,Nordeste,36.76,63.04,0,0.0314,26.28
143,2917508,Jacobina,BA,Nordeste,28.49,37.79,0,0.0314,9.3
144,1711902,Lagoa da Confusão,TO,Norte,35.66,33.23,1,0.0317,-2.43
145,2928802,Santo Estêvão,BA,Nordeste,31.86,39.59,0,0.0317,7.73
146,2932507,Una,BA,Nordeste,58.16,44.38,1,0.0318,-13.78
147,2907806,Cícero Dantas,BA,Nordeste,36.31,37.98,0,0.0318,1.67
148,2920106,Mairi,BA,Nordeste,23.42,46.99,0,0.0319,23.57
149,1500503,Almeirim,PA,Norte,38.92,37.74,1,0.0319,-1.18
150,1505031,Novo Progresso,PA,Norte,56.8,64.5,0,0.032,7.7
151,3305505,Saquarema,RJ,Sudeste,62.51,66.24,0,0.0321,3.73
152,1500909,Augusto Corrêa,PA,Norte,43.99,44.99,0,0.0322,1.0
153,2933406,Wagner,BA,Nordeste,45.0,57.82,0,0.0323,12.82
154,2914703,Itaberaba,BA,Nordeste,41.07,48.23,0,0.0325,7.16
155,1506708,Santana do Araguaia,PA,Norte,58.51,58.75,0,0.0325,0.24
156,1507607,São Miguel do Guamá,PA,Norte,49.59,45.1,1,0.0325,-4.49
157,2921401,Mirangaba,BA,Nordeste,29.41,40.59,0,0.0325,11.18
158,1501709,Bragança,PA,Norte,37.0,48.67,0,0.0325,11.67
159,2922904,Nova Soure,BA,Nordeste,31.41,29.32,1,0.0326,-2.09
160,2921054,Matina,BA,Nordeste,42.52,47.77,0,0.0327,5.25
161,1503093,Goianésia do Pará,PA,Norte,42.29,51.56,0,0.0327,9.27
162,1505502,Paragominas,PA,Norte,56.72,65.34,0,0.0328,8.62
163,3300209,Araruama,RJ,Sudeste,55.89,55.66,1,0.0328,-0.23
164,1500602,Altamira,PA,Norte,45.32,52.09,0,0.0328,6.77
165,2915403,Itaju do Colônia,BA,Nordeste,15.25,27.27,0,0.0329,12.02
166,2513703,Santa Rita,PB,Nordeste,39.39,47.0,0,0.033,7.61
167,1502152,Canaã dos Carajás,PA,Norte,65.12,65.05,1,0.033,-0.07
168,1504703,Moju,PA,Norte,34.29,39.09,0,0.033,4.8
169,2932101,Ubaíra,BA,Nordeste,38.93,52.71,0,0.0331,13.78
170,2907103,Carinhanha,BA,Nordeste,31.96,35.7,0,0.0331,3.74
171,2412005,São Gonçalo do Amarante,RN,Nordeste,33.42,56.91,0,0.0331,23.49
172,5103403,Cuiabá,MT,Centro-Oeste,46.6,58.26,0,0.0331,11.66
173,2922854,Nova Redenção,BA,Nordeste,27.03,38.9,0,0.0332,11.87
174,2905602,Camacan,BA,Nordeste,24.61,40.84,0,0.0332,16.23
175,2914653,Itabela,BA,Nordeste,24.92,38.14,0,0.0332,13.22
176,2901205,Anagé,BA,Nordeste,32.17,43.17,0,0.0334,11.0
177,1502103,Cametá,PA,Norte,39.08,46.63,0,0.0335,7.55
178,3302403,Macaé,RJ,Sudeste,59.46,63.19,0,0.0336,3.73
179,2914604,Irecê,BA,Nordeste,46.83,48.05,0,0.0337,1.22
180,2906824,Canudos,BA,Nordeste,30.13,25.86,1,0.0338,-4.27
181,1707702,Filadélfia,TO,Norte,12.63,18.04,0,0.0339,5.41
182,2908408,Conceição do Coité,BA,Nordeste,30.94,35.73,0,0.0339,4.79
183,2915106,Itagi,BA,Nordeste,23.53,44.26,0,0.0339,20.73
184,3302007,Itaguaí,RJ,Sudeste,41.61,48.08,0,0.034,6.47
185,2404200,Goianinha,RN,Nordeste,35.33,29.73,1,0.034,-5.6
186,1720200,São Miguel do Tocantins,TO,Norte,36.9,34.18,1,0.034,-2.72
187,3303906,Petrópolis,RJ,Sudeste,64.81,65.4,0,0.034,0.59
188,1505486,Pacajá,PA,Norte,45.49,43.87,1,0.034,-1.62
189,2902054,Araças,BA,Nordeste,38.26,43.28,0,0.0341,5.02
190,1504208,Marabá,PA,Norte,50.68,56.17,0,0.0342,5.49
191,3301900,Itaboraí,RJ,Sudeste,50.45,56.04,0,0.0343,5.59
192,5002704,Campo Grande,MS,Centro-Oeste,51.59,47.69,1,0.0344,-3.9
193,2905503,Caldeirão Grande,BA,Nordeste,28.19,28.45,0,0.0344,0.26
194,2801405,Carira,SE,Nordeste,34.24,40.4,0,0.0345,6.16
195,3300100,Angra dos Reis,RJ,Sudeste,60.8,60.82,0,0.0346,0.02
196,3302858,Mesquita,RJ,Sudeste,35.09,44.32,0,0.0347,9.23
197,2908507,Conceição do Jacuípe,BA,Nordeste,37.5,41.12,0,0.0348,3.62
198,2922409,Mutuípe,BA,Nordeste,48.92,61.96,0,0.0348,13.04
199,1501204,Baião,PA,Norte,38.16,34.71,1,0.0348,-3.45
200,2923704,Paratinga,BA,Nordeste,24.46,28.27,0,0.0348,3.81
201,1500305,Afuá,PA,Norte,38.18,37.86,1,0.0349,-0.32
202,2929503,São Sebastião do Passé,BA,Nordeste,46.1,54.89,0,0.0349,8.79
203,2922755,Nova Ibiá,BA,Nordeste,48.98,55.22,0,0.035,6.24
204,2917102,Itororó,BA,Nordeste,28.85,52.72,0,0.035,23.87
205,2932200,Ubaitaba,BA,Nordeste,31.13,36.89,0,0.0351,5.76
206,2900405,Água Fria,BA,Nordeste,30.43,28.14,1,0.0352,-2.29
207,2927606,Santa Brígida,BA,Nordeste,28.39,32.87,0,0.0353,4.48
208,2921500,Monte Santo,BA,Nordeste,27.49,37.95,0,0.0353,10.46
209,2913457,Igrapiúna,BA,Nordeste,43.64,37.38,1,0.0353,-6.26
210,2929909,Seabra,BA,Nordeste,34.98,53.8,0,0.0355,18.82
211,3302270,Japeri,RJ,Sudeste,36.88,45.46,0,0.0355,8.58
212,1712504,Marianópolis do Tocantins,TO,Norte,36.72,31.37,1,0.0356,-5.35
213,2912905,Ibirataia,BA,Nordeste,37.44,39.72,0,0.0356,2.28
214,2928109,Santa Maria da Vitória,BA,Nordeste,26.29,39.29,0,0.0356,13.0
215,3304524,Rio das Ostras,RJ,Sudeste,68.67,68.13,1,0.0359,-0.54
216,1503705,Itupiranga,PA,Norte,44.08,48.62,0,0.0359,4.54
217,3106200,Belo Horizonte,MG,Sudeste,70.13,61.33,1,0.0362,-8.8
218,2410405,Pureza,RN,Nordeste,33.85,42.59,0,0.0363,8.74
219,2414803,Vera Cruz,RN,Nordeste,43.56,62.26,0,0.0363,18.7
220,1505536,Parauapebas,PA,Norte,49.49,58.58,0,0.0363,9.09
221,2927200,Ruy Barbosa,BA,Nordeste,27.94,44.71,0,0.0363,16.77
222,1502509,Chaves,PA,Norte,74.09,50.48,1,0.0364,-23.61
223,2925808,Queimadas,BA,Nordeste,30.32,34.54,0,0.0366,4.22
224,1504455,Medicilândia,PA,Norte,48.44,54.08,0,0.0368,5.64
225,3306008,Três Rios,RJ,Sudeste,51.43,57.88,0,0.037,6.45
226,3305554,Seropédica,RJ,Sudeste,50.53,51.95,0,0.0371,1.42
227,1503309,Igarapé-Miri,PA,Norte,41.34,43.33,0,0.0372,1.99
228,2930907,Tabocas do Brejo Velho,BA,Nordeste,43.31,42.53,1,0.0372,-0.78
229,2908002,Coaraci,BA,Nordeste,39.13,43.8,0,0.0372,4.67
230,2905107,Caém,BA,Nordeste,36.71,42.1,0,0.0373,5.39
231,2916203,Itapé,BA,Nordeste,35.38,37.65,0,0.0374,2.27
232,2911204,Gandu,BA,Nordeste,47.2,40.16,1,0.0374,-7.04
233,1700301,Aguiarnópolis,TO,Norte,40.89,32.42,1,0.0376,-8.47
234,2802106,Estância,SE,Nordeste,31.09,40.81,0,0.0377,9.72
235,2917805,Jaguaripe,BA,Nordeste,46.85,33.07,1,0.0378,-13.78
236,1717008,Pindorama do Tocantins,TO,Norte,33.88,52.73,0,0.0378,18.85
237,1709005,Goiatins,TO,Norte,38.49,18.74,1,0.0379,-19.75
238,5006358,Paranhos,MS,Centro-Oeste,66.43,50.56,1,0.038,-15.87
239,2900306,Acajutiba,BA,Nordeste,59.14,26.77,1,0.038,-32.37
240,2921104,Medeiros Neto,BA,Nordeste,46.9,56.17,0,0.038,9.27
241,1715259,Novo Jardim,TO,Norte,61.24,29.51,1,0.038,-31.73
242,2901601,Antas,BA,Nordeste,23.17,49.89,0,0.0381,26.72
243,2929305,São Gonçalo dos Campos,BA,Nordeste,24.63,43.04,0,0.0382,18.41
244,2921005,Mata de São João,BA,Nordeste,56.92,58.32,0,0.0382,1.4
245,1502905,Curuçá,PA,Norte,33.48,37.86,0,0.0382,4.38
246,2927101,Rodelas,BA,Nordeste,28.4,30.48,0,0.0383,2.08
247,3550308,São Paulo,SP,Sudeste,56.1,44.37,1,0.0384,-11.73
248,2923100,Olindina,BA,Nordeste,21.29,41.3,0,0.0384,20.01
249,3303203,Nilópolis,RJ,Sudeste,47.32,50.1,0,0.0384,2.78
250,2930402,Serra Preta,BA,Nordeste,36.67,38.83,0,0.0384,2.16
251,1708205,Formoso do Araguaia,TO,Norte,45.42,66.36,0,0.0385,20.94
252,2923357,Ourolândia,BA,Nordeste,34.04,29.85,1,0.0385,-4.19
253,2919801,Macaúbas,BA,Nordeste,31.5,49.35,0,0.0385,17.85
254,2802908,Itabaiana,SE,Nordeste,40.82,33.84,1,0.0386,-6.98
255,2929800,Saúde,BA,Nordeste,20.73,21.63,0,0.0386,0.9
256,1503804,Jacundá,PA,Norte,37.87,46.69,0,0.0386,8.82
257,2907608,Central,BA,Nordeste,25.64,37.9,0,0.0388,12.26
258,1702109,Araguaína,TO,Norte,50.51,42.16,1,0.0388,-8.35
259,2923803,Paripiranga,BA,Nordeste,39.8,56.5,0,0.0389,16.7
260,2919603,Macajuba,BA,Nordeste,30.14,25.55,1,0.039,-4.59
261,2906873,Capim Grosso,BA,Nordeste,29.34,33.41,0,0.039,4.07
262,2926657,Ribeirão do Largo,BA,Nordeste,52.63,52.59,1,0.0391,-0.04
263,1507201,São Domingos do Capim,PA,Norte,32.97,37.87,0,0.0391,4.9
264,2924603,Pindobaçu,BA,Nordeste,39.19,41.0,0,0.0391,1.81
265,2901908,Aporá,BA,Nordeste,16.52,24.7,0,0.0391,8.18
266,2932002,Uauá,BA,Nordeste,40.28,50.59,0,0.0391,10.31
267,2913804,Ipecaetá,BA,Nordeste,46.51,41.61,1,0.0392,-4.9
268,1507805,Senador José Porfírio,PA,Norte,35.9,40.12,0,0.0393,4.22
269,1506187,Rondon do Pará,PA,Norte,68.8,63.45,1,0.0393,-5.35
270,1502202,Capanema,PA,Norte,59.24,64.97,0,0.0393,5.73
271,2909703,Cristópolis,BA,Nordeste,43.75,50.23,0,0.0394,6.48
272,1505437,Ourilândia do Norte,PA,Norte,53.11,53.81,0,0.0394,0.7
273,2915205,Itagibá,BA,Nordeste,44.21,43.51,1,0.0395,-0.7
274,2916609,Itapitanga,BA,Nordeste,36.62,38.06,0,0.0396,1.44
275,2929370,São José do Jacuípe,BA,Nordeste,28.41,30.39,0,0.0396,1.98
276,2916401,Itapetinga,BA,Nordeste,32.22,45.94,0,0.0396,13.72
277,2918506,Jussara,BA,Nordeste,43.44,30.4,1,0.0397,-13.04
278,2921302,Milagres,BA,Nordeste,46.05,40.72,1,0.0397,-5.33
279,1503077,Garrafão do Norte,PA,Norte,32.89,44.45,0,0.0397,11.56
280,2913200,Ibotirama,BA,Nordeste,32.87,48.37,0,0.0398,15.5
281,1100205,Porto Velho,RO,Norte,51.67,67.5,0,0.0398,15.83
282,2912608,Ibiquera,BA,Nordeste,15.62,27.17,0,0.0398,11.55
283,1721109,Tocantínia,TO,Norte,51.16,48.88,1,0.0399,-2.28
284,2917706,Jaguarari,BA,Nordeste,40.77,37.63,1,0.0399,-3.14
285,3306305,Volta Redonda,RJ,Sudeste,63.25,63.41,0,0.04,0.16
286,2930204,Sento Sé,BA,Nordeste,24.24,33.62,0,0.04,9.38
287,3104403,Argirita,MG,Sudeste,89.33,59.26,1,0.0401,-30.07
288,2917003,Itiúba,BA,Nordeste,21.05,34.97,0,0.0401,13.92
289,1504976,Nova Ipixuna,PA,Norte,52.55,50.09,1,0.0401,-2.46
290,2928000,Santaluz,BA,Nordeste,29.15,32.3,0,0.0402,3.15
291,2929206,São Francisco do Conde,BA,Nordeste,25.66,37.11,0,0.0403,11.45
292,2929107,São Felipe,BA,Nordeste,41.13,51.43,0,0.0403,10.3
293,2912707,Ibirapitanga,BA,Nordeste,22.06,38.26,0,0.0403,16.2
294,2403251,Parnamirim,RN,Nordeste,35.27,50.04,0,0.0405,14.77
295,1505064,Novo Repartimento,PA,Norte,47.88,59.65,0,0.0405,11.77
296,2933059,Várzea da Roça,BA,Nordeste,20.73,39.52,0,0.0405,18.79
297,2501807,Bayeux,PB,Nordeste,38.08,40.74,0,0.0406,2.66
298,1506807,Santarém,PA,Norte,51.29,59.08,0,0.0406,7.79
299,1504059,Mãe do Rio,PA,Norte,46.97,51.07,0,0.0406,4.1
300,2917300,Ituberá,BA,Nordeste,29.17,49.86,0,0.0407,20.69
301,2908309,Conceição do Almeida,BA,Nordeste,41.18,58.18,0,0.0408,17.0
302,2919504,Livramento de Nossa Senhora,BA,Nordeste,38.06,44.87,0,0.0408,6.81
303,2917904,Jandaíra,BA,Nordeste,36.08,55.37,0,0.041,19.29
304,2904605,Brumado,BA,Nordeste,42.15,57.7,0,0.041,15.55
305,1506005,Prainha,PA,Norte,43.28,61.1,0,0.041,17.82
306,2929602,Sapeaçu,BA,Nordeste,64.52,60.68,1,0.0411,-3.84
307,1507003,Santo Antônio do Tauá,PA,Norte,31.66,32.94,0,0.0411,1.28
308,2912202,Ibicoara,BA,Nordeste,32.53,35.04,0,0.0411,2.51
309,1501451,Belterra,PA,Norte,57.61,63.83,0,0.0412,6.22
310,2500304,Alagoa Grande,PB,Nordeste,28.48,38.31,0,0.0412,9.83
311,2401206,Arês,RN,Nordeste,31.22,31.97,0,0.0412,0.75
312,2929404,São Miguel das Matas,BA,Nordeste,36.76,35.91,1,0.0412,-0.85
313,2909406,Cotegipe,BA,Nordeste,41.9,46.95,0,0.0412,5.05
314,2907400,Catolândia,BA,Nordeste,25.71,16.24,1,0.0413,-9.47
315,2806503,Santa Rosa de Lima,SE,Nordeste,26.74,32.22,0,0.0414,5.48
316,2604106,Caruaru,PE,Nordeste,58.37,59.11,0,0.0415,0.74
317,2900504,Érico Cardoso,BA,Nordeste,37.21,69.97,0,0.0415,32.76
318,1508100,Tucuruí,PA,Norte,44.7,43.83,1,0.0416,-0.87
319,2922250,Muquém de São Francisco,BA,Nordeste,22.03,38.02,0,0.0416,15.99
320,1503457,Ipixuna do Pará,PA,Norte,42.95,46.0,0,0.0416,3.05
321,2911808,Guaratinga,BA,Nordeste,22.64,29.89,0,0.0417,7.25
322,2924108,Pedrão,BA,Nordeste,13.33,27.85,0,0.0417,14.52
323,2909307,Correntina,BA,Nordeste,26.64,43.32,0,0.0417,16.68
324,1506500,Santa Isabel do Pará,PA,Norte,34.18,46.98,0,0.0418,12.8
325,2920502,Maracás,BA,Nordeste,43.58,57.02,0,0.0418,13.44
326,1718204,Porto Nacional,TO,Norte,44.11,60.65,0,0.0421,16.54
327,2922730,Nova Fátima,BA,Nordeste,31.91,52.21,0,0.0421,20.3
328,2401453,Baraúna,RN,Nordeste,44.48,38.99,1,0.0421,-5.49
329,2916500,Itapicuru,BA,Nordeste,51.23,35.25,1,0.0421,-15.98
330,1508035,Tracuateua,PA,Norte,37.16,53.63,0,0.0422,16.47
331,2800506,Areia Branca,SE,Nordeste,44.81,34.29,1,0.0425,-10.52
332,2909208,Coronel João Sá,BA,Nordeste,36.04,35.85,1,0.0426,-0.19
333,2928901,São Desidério,BA,Nordeste,54.07,50.38,1,0.0427,-3.69
334,1508126,Ulianópolis,PA,Norte,61.52,64.77,0,0.0428,3.25
335,2917334,Iuiú,BA,Nordeste,25.53,54.11,0,0.043,28.58
336,2509057,Marcação,PB,Nordeste,22.15,70.7,0,0.043,48.55
337,1504406,Marapanim,PA,Norte,45.42,35.89,1,0.043,-9.53
338,2918308,Jitaúna,BA,Nordeste,40.82,31.37,1,0.043,-9.45
339,1506138,Redenção,PA,Norte,58.25,59.2,0,0.0431,0.95
340,2933455,Wanderley,BA,Nordeste,55.37,58.33,0,0.0431,2.96
341,2901106,Amélia Rodrigues,BA,Nordeste,47.14,44.02,1,0.0431,-3.12
342,1707652,Figueirópolis,TO,Norte,51.74,65.27,0,0.0431,13.53
343,2906204,Canarana,BA,Nordeste,33.73,36.34,0,0.0432,2.61
344,2415008,Vila Flor,RN,Nordeste,39.06,26.43,1,0.0432,-12.63
345,1504000,Limoeiro do Ajuru,PA,Norte,47.82,52.92,0,0.0432,5.1
346,1507409,São Francisco do Pará,PA,Norte,37.44,43.6,0,0.0433,6.16
347,1504901,Muaná,PA,Norte,33.63,42.83,0,0.0433,9.2
348,2908200,Conceição da Feira,BA,Nordeste,27.46,38.68,0,0.0433,11.22
349,2907004,Cardeal da Silva,BA,Nordeste,33.04,33.87,0,0.0433,0.83
350,1508159,Uruará,PA,Norte,60.84,67.88,0,0.0433,7.04
351,2800605,Barra dos Coqueiros,SE,Nordeste,28.1,29.32,0,0.0434,1.22
352,2404606,Ielmo Marinho,RN,Nordeste,30.36,47.4,0,0.0434,17.04
353,1503408,Inhangapi,PA,Norte,45.41,29.0,1,0.0435,-16.41
354,2414209,Tibau do Sul,RN,Nordeste,24.98,24.51,1,0.0436,-0.47
355,2916708,Itaquara,BA,Nordeste,34.25,41.17,0,0.0436,6.92
356,1504422,Marituba,PA,Norte,48.97,61.1,0,0.0436,12.13
357,2926806,Rio do Antônio,BA,Nordeste,43.82,65.42,0,0.0436,21.6
358,2407807,Monte Alegre,RN,Nordeste,50.97,62.63,0,0.0436,11.66
359,2919926,Madre de Deus,BA,Nordeste,25.81,46.9,0,0.0437,21.09
360,1502764,Cumaru do Norte,PA,Norte,45.2,55.05,0,0.0438,9.85
361,2924652,Pintadas,BA,Nordeste,55.7,50.59,1,0.0438,-5.11
362,1500859,Anapu,PA,Norte,48.45,53.88,0,0.0439,5.43
363,2925402,Potiraguá,BA,Nordeste,27.54,35.06,0,0.0441,7.52
364,1711803,Juarina,TO,Norte,49.1,42.09,1,0.0441,-7.01
365,2907707,Chorrochó,BA,Nordeste,36.19,41.36,0,0.0441,5.17
366,1501956,Cachoeira do Piriá,PA,Norte,52.04,53.0,0,0.0442,0.96
367,2915353,Itaguaçu da Bahia,BA,Nordeste,32.8,28.02,1,0.0444,-4.78
368,2112407,Turiaçu,MA,Nordeste,64.42,46.7,1,0.0445,-17.72
369,1502301,Capitão Poço,PA,Norte,48.98,55.77,0,0.0445,6.79
370,2901502,Anguera,BA,Nordeste,55.95,45.15,1,0.0445,-10.8
371,1705508,Colinas do Tocantins,TO,Norte,55.82,55.79,1,0.0445,-0.03
372,1506203,Salinópolis,PA,Norte,50.44,49.14,1,0.0445,-1.3
373,2920205,Malhada,BA,Nordeste,33.68,32.45,1,0.0446,-1.23
374,1507151,São Domingos do Araguaia,PA,Norte,40.37,51.56,0,0.0447,11.19
375,2915809,Itambé,BA,Nordeste,26.98,29.39,0,0.0448,2.41
376,2901403,Angical,BA,Nordeste,28.44,44.53,0,0.0448,16.09
377,2414407,Touros,RN,Nordeste,38.9,31.91,1,0.0448,-6.99
378,2905305,Cafarnaum,BA,Nordeste,30.37,28.79,1,0.0451,-1.58
379,2930154,Serra do Ramalho,BA,Nordeste,26.65,42.83,0,0.0451,16.18
380,2901809,Antônio Gonçalves,BA,Nordeste,25.32,39.52,0,0.0452,14.2
381,3305208,São Pedro da Aldeia,RJ,Sudeste,55.74,60.17,0,0.0452,4.43
382,3302700,Maricá,RJ,Sudeste,59.97,60.52,0,0.0452,0.55
383,1501501,Benevides,PA,Norte,65.28,63.8,1,0.0454,-1.48
384,1505304,Oriximiná,PA,Norte,30.61,41.32,0,0.0455,10.71
385,2911303,Gentio do Ouro,BA,Nordeste,54.32,50.71,1,0.0455,-3.61
386,3303401,Nova Friburgo,RJ,Sudeste,68.84,67.69,1,0.0456,-1.15
387,1718550,Riachinho,TO,Norte,54.32,28.46,1,0.0456,-25.86
388,2923308,Ouriçangas,BA,Nordeste,50.59,42.62,1,0.0456,-7.97
389,2902658,Banzaê,BA,Nordeste,26.67,46.98,0,0.0457,20.31
390,2909109,Coribe,BA,Nordeste,30.71,52.66,0,0.0457,21.95
391,1502004,Cachoeira do Arari,PA,Norte,35.33,56.72,0,0.0457,21.39
392,2907905,Cipó,BA,Nordeste,31.09,35.07,0,0.0457,3.98
393,2707909,Santa Luzia do Norte,AL,Nordeste,38.52,38.86,0,0.0458,0.34
394,3300308,Barra do Piraí,RJ,Sudeste,48.01,50.89,0,0.0459,2.88
395,3305000,São João da Barra,RJ,Sudeste,58.22,56.73,1,0.046,-1.49
396,2903607,Biritinga,BA,Nordeste,29.82,29.4,1,0.046,-0.42
397,3301850,Guapimirim,RJ,Sudeste,47.75,55.1,0,0.046,7.35
398,2904308,Brejões,BA,Nordeste,47.62,57.86,0,0.0461,10.24
399,2804805,Nossa Senhora do Socorro,SE,Nordeste,29.82,26.93,1,0.0461,-2.89
400,1500107,Abaetetuba,PA,Norte,35.85,46.03,0,0.0462,10.18
401,1505551,Pau D'Arco,PA,Norte,48.91,55.49,0,0.0462,6.58
402,2920908,Mascote,BA,Nordeste,26.73,29.51,0,0.0463,2.78
403,2911857,Heliópolis,BA,Nordeste,36.36,38.42,0,0.0463,2.06
404,1500404,Alenquer,PA,Norte,35.0,43.05,0,0.0464,8.05
405,5000609,Amambai,MS,Centro-Oeste,69.72,48.04,1,0.0465,-21.68
406,1718865,Santa Fé do Araguaia,TO,Norte,31.33,23.48,1,0.0465,-7.85
407,1507102,São Caetano de Odivelas,PA,Norte,69.85,40.26,1,0.0465,-29.59
408,1713205,Miracema do Tocantins,TO,Norte,46.42,47.63,0,0.0466,1.21
409,1707009,Dianópolis,TO,Norte,61.27,56.47,1,0.0466,-4.8
410,1503200,Igarapé-Açu,PA,Norte,45.59,39.7,1,0.0466,-5.89
411,2926004,Remanso,BA,Nordeste,35.26,32.32,1,0.0466,-2.94
412,2919157,Lapão,BA,Nordeste,25.25,32.3,0,0.0468,7.05
413,1716208,Paranã,TO,Norte,68.45,48.28,1,0.0469,-20.17
414,2932457,Umburanas,BA,Nordeste,22.95,28.46,0,0.0469,5.51
415,1718501,Recursolândia,TO,Norte,50.29,8.25,1,0.0469,-42.04
416,2921450,Mirante,BA,Nordeste,46.15,56.77,0,0.0469,10.62
417,2413300,Serra de São Bento,RN,Nordeste,42.09,34.12,1,0.047,-7.97
418,2911402,Glória,BA,Nordeste,23.53,42.59,0,0.0471,19.06
419,1506351,Santa Bárbara do Pará,PA,Norte,46.35,44.15,1,0.0471,-2.2
420,2929057,São Félix do Coribe,BA,Nordeste,36.59,59.05,0,0.0472,22.46
421,3300233,Armação dos Búzios,RJ,Sudeste,68.56,69.27,0,0.0473,0.71
422,2504603,Conde,PB,Nordeste,69.48,65.28,1,0.0474,-4.2
423,2927309,Salinas da Margarida,BA,Nordeste,45.77,53.07,0,0.0474,7.3
424,2933174,Varzedo,BA,Nordeste,40.0,49.91,0,0.0474,9.91
425,2920007,Maiquinique,BA,Nordeste,32.56,36.93,0,0.0475,4.37
426,2607901,Jaboatão dos Guararapes,PE,Nordeste,54.98,61.03,0,0.0476,6.05
427,2907301,Castro Alves,BA,Nordeste,30.54,49.79,0,0.0476,19.25
428,2903300,Barro Preto,BA,Nordeste,24.72,45.64,0,0.0476,20.92
429,2920403,Manoel Vitorino,BA,Nordeste,41.67,45.86,0,0.0478,4.19
430,2905156,Caetanos,BA,Nordeste,46.43,32.08,1,0.0478,-14.35
431,2919900,Macururé,BA,Nordeste,12.5,8.39,1,0.0479,-4.11
432,2908804,Contendas do Sincorá,BA,Nordeste,40.62,31.22,1,0.0481,-9.4
433,3300258,Arraial do Cabo,RJ,Sudeste,58.05,55.35,1,0.0481,-2.7
434,1501758,Brejo Grande do Araguaia,PA,Norte,75.7,64.62,1,0.0482,-11.08
435,3300803,Cachoeiras de Macacu,RJ,Sudeste,49.28,55.43,0,0.0482,6.15
436,2911006,Floresta Azul,BA,Nordeste,41.03,21.74,1,0.0483,-19.29
437,5102603,Campinápolis,MT,Centro-Oeste,44.13,45.19,0,0.0484,1.06
438,2900207,Abaré,BA,Nordeste,18.24,35.44,0,0.0484,17.2
439,2404408,Grossos,RN,Nordeste,67.44,46.65,1,0.0485,-20.79
440,2908101,Cocos,BA,Nordeste,51.69,53.76,0,0.0486,2.07
441,5003702,Dourados,MS,Centro-Oeste,53.18,46.65,1,0.0486,-6.53
442,1502707,Conceição do Araguaia,PA,Norte,50.76,45.08,1,0.0487,-5.68
443,2900603,Aiquara,BA,Nordeste,26.32,36.39,0,0.0488,10.07
444,2916302,Itapebi,BA,Nordeste,23.44,21.57,1,0.0488,-1.87
445,2931053,Tanque Novo,BA,Nordeste,61.8,66.17,0,0.0488,4.37
446,1709500,Gurupi,TO,Norte,54.37,50.17,1,0.0489,-4.2
447,1504307,Maracanã,PA,Norte,47.51,69.99,0,0.0489,22.48
448,1503903,Juruti,PA,Norte,50.25,54.21,0,0.049,3.96
449,1506583,Santa Maria das Barreiras,PA,Norte,42.45,58.01,0,0.049,15.56
450,1508209,Vigia,PA,Norte,37.71,36.87,1,0.0491,-0.84
451,2704708,Marechal Deodoro,AL,Nordeste,46.23,46.8,0,0.0491,0.57
452,2926301,Riachão do Jacuípe,BA,Nordeste,38.37,44.85,0,0.0491,6.48
453,2904407,Brejolândia,BA,Nordeste,40.43,47.23,0,0.0493,6.8
454,1713809,Palmeiras do Tocantins,TO,Norte,49.53,25.06,1,0.0493,-24.47
455,1714880,Nova Olinda,TO,Norte,40.7,32.67,1,0.0494,-8.03
456,2903409,Belmonte,BA,Nordeste,33.93,42.49,0,0.0494,8.56
457,2504009,Campina Grande,PB,Nordeste,48.79,48.39,1,0.0496,-0.4
458,2902807,Barra da Estiva,BA,Nordeste,47.17,52.87,0,0.0496,5.7
459,1504802,Monte Alegre,PA,Norte,46.69,58.27,0,0.0497,11.58
460,1508001,Tomé-Açu,PA,Norte,49.49,53.23,0,0.0497,3.74
461,1702208,Araguatins,TO,Norte,50.5,41.9,1,0.0497,-8.6
462,1507474,São João de Pirabas,PA,Norte,40.76,36.94,1,0.0497,-3.82
463,2607406,Itacuruba,PE,Nordeste,48.57,67.28,0,0.0498,18.71
464,1716307,Pau D'Arco,TO,Norte,37.96,11.05,1,0.0498,-26.91
465,2413201,Senador Georgino Avelino,RN,Nordeste,27.46,31.11,0,0.0498,3.65
466,2911105,Formosa do Rio Preto,BA,Nordeste,28.21,26.73,1,0.0499,-1.48
467,2926509,Ribeira do Amparo,BA,Nordeste,33.95,35.87,0,0.0499,1.92
468,1705607,Conceição do Tocantins,TO,Norte,35.8,34.78,1,0.05,-1.02
469,2922102,Mundo Novo,BA,Nordeste,33.33,33.82,0,0.0501,0.49
470,1508084,Tucumã,PA,Norte,48.54,62.31,0,0.0502,13.77
471,1500958,Aurora do Pará,PA,Norte,55.54,40.81,1,0.0502,-14.73
472,2609600,Olinda,PE,Nordeste,62.29,62.95,0,0.0503,0.66
473,2805000,Pedra Mole,SE,Nordeste,47.76,52.91,0,0.0503,5.15
474,1506559,Santa Luzia do Pará,PA,Norte,39.77,60.36,0,0.0504,20.59
475,5006903,Porto Murtinho,MS,Centro-Oeste,67.46,37.55,1,0.0505,-29.91
476,1718659,Rio da Conceição,TO,Norte,19.61,24.46,0,0.0506,4.85
477,2902203,Aramari,BA,Nordeste,17.95,28.9,0,0.0507,10.95
478,1505106,Óbidos,PA,Norte,53.98,53.94,1,0.0507,-0.04
479,1721208,Tocantinópolis,TO,Norte,35.44,41.22,0,0.0507,5.78
480,2802205,Feira Nova,SE,Nordeste,26.0,36.69,0,0.0508,10.69
481,3301306,Casimiro de Abreu,RJ,Sudeste,58.33,59.09,0,0.0508,0.76
482,3302254,Itatiaia,RJ,Sudeste,67.6,67.45,1,0.0508,-0.15
483,2921906,Mucugê,BA,Nordeste,38.82,47.73,0,0.0509,8.91
484,1500347,Água Azul do Norte,PA,Norte,51.4,34.94,1,0.0509,-16.46
485,2411502,Santo Antônio,RN,Nordeste,35.59,68.69,0,0.0509,33.1
486,2407104,Macaíba,RN,Nordeste,30.44,36.28,0,0.0509,5.84
487,2508604,Lucena,PB,Nordeste,44.96,52.54,0,0.0509,7.58
488,2919959,Maetinga,BA,Nordeste,47.37,64.12,0,0.0512,16.75
489,2400208,Açu,RN,Nordeste,40.37,48.18,0,0.0513,7.81
490,1508407,Xinguara,PA,Norte,49.27,54.82,0,0.0514,5.55
491,1703842,Campos Lindos,TO,Norte,38.52,22.91,1,0.0515,-15.61
492,2911253,Gavião,BA,Nordeste,47.37,63.7,0,0.0515,16.33
493,2602803,Buíque,PE,Nordeste,55.5,57.08,0,0.0515,1.58
494,2901304,Andaraí,BA,Nordeste,47.79,50.48,0,0.0517,2.69
495,2904803,Caatiba,BA,Nordeste,50.0,53.62,0,0.0517,3.62
496,2914208,Irajuba,BA,Nordeste,65.38,46.57,1,0.0517,-18.81
497,3305752,Tanguá,RJ,Sudeste,54.46,59.49,0,0.0517,5.03
498,2616407,Vitória de Santo Antão,PE,Nordeste,50.66,51.59,0,0.0518,0.93
499,1501725,Brasil Novo,PA,Norte,87.6,74.26,1,0.052,-13.34
500,2925600,Presidente Dutra,BA,Nordeste,20.0,28.43,0,0.052,8.43
501,2910008,Dário Meira,BA,Nordeste,41.07,44.31,0,0.052,3.24
502,2900801,Alcobaça,BA,Nordeste,29.6,50.94,0,0.0521,21.34
503,2600500,Águas Belas,PE,Nordeste,59.77,61.28,0,0.0522,1.51
504,2910750,Fátima,BA,Nordeste,49.57,48.48,1,0.0522,-1.09
505,2917201,Ituaçu,BA,Nordeste,43.98,61.25,0,0.0522,17.27
506,2901155,América Dourada,BA,Nordeste,43.23,39.16,1,0.0522,-4.07
507,2603926,Carnaubeira da Penha,PE,Nordeste,100.0,80.0,1,0.0523,-20.0
508,1702406,Arraias,TO,Norte,61.2,41.11,1,0.0523,-20.09
509,2930600,Serrolândia,BA,Nordeste,25.69,39.77,0,0.0524,14.08
510,2931608,Teolândia,BA,Nordeste,44.76,52.65,0,0.0525,7.89
511,1504109,Magalhães Barata,PA,Norte,60.05,58.32,1,0.0526,-1.73
512,2925006,Planalto,BA,Nordeste,24.31,46.35,0,0.0526,22.04
513,2500601,Alhandra,PB,Nordeste,30.75,61.09,0,0.0526,30.34
514,2902906,Barra do Choça,BA,Nordeste,30.6,42.76,0,0.0528,12.16
515,2925709,Presidente Jânio Quadros,BA,Nordeste,31.78,37.48,0,0.053,5.7
516,2933109,Várzea do Poço,BA,Nordeste,43.64,50.5,0,0.053,6.86
517,2413904,Taipu,RN,Nordeste,37.29,43.17,0,0.0531,5.88
518,1705102,Chapada da Natividade,TO,Norte,52.38,54.09,0,0.0532,1.71
519,2603454,Camaragibe,PE,Nordeste,57.57,62.2,0,0.0532,4.63
520,2906907,Caravelas,BA,Nordeste,49.78,47.08,1,0.0533,-2.7
521,2903276,Barrocas,BA,Nordeste,46.15,48.11,0,0.0534,1.96
522,2931004,Tanhaçu,BA,Nordeste,47.42,62.26,0,0.0536,14.84
523,2408953,Rio do Fogo,RN,Nordeste,31.56,21.44,1,0.0536,-10.12
524,2404853,Itajá,RN,Nordeste,40.01,60.78,0,0.0537,20.77
525,1716109,Paraíso do Tocantins,TO,Norte,63.45,63.78,0,0.0537,0.33
526,1717503,Pium,TO,Norte,43.07,29.05,1,0.0537,-14.02
527,2900108,Abaíra,BA,Nordeste,42.42,41.37,1,0.0538,-1.05
528,2802304,Frei Paulo,SE,Nordeste,37.21,26.27,1,0.0538,-10.94
529,2928406,Santa Rita de Cássia,BA,Nordeste,32.05,52.33,0,0.0539,20.28
530,2910404,Encruzilhada,BA,Nordeste,37.25,47.92,0,0.0542,10.67
531,2106359,Marajá do Sena,MA,Nordeste,39.77,80.0,0,0.0543,40.23
532,5004601,Itaquiraí,MS,Centro-Oeste,79.41,74.38,1,0.0543,-5.03
533,2916807,Itarantim,BA,Nordeste,41.07,44.64,0,0.0543,3.57
534,2601706,Belo Jardim,PE,Nordeste,43.93,54.67,0,0.0546,10.74
535,2922656,Nordestina,BA,Nordeste,26.14,38.28,0,0.0546,12.14
536,1702554,Augustinópolis,TO,Norte,59.95,54.94,1,0.0547,-5.01
537,3304300,Rio Bonito,RJ,Sudeste,57.46,59.87,0,0.0548,2.41
538,2401651,Bodó,RN,Nordeste,60.0,67.45,0,0.0548,7.45
539,2111300,São Luís,MA,Nordeste,56.74,52.79,1,0.055,-3.95
540,5003157,Coronel Sapucaia,MS,Centro-Oeste,60.75,79.13,0,0.0551,18.38
541,1717800,Ponte Alta do Bom Jesus,TO,Norte,44.56,15.03,1,0.0551,-29.53
542,2920809,Marcionílio Souza,BA,Nordeste,18.57,28.29,0,0.0552,9.72
543,3302601,Mangaratiba,RJ,Sudeste,40.95,52.84,0,0.0553,11.89
544,3303609,Paracambi,RJ,Sudeste,69.98,66.88,1,0.0553,-3.1
545,2923605,Paramirim,BA,Nordeste,48.94,52.28,0,0.0554,3.34
546,2913408,Igaporã,BA,Nordeste,42.57,60.96,0,0.0554,18.39
547,1501600,Bonito,PA,Norte,32.2,43.59,0,0.0555,11.39
548,3304755,São Francisco de Itabapoana,RJ,Sudeste,47.47,49.36,0,0.0556,1.89
549,1718808,Sampaio,TO,Norte,43.25,49.44,0,0.0557,6.19
550,3306107,Valença,RJ,Sudeste,55.84,61.95,0,0.0557,6.11
551,2928208,Santana,BA,Nordeste,38.7,37.01,1,0.0557,-1.69
552,3301876,Iguaba Grande,RJ,Sudeste,70.32,65.34,1,0.0558,-4.98
553,2922706,Nova Canaã,BA,Nordeste,50.0,36.6,1,0.0559,-13.4
554,2925105,Poções,BA,Nordeste,42.93,49.79,0,0.056,6.86
555,3306206,Vassouras,RJ,Sudeste,60.33,67.8,0,0.056,7.47
556,2706448,Paripueira,AL,Nordeste,35.8,57.82,0,0.0561,22.02
557,2924504,Pindaí,BA,Nordeste,38.33,72.46,0,0.0562,34.13
558,2933158,Várzea Nova,BA,Nordeste,17.95,39.73,0,0.0562,21.78
559,2611101,Petrolina,PE,Nordeste,70.25,68.42,1,0.0564,-1.83
560,2907558,Caturama,BA,Nordeste,50.85,52.31,0,0.0564,1.46
561,1712702,Mateiros,TO,Norte,9.09,34.77,0,0.0565,25.68
562,1720903,Taguatinga,TO,Norte,42.45,44.76,0,0.0565,2.31
563,2612505,Santa Cruz do Capibaribe,PE,Nordeste,55.94,57.31,0,0.0565,1.37
564,2610707,Paulista,PE,Nordeste,54.94,55.98,0,0.0565,1.04
565,2909505,Cravolândia,BA,Nordeste,34.55,61.09,0,0.0566,26.54
566,2919009,Lajedinho,BA,Nordeste,21.21,54.93,0,0.0566,33.72
567,2923209,Oliveira dos Brejinhos,BA,Nordeste,39.29,44.58,0,0.0567,5.29
568,1600600,Santana,AP,Norte,53.14,47.82,1,0.0567,-5.32
569,2930766,Sítio do Quinto,BA,Nordeste,42.47,49.83,0,0.0568,7.36
570,1503507,Irituia,PA,Norte,49.64,50.89,0,0.0569,1.25
571,2929008,São Félix,BA,Nordeste,31.33,39.05,0,0.057,7.72
572,1505403,Ourém,PA,Norte,53.67,53.68,0,0.057,0.01
573,1707405,Esperantina,TO,Norte,47.82,47.0,1,0.057,-0.82
574,1505007,Nova Timboteua,PA,Norte,51.68,55.21,0,0.0571,3.53
575,3300407,Barra Mansa,RJ,Sudeste,63.88,62.64,1,0.0572,-1.24
576,2408003,Mossoró,RN,Nordeste,43.7,44.54,0,0.0572,0.84
577,3303708,Paraíba do Sul,RJ,Sudeste,51.96,54.89,0,0.0572,2.93
578,2906709,Cândido Sales,BA,Nordeste,30.86,44.57,0,0.0573,13.71
579,1717909,Ponte Alta do Tocantins,TO,Norte,30.99,52.89,0,0.0574,21.9
580,2403608,Extremoz,RN,Nordeste,34.18,53.23,0,0.0575,19.05
581,1500131,Abel Figueiredo,PA,Norte,54.88,63.15,0,0.0576,8.27
582,2929701,Sátiro Dias,BA,Nordeste,30.68,22.02,1,0.0576,-8.66
583,2610806,Pedra,PE,Nordeste,54.87,52.41,1,0.0579,-2.46
584,2607703,Itapetim,PE,Nordeste,89.12,67.68,1,0.058,-21.44
585,2603702,Canhotinho,PE,Nordeste,65.49,53.45,1,0.0581,-12.04
586,2923001,Nova Viçosa,BA,Nordeste,37.21,60.29,0,0.0581,23.08
587,2918704,Lafaiete Coutinho,BA,Nordeste,56.52,69.64,0,0.0581,13.12
588,2504801,Coremas,PB,Nordeste,48.71,69.16,0,0.0583,20.45
589,2910305,Elísio Medrado,BA,Nordeste,35.29,37.06,0,0.0584,1.77
590,1505601,Peixe-Boi,PA,Norte,84.31,58.11,1,0.0585,-26.2
591,2903706,Boa Nova,BA,Nordeste,46.51,49.97,0,0.0586,3.46
592,1504950,Nova Esperança do Piriá,PA,Norte,50.02,42.35,1,0.0587,-7.67
593,2700409,Atalaia,AL,Nordeste,44.27,39.32,1,0.0587,-4.95
594,2923050,Novo Triunfo,BA,Nordeste,39.06,28.92,1,0.0587,-10.14
595,2903003,Barra do Mendes,BA,Nordeste,32.43,45.6,0,0.0588,13.17
596,2705408,Monteirópolis,AL,Nordeste,31.11,42.02,0,0.0589,10.91
597,2906402,Candeal,BA,Nordeste,30.77,37.97,0,0.0589,7.2
598,1703883,Carmolândia,TO,Norte,27.47,32.34,0,0.059,4.87
599,2912806,Ibirapuã,BA,Nordeste,37.84,63.71,0,0.059,25.87
600,5108402,Várzea Grande,MT,Centro-Oeste,60.26,53.18,1,0.0591,-7.08
601,1502939,Dom Eliseu,PA,Norte,69.24,62.75,1,0.0592,-6.49
602,2916906,Itiruçu,BA,Nordeste,30.0,39.79,0,0.0592,9.79
603,2807006,São Miguel do Aleixo,SE,Nordeste,46.34,45.06,1,0.0592,-1.28
604,1507458,São Geraldo do Araguaia,PA,Norte,52.06,51.94,1,0.0593,-0.12
605,1505635,Piçarra,PA,Norte,57.18,61.89,0,0.0594,4.71
606,2708600,São Miguel dos Campos,AL,Nordeste,57.17,55.0,1,0.0596,-2.17
607,2920304,Malhada de Pedras,BA,Nordeste,70.27,71.89,0,0.0597,1.62
608,5102702,Canarana,MT,Centro-Oeste,42.06,39.4,1,0.0598,-2.66
609,2602902,Cabo de Santo Agostinho,PE,Nordeste,50.72,59.25,0,0.0598,8.53
610,2926400,Riacho de Santana,BA,Nordeste,52.53,48.17,1,0.0598,-4.36
611,2931806,Tremedal,BA,Nordeste,42.86,54.5,0,0.0599,11.64
612,2901957,Apuarema,BA,Nordeste,43.24,43.58,0,0.06,0.34
613,1715507,Oliveira de Fátima,TO,Norte,31.58,54.93,0,0.0601,23.35
614,1600279,Laranjal do Jari,AP,Norte,39.8,45.64,0,0.0601,5.84
615,1503044,Floresta do Araguaia,PA,Norte,67.37,53.03,1,0.0602,-14.34
616,5006606,Ponta Porã,MS,Centro-Oeste,67.74,61.45,1,0.0603,-6.29
617,2612604,Santa Maria da Boa Vista,PE,Nordeste,64.37,51.17,1,0.0604,-13.2
618,2922805,Nova Itarana,BA,Nordeste,34.65,39.89,0,0.0607,5.24
619,1502772,Curionópolis,PA,Norte,72.88,55.58,1,0.061,-17.3
620,1502954,Eldorado do Carajás,PA,Norte,50.59,57.37,0,0.0611,6.78
621,2933257,Vereda,BA,Nordeste,35.85,69.8,0,0.0611,33.95
622,1700707,Alvorada,TO,Norte,72.02,53.11,1,0.0612,-18.91
623,2801306,Capela,SE,Nordeste,35.78,40.4,0,0.0612,4.62
624,3136702,Juiz de Fora,MG,Sudeste,54.86,49.46,1,0.0613,-5.4
625,1720101,São Bento do Tocantins,TO,Norte,52.93,49.76,1,0.0613,-3.17
626,2510303,Nova Palmeira,PB,Nordeste,76.75,62.84,1,0.0613,-13.91
627,2610004,Palmares,PE,Nordeste,64.85,48.92,1,0.0613,-15.93
628,2707602,Quebrangulo,AL,Nordeste,61.05,61.22,0,0.0614,0.17
629,2922003,Mucuri,BA,Nordeste,47.96,54.16,0,0.0614,6.2
630,3304201,Resende,RJ,Sudeste,72.48,70.45,1,0.0615,-2.03
631,1506104,Primavera,PA,Norte,49.94,54.05,0,0.0615,4.11
632,2707701,Rio Largo,AL,Nordeste,38.78,43.48,0,0.0617,4.7
633,2909604,Crisópolis,BA,Nordeste,43.05,55.2,0,0.0617,12.15
634,1600808,Vitória do Jari,AP,Norte,35.39,35.85,0,0.0618,0.46
635,1600501,Oiapoque,AP,Norte,21.03,33.3,0,0.0619,12.27
636,2914406,Iraquara,BA,Nordeste,44.24,45.26,0,0.0619,1.02
637,1302603,Manaus,AM,Norte,51.37,56.8,0,0.0619,5.43
638,2803906,Malhador,SE,Nordeste,36.75,41.11,0,0.062,4.36
639,5008305,Três Lagoas,MS,Centro-Oeste,82.99,71.48,1,0.062,-11.51
640,2906857,Capela do Alto Alegre,BA,Nordeste,45.45,42.56,1,0.0621,-2.89
641,5107909,Sinop,MT,Centro-Oeste,54.01,60.84,0,0.0622,6.83
642,3305802,Teresópolis,RJ,Sudeste,64.17,63.09,1,0.0622,-1.08
643,2413359,Serra do Mel,RN,Nordeste,27.68,39.61,0,0.0623,11.93
644,1702901,Axixá do Tocantins,TO,Norte,40.2,37.42,1,0.0624,-2.78
645,1600402,Mazagão,AP,Norte,44.22,36.5,1,0.0626,-7.72
646,2932804,Utinga,BA,Nordeste,33.04,40.69,0,0.0626,7.65
647,2412302,São José do Campestre,RN,Nordeste,49.57,25.0,1,0.0627,-24.57
648,2910859,Filadélfia,BA,Nordeste,36.76,25.25,1,0.0627,-11.51
649,2515302,Sapé,PB,Nordeste,39.0,40.74,0,0.0627,1.74
650,2507101,Itapororoca,PB,Nordeste,84.21,73.05,1,0.0628,-11.16
651,5007901,Sidrolândia,MS,Centro-Oeste,39.84,42.85,0,0.0629,3.01
652,2932408,Uibaí,BA,Nordeste,27.71,40.0,0,0.0629,12.29
653,2409803,Pedro Velho,RN,Nordeste,24.05,23.8,1,0.0629,-0.25
654,2915007,Itaeté,BA,Nordeste,45.45,47.43,0,0.063,1.98
655,1507755,Sapucaia,PA,Norte,71.84,79.9,0,0.063,8.06
656,2904050,Bonito,BA,Nordeste,34.0,46.43,0,0.063,12.43
657,1714203,Natividade,TO,Norte,43.89,35.38,1,0.0631,-8.51
658,2211001,Teresina,PI,Nordeste,57.56,53.41,1,0.0631,-4.15
659,2923902,Pau Brasil,BA,Nordeste,32.84,50.35,0,0.0632,17.51
660,3303005,Miracema,RJ,Sudeste,69.51,69.57,0,0.0632,0.06
661,2406908,Lucrécia,RN,Nordeste,42.86,7.94,1,0.0632,-34.92
662,2105476,Jenipapo dos Vieiras,MA,Nordeste,69.39,52.45,1,0.0633,-16.94
663,2919058,Lajedo do Tabocal,BA,Nordeste,43.1,59.2,0,0.0633,16.1
664,2501500,Bananeiras,PB,Nordeste,54.93,55.82,0,0.0634,0.89
665,2408201,Nísia Floresta,RN,Nordeste,49.02,39.14,1,0.0634,-9.88
666,3170206,Uberlândia,MG,Sudeste,64.57,55.71,1,0.0634,-8.86
667,2505303,Curral Velho,PB,Nordeste,62.5,44.57,1,0.0635,-17.93
668,2513901,São Bento,PB,Nordeste,46.87,48.44,0,0.0636,1.57
669,1709302,Guaraí,TO,Norte,48.16,42.74,1,0.0637,-5.42
670,1502855,Curuá,PA,Norte,42.47,44.07,0,0.0638,1.6
671,2508307,Lagoa Seca,PB,Nordeste,46.71,68.72,0,0.0639,22.01
672,2410900,Riachuelo,RN,Nordeste,25.65,47.19,0,0.0639,21.54
673,2927903,Santa Inês,BA,Nordeste,47.31,52.67,0,0.0641,5.36
674,2915601,Itamaraju,BA,Nordeste,37.41,49.84,0,0.0642,12.43
675,2604205,Catende,PE,Nordeste,21.83,50.3,0,0.0642,28.47
676,2605905,Gameleira,PE,Nordeste,77.37,62.1,1,0.0642,-15.27
677,5004809,Japorã,MS,Centro-Oeste,44.21,18.91,1,0.0642,-25.3
678,1507706,São Sebastião da Boa Vista,PA,Norte,47.41,53.3,0,0.0643,5.89
679,2803401,Japoatã,SE,Nordeste,39.3,33.27,1,0.0645,-6.03
680,2606408,Gravatá,PE,Nordeste,43.1,48.26,0,0.0645,5.16
681,2615805,Tupanatinga,PE,Nordeste,68.38,70.41,0,0.0646,2.03
682,2501609,Barra de Santa Rosa,PB,Nordeste,45.83,60.31,0,0.0646,14.48
683,2927804,Santa Cruz da Vitória,BA,Nordeste,37.04,50.76,0,0.0647,13.72
684,1600238,Ferreira Gomes,AP,Norte,72.09,74.45,0,0.0649,2.36
685,5001243,Aral Moreira,MS,Centro-Oeste,73.43,74.85,0,0.065,1.42
686,2804508,Nossa Senhora da Glória,SE,Nordeste,37.56,36.66,1,0.0651,-0.9
687,2807402,Tobias Barreto,SE,Nordeste,46.26,47.95,0,0.0652,1.69
688,2911659,Guajeru,BA,Nordeste,36.78,36.33,1,0.0653,-0.45
689,1711506,Jaú do Tocantins,TO,Norte,62.32,64.21,0,0.0653,1.89
690,2604601,Condado,PE,Nordeste,43.24,51.14,0,0.0654,7.9
691,3301157,Cardoso Moreira,RJ,Sudeste,34.97,38.93,0,0.0654,3.96
692,2403756,Fernando Pedroza,RN,Nordeste,62.51,39.77,1,0.0654,-22.74
693,2929750,Saubara,BA,Nordeste,52.63,49.07,1,0.0655,-3.56
694,2402204,Canguaretama,RN,Nordeste,32.26,44.21,0,0.0655,11.95
695,2601201,Arcoverde,PE,Nordeste,70.04,62.92,1,0.0656,-7.12
696,3304003,Piraí,RJ,Sudeste,60.43,62.31,0,0.0656,1.88
697,1706258,Crixás do Tocantins,TO,Norte,82.61,36.17,1,0.0656,-46.44
698,2902500,Baianópolis,BA,Nordeste,35.92,46.14,0,0.0658,10.22
699,2911907,Iaçu,BA,Nordeste,28.52,30.13,0,0.0659,1.61
700,2407203,Macau,RN,Nordeste,32.43,34.46,0,0.0659,2.03
701,2929255,São Gabriel,BA,Nordeste,33.54,40.09,0,0.066,6.55
702,2903235,Barro Alto,BA,Nordeste,29.75,31.51,0,0.066,1.76
703,2100105,Afonso Cunha,MA,Nordeste,93.1,73.36,1,0.066,-19.74
704,2502409,Bonito de Santa Fé,PB,Nordeste,60.93,47.04,1,0.066,-13.89
705,2909000,Cordeiros,BA,Nordeste,52.46,71.03,0,0.0661,18.57
706,2606002,Garanhuns,PE,Nordeste,69.75,56.86,1,0.0661,-12.89
707,2606200,Goiana,PE,Nordeste,45.89,57.59,0,0.0662,11.7
708,2903805,Boa Vista do Tupim,BA,Nordeste,32.14,40.29,0,0.0663,8.15
709,2922201,Muniz Ferreira,BA,Nordeste,41.27,51.44,0,0.0664,10.17
710,1501576,Bom Jesus do Tocantins,PA,Norte,51.82,61.74,0,0.0664,9.92
711,2409704,Pedro Avelino,RN,Nordeste,34.73,26.54,1,0.0665,-8.19
712,3302908,Miguel Pereira,RJ,Sudeste,70.49,61.15,1,0.0665,-9.34
713,2928950,São Domingos,BA,Nordeste,52.94,32.49,1,0.0668,-20.45
714,2930808,Souto Soares,BA,Nordeste,31.82,32.71,0,0.0669,0.89
715,3304151,Quissamã,RJ,Sudeste,70.11,68.46,1,0.0669,-1.65
716,2913101,Ibititá,BA,Nordeste,28.0,33.31,0,0.0669,5.31
717,1702307,Arapoema,TO,Norte,68.32,43.86,1,0.067,-24.46
718,1701002,Ananás,TO,Norte,46.69,46.22,1,0.0671,-0.47
719,2904100,Boquira,BA,Nordeste,32.0,45.8,0,0.0671,13.8
720,2600054,Abreu e Lima,PE,Nordeste,46.4,52.75,0,0.0672,6.35
721,2606804,Igarassu,PE,Nordeste,66.97,65.47,1,0.0672,-1.5
722,2925931,Quixabeira,BA,Nordeste,75.47,45.13,1,0.0675,-30.34
723,1716604,Peixe,TO,Norte,42.93,51.92,0,0.0675,8.99
724,5006309,Paranaíba,MS,Centro-Oeste,55.2,37.71,1,0.0676,-17.49
725,1715705,Palmeirante,TO,Norte,31.27,14.38,1,0.0676,-16.89
726,1718907,Santa Rosa do Tocantins,TO,Norte,36.92,27.99,1,0.0677,-8.93
727,1507904,Soure,PA,Norte,52.41,65.61,0,0.0677,13.2
728,2600708,Aliança,PE,Nordeste,39.22,59.27,0,0.0677,20.05
729,2805406,Poço Redondo,SE,Nordeste,26.61,23.75,1,0.0678,-2.86
730,5107925,Sorriso,MT,Centro-Oeste,81.05,79.21,1,0.0678,-1.84
731,1702000,Araguaçu,TO,Norte,40.54,50.21,0,0.0678,9.67
732,2905008,Caculé,BA,Nordeste,47.96,56.48,0,0.0678,8.52
733,2917359,Jaborandi,BA,Nordeste,43.16,47.06,0,0.0679,3.9
734,2902609,Baixa Grande,BA,Nordeste,36.78,42.94,0,0.068,6.16
735,2700300,Arapiraca,AL,Nordeste,43.75,45.77,0,0.0682,2.02
736,2512507,Queimadas,PB,Nordeste,92.65,80.0,1,0.0682,-12.65
737,2600401,Água Preta,PE,Nordeste,55.57,64.26,0,0.0685,8.69
738,3303807,Paraty,RJ,Sudeste,48.89,55.55,0,0.0685,6.66
739,2706901,Pilar,AL,Nordeste,45.81,44.11,1,0.0686,-1.7
740,2406502,Lagoa Nova,RN,Nordeste,35.61,41.52,0,0.0686,5.91
741,2516003,Solânea,PB,Nordeste,45.73,78.77,0,0.0687,33.04
742,1502608,Colares,PA,Norte,37.22,58.64,0,0.0688,21.42
743,1720002,Santa Terezinha do Tocantins,TO,Norte,57.14,60.03,0,0.0689,2.89
744,2400802,Angicos,RN,Nordeste,55.14,26.39,1,0.0689,-28.75
745,2930303,Serra Dourada,BA,Nordeste,33.09,36.13,0,0.0691,3.04
746,1302801,Maraã,AM,Norte,52.0,28.09,1,0.0691,-23.91
747,3300506,Bom Jardim,RJ,Sudeste,66.67,55.3,1,0.0692,-11.37
748,2921609,Morpará,BA,Nordeste,28.89,38.78,0,0.0692,9.89
749,5007208,Rio Brilhante,MS,Centro-Oeste,52.67,46.43,1,0.0693,-6.24
750,2922052,Mulungu do Morro,BA,Nordeste,28.83,29.66,0,0.0696,0.83
751,2609907,Ouricuri,PE,Nordeste,30.78,42.82,0,0.0696,12.04
752,2906105,Canápolis,BA,Nordeste,29.55,43.85,0,0.0697,14.3
753,2503209,Cabedelo,PB,Nordeste,57.38,54.02,1,0.0697,-3.36
754,2401404,Baía Formosa,RN,Nordeste,35.36,33.22,1,0.0697,-2.14
755,2607000,Inajá,PE,Nordeste,79.7,58.6,1,0.0699,-21.1
756,3305604,Silva Jardim,RJ,Sudeste,57.35,59.47,0,0.0699,2.12
757,2702900,Girau do Ponciano,AL,Nordeste,39.96,42.43,0,0.07,2.47
758,1600709,Tartarugalzinho,AP,Norte,90.52,39.04,1,0.0701,-51.48
759,2906600,Candiba,BA,Nordeste,41.67,52.13,0,0.0701,10.46
760,2613107,São Caitano,PE,Nordeste,53.17,50.74,1,0.0701,-2.43
761,2912509,Ibipitanga,BA,Nordeste,46.81,49.93,0,0.0702,3.12
762,5208707,Goiânia,GO,Centro-Oeste,69.49,68.74,1,0.0702,-0.75
763,1506401,Santa Cruz do Arari,PA,Norte,52.31,54.82,0,0.0702,2.51
764,2511905,Pitimbu,PB,Nordeste,51.59,76.57,0,0.0702,24.98
765,2903102,Barra do Rocha,BA,Nordeste,39.62,44.61,0,0.0703,4.99
766,2926103,Retirolândia,BA,Nordeste,23.58,25.46,0,0.0703,1.88
767,2512903,Rio Tinto,PB,Nordeste,46.3,78.16,0,0.0703,31.86
768,2400505,Alexandria,RN,Nordeste,58.98,24.68,1,0.0703,-34.3
769,2912400,Ibipeba,BA,Nordeste,36.88,36.9,0,0.0703,0.02
770,2411403,Santana do Matos,RN,Nordeste,59.53,28.87,1,0.0704,-30.66
771,1718303,Praia Norte,TO,Norte,38.49,25.02,1,0.0705,-13.47
772,2804003,Maruim,SE,Nordeste,31.19,28.54,1,0.0706,-2.65
773,1713304,Miranorte,TO,Norte,63.01,57.09,1,0.0708,-5.92
774,1506195,Rurópolis,PA,Norte,54.76,61.62,0,0.0709,6.86
775,2601003,Angelim,PE,Nordeste,62.41,65.01,0,0.0709,2.6
776,2925956,Rafael Jambeiro,BA,Nordeste,33.53,53.58,0,0.0711,20.05
777,2506103,Fagundes,PB,Nordeste,41.67,63.9,0,0.0711,22.23
778,2404309,Governador Dix-Sept Rosado,RN,Nordeste,50.54,61.52,0,0.0714,10.98
779,2503506,Cacimba de Dentro,PB,Nordeste,63.3,79.56,0,0.0715,16.26
780,2601409,Barreiros,PE,Nordeste,53.05,64.79,0,0.0715,11.74
781,2933000,Valente,BA,Nordeste,37.25,39.21,0,0.0716,1.96
782,2806701,São Cristóvão,SE,Nordeste,67.6,59.87,1,0.0719,-7.73
783,2614857,Tamandaré,PE,Nordeste,57.18,50.56,1,0.072,-6.62
784,1722107,Xambioá,TO,Norte,42.82,29.18,1,0.072,-13.64
785,1703305,Bom Jesus do Tocantins,TO,Norte,28.56,33.34,0,0.0721,4.78
786,2516904,Uiraúna,PB,Nordeste,45.07,80.0,0,0.0721,34.93
787,5001102,Aquidauana,MS,Centro-Oeste,58.42,71.59,0,0.0723,13.17
788,2805703,Propriá,SE,Nordeste,34.13,26.71,1,0.0725,-7.42
789,2613701,São Lourenço da Mata,PE,Nordeste,53.32,49.84,1,0.0725,-3.48
790,2605301,Exu,PE,Nordeste,55.21,60.53,0,0.0726,5.32
791,3301603,Duas Barras,RJ,Sudeste,65.4,61.52,1,0.0726,-3.88
792,2705705,Olho d'Água das Flores,AL,Nordeste,45.46,46.38,0,0.0727,0.92
793,2404002,Frutuoso Gomes,RN,Nordeste,53.24,27.09,1,0.0728,-26.15
794,2610905,Pesqueira,PE,Nordeste,64.38,63.02,1,0.0728,-1.36
795,5107040,Primavera do Leste,MT,Centro-Oeste,57.79,54.21,1,0.0729,-3.58
796,2507606,Juarez Távora,PB,Nordeste,35.79,36.0,0,0.073,0.21
797,2508901,Mamanguape,PB,Nordeste,68.65,51.66,1,0.073,-16.99
798,2913002,Ibitiara,BA,Nordeste,37.36,65.11,0,0.0731,27.75
799,5005251,Laguna Carapã,MS,Centro-Oeste,77.47,80.0,0,0.0733,2.53
800,2406403,Lagoa de Velhos,RN,Nordeste,29.67,47.75,0,0.0734,18.08
801,2601102,Araripina,PE,Nordeste,52.06,60.73,0,0.0734,8.67
802,2606101,Glória do Goitá,PE,Nordeste,66.22,72.07,0,0.0735,5.85
803,4209102,Joinville,SC,Sul,68.58,68.23,1,0.0736,-0.35
804,1718840,Sandolândia,TO,Norte,53.5,51.26,1,0.0737,-2.24
805,2917409,Jacaraci,BA,Nordeste,56.86,66.43,0,0.0737,9.57
806,2605707,Floresta,PE,Nordeste,51.67,40.31,1,0.0738,-11.36
807,2514206,São José da Lagoa Tapada,PB,Nordeste,59.52,80.0,0,0.0738,20.48
808,2918357,João Dourado,BA,Nordeste,53.15,41.43,1,0.0738,-11.72
809,2515104,São Sebastião de Lagoa de Roça,PB,Nordeste,57.17,66.95,0,0.0739,9.78
810,2708907,Satuba,AL,Nordeste,55.11,48.85,1,0.0739,-6.26
811,1720804,Sítio Novo do Tocantins,TO,Norte,50.64,45.85,1,0.0742,-4.79
812,1712009,Lajeado,TO,Norte,38.15,46.67,0,0.0743,8.52
813,2607604,Ilha de Itamaracá,PE,Nordeste,50.6,57.61,0,0.0743,7.01
814,3303955,Pinheiral,RJ,Sudeste,63.28,56.08,1,0.0745,-7.2
815,1712801,Maurilândia do Tocantins,TO,Norte,20.67,26.36,0,0.0745,5.69
816,2500908,Arara,PB,Nordeste,52.9,42.08,1,0.0745,-10.82
817,2504900,Cruz do Espírito Santo,PB,Nordeste,47.63,60.34,0,0.0746,12.71
818,2506806,Ingá,PB,Nordeste,47.24,61.08,0,0.0746,13.84
819,1700400,Almas,TO,Norte,48.18,22.65,1,0.075,-25.53
820,1720309,São Sebastião do Tocantins,TO,Norte,58.96,33.77,1,0.075,-25.19
821,2904001,Boninal,BA,Nordeste,48.96,50.69,0,0.075,1.73
822,2701001,Boca da Mata,AL,Nordeste,88.19,74.59,1,0.075,-13.6
823,2611903,Rio Formoso,PE,Nordeste,90.91,80.0,1,0.075,-10.91
824,2409209,Passagem,RN,Nordeste,50.69,52.73,0,0.0751,2.04
825,2502508,Boqueirão,PB,Nordeste,37.65,44.48,0,0.0751,6.83
826,2405801,João Câmara,RN,Nordeste,35.88,29.74,1,0.0752,-6.14
827,5007695,São Gabriel do Oeste,MS,Centro-Oeste,62.23,56.9,1,0.0755,-5.33
828,2408300,Nova Cruz,RN,Nordeste,27.74,37.61,0,0.0756,9.87
829,1716703,Colméia,TO,Norte,60.62,53.62,1,0.0756,-7.0
830,2931301,Tapiramutá,BA,Nordeste,41.82,39.97,1,0.0756,-1.85
831,2614105,Sertânia,PE,Nordeste,56.65,62.6,0,0.0757,5.95
832,1720499,São Valério,TO,Norte,46.24,67.92,0,0.0757,21.68
833,1706100,Cristalândia,TO,Norte,61.42,52.25,1,0.0758,-9.17
834,1703008,Babaçulândia,TO,Norte,19.17,27.6,0,0.0759,8.43
835,2807105,Simão Dias,SE,Nordeste,35.97,40.09,0,0.076,4.12
836,2921807,Mortugaba,BA,Nordeste,60.0,70.74,0,0.0761,10.74
837,1712405,Lizarda,TO,Norte,19.44,48.57,0,0.0762,29.13
838,2207702,Parnaíba,PI,Nordeste,38.42,38.04,1,0.0763,-0.38
839,1719004,Santa Tereza do Tocantins,TO,Norte,24.65,53.31,0,0.0764,28.66
840,1302108,Japurá,AM,Norte,90.51,77.7,1,0.0764,-12.81
841,1302306,Jutaí,AM,Norte,36.92,43.26,0,0.0764,6.34
842,3300902,Cambuci,RJ,Sudeste,64.38,70.76,0,0.0765,6.38
843,2608008,Jataúba,PE,Nordeste,37.15,56.54,0,0.0765,19.39
844,3304805,São Fidélis,RJ,Sudeste,48.7,46.08,1,0.0765,-2.62
845,2500809,Araçagi,PB,Nordeste,47.88,66.65,0,0.0766,18.77
846,2614204,Sirinhaém,PE,Nordeste,74.49,63.56,1,0.0767,-10.93
847,2607950,Jaqueira,PE,Nordeste,81.67,61.36,1,0.0767,-20.31
848,2601607,Belém do São Francisco,PE,Nordeste,62.62,56.25,1,0.0767,-6.37
849,2403905,Francisco Dantas,RN,Nordeste,78.95,50.65,1,0.0769,-28.3
850,2704104,Lagoa da Canoa,AL,Nordeste,44.19,51.14,0,0.077,6.95
851,2503704,Cajazeiras,PB,Nordeste,54.07,56.36,0,0.077,2.29
852,1100106,Guajará-Mirim,RO,Norte,45.65,47.82,0,0.077,2.17
853,3302809,Mendes,RJ,Sudeste,56.89,61.95,0,0.0771,5.06
854,2509305,Mataraca,PB,Nordeste,50.43,80.0,0,0.0772,29.57
855,2601904,Bezerros,PE,Nordeste,56.84,56.18,1,0.0773,-0.66
856,3118601,Contagem,MG,Sudeste,70.1,58.08,1,0.0773,-12.02
857,2504033,Capim,PB,Nordeste,60.4,60.01,1,0.0773,-0.39
858,1508357,Vitória do Xingu,PA,Norte,70.18,63.83,1,0.0773,-6.35
859,2500700,São João do Rio do Peixe,PB,Nordeste,72.85,48.11,1,0.0775,-24.74
860,2702504,Dois Riachos,AL,Nordeste,64.23,51.92,1,0.0775,-12.31
861,2911501,Gongogi,BA,Nordeste,50.0,34.92,1,0.0776,-15.08
862,2912301,Ibicuí,BA,Nordeste,50.0,62.43,0,0.0777,12.43
863,2918605,Jussiape,BA,Nordeste,33.33,39.08,0,0.0779,5.75
864,2606606,Ibimirim,PE,Nordeste,63.13,55.58,1,0.0779,-7.55
865,2600807,Altinho,PE,Nordeste,68.08,61.99,1,0.0779,-6.09
866,2910776,Feira da Mata,BA,Nordeste,45.45,59.76,0,0.0779,14.31
867,1715101,Novo Acordo,TO,Norte,36.09,45.59,0,0.078,9.5
868,2412906,São Tomé,RN,Nordeste,49.16,27.18,1,0.078,-21.98
869,1714302,Nazaré,TO,Norte,34.23,51.46,0,0.0781,17.23
870,5003207,Corumbá,MS,Centro-Oeste,38.3,47.61,0,0.0782,9.31
871,2705101,Matriz de Camaragibe,AL,Nordeste,48.77,41.99,1,0.0783,-6.78
872,2512705,Remígio,PB,Nordeste,49.27,62.28,0,0.0784,13.01
873,2616100,Verdejante,PE,Nordeste,68.84,57.8,1,0.0785,-11.04
874,2506301,Guarabira,PB,Nordeste,59.62,42.78,1,0.0788,-16.84
875,2924306,Piatã,BA,Nordeste,45.33,48.21,0,0.0788,2.88
876,2406601,Lagoa Salgada,RN,Nordeste,63.42,30.02,1,0.079,-33.4
877,2506004,Esperança,PB,Nordeste,64.21,64.55,0,0.0791,0.34
878,2609303,Mirandiba,PE,Nordeste,57.83,42.17,1,0.0794,-15.66
879,2700102,Água Branca,AL,Nordeste,48.8,52.49,0,0.0794,3.69
880,2603801,Capoeiras,PE,Nordeste,69.34,55.74,1,0.0795,-13.6
881,2414001,Tangará,RN,Nordeste,39.88,48.84,0,0.0796,8.96
882,2602209,Bom Jardim,PE,Nordeste,69.15,64.09,1,0.0797,-5.06
883,2207793,Pau D'Arco do Piauí,PI,Nordeste,51.85,80.0,0,0.0797,28.15
884,2924900,Planaltino,BA,Nordeste,42.86,58.12,0,0.0797,15.26
885,2509156,Marizópolis,PB,Nordeste,98.16,80.0,1,0.0798,-18.16
886,2706505,Passo de Camaragibe,AL,Nordeste,32.59,48.06,0,0.0799,15.47
887,2112456,Turilândia,MA,Nordeste,49.69,60.34,0,0.0801,10.65
888,2405207,Janduís,RN,Nordeste,37.23,30.69,1,0.0801,-6.54
889,2401859,Caiçara do Norte,RN,Nordeste,26.47,38.23,0,0.0801,11.76
890,2804458,Nossa Senhora Aparecida,SE,Nordeste,59.01,44.57,1,0.0802,-14.44
891,2503308,Cachoeira dos Índios,PB,Nordeste,52.23,48.08,1,0.0802,-4.15
892,2504405,Conceição,PB,Nordeste,92.5,78.15,1,0.0802,-14.35
893,2407609,Messias Targino,RN,Nordeste,26.32,23.97,1,0.0803,-2.35
894,2805901,Riachuelo,SE,Nordeste,31.48,17.27,1,0.0803,-14.21
895,2919306,Lençóis,BA,Nordeste,37.66,42.83,0,0.0804,5.17
896,2503001,Caaporã,PB,Nordeste,29.81,44.29,0,0.0804,14.48
897,1304260,Uarini,AM,Norte,18.08,19.75,0,0.0806,1.67
898,2407005,Luís Gomes,RN,Nordeste,38.98,33.44,1,0.0806,-5.54
899,1703891,Carrasco Bonito,TO,Norte,23.86,40.93,0,0.0806,17.07
900,1704105,Centenário,TO,Norte,66.67,30.54,1,0.0807,-36.13
901,2602605,Brejo da Madre de Deus,PE,Nordeste,48.73,57.44,0,0.0809,8.71
902,3301801,Engenheiro Paulo de Frontin,RJ,Sudeste,55.56,65.8,0,0.081,10.24
903,2918902,Lajedão,BA,Nordeste,48.28,61.97,0,0.0811,13.69
904,2801207,Canindé de São Francisco,SE,Nordeste,26.66,29.89,0,0.0812,3.23
905,2613909,Serra Talhada,PE,Nordeste,77.92,76.71,1,0.0814,-1.21
906,1700251,Abreulândia,TO,Norte,75.0,65.03,1,0.0815,-9.97
907,2600104,Afogados da Ingazeira,PE,Nordeste,70.19,68.77,1,0.0815,-1.42
908,2919405,Licínio de Almeida,BA,Nordeste,65.48,75.76,0,0.0816,10.28
909,2412500,São Miguel,RN,Nordeste,44.85,46.13,0,0.0816,1.28
910,2407708,Montanhas,RN,Nordeste,44.2,62.22,0,0.0818,18.02
911,3157336,Santa Cruz de Minas,MG,Sudeste,43.82,66.51,0,0.0819,22.69
912,2410256,Porto do Mangue,RN,Nordeste,42.47,61.94,0,0.0819,19.47
913,2411205,Santa Cruz,RN,Nordeste,34.65,28.5,1,0.0822,-6.15
914,2705804,Olho d'Água do Casado,AL,Nordeste,36.22,41.05,0,0.0824,4.83
915,2602001,Bodocó,PE,Nordeste,47.32,50.85,0,0.0824,3.53
916,2604007,Carpina,PE,Nordeste,59.18,67.68,0,0.0825,8.5
917,2607208,Ipojuca,PE,Nordeste,64.15,70.24,0,0.0827,6.09
918,3302205,Itaperuna,RJ,Sudeste,65.26,70.46,0,0.0827,5.2
919,1701903,Araguacema,TO,Norte,49.27,45.04,1,0.0828,-4.23
920,1507508,São João do Araguaia,PA,Norte,35.42,40.49,0,0.0829,5.07
921,2500536,Alcantil,PB,Nordeste,45.86,48.58,0,0.0829,2.72
922,2602100,Bom Conselho,PE,Nordeste,60.74,63.29,0,0.083,2.55
923,1720655,Silvanópolis,TO,Norte,37.39,41.52,0,0.0832,4.13
924,2615409,Toritama,PE,Nordeste,63.95,55.11,1,0.0832,-8.84
925,2930006,Sebastião Laranjeiras,BA,Nordeste,42.37,62.51,0,0.0832,20.14
926,5107602,Rondonópolis,MT,Centro-Oeste,60.49,57.26,1,0.0834,-3.23
927,2605202,Escada,PE,Nordeste,30.48,58.74,0,0.0835,28.26
928,2804201,Monte Alegre de Sergipe,SE,Nordeste,35.07,31.99,1,0.0837,-3.08
929,2803500,Lagarto,SE,Nordeste,37.5,42.31,0,0.0837,4.81
930,2500403,Alagoa Nova,PB,Nordeste,89.39,45.33,1,0.0837,-44.06
931,2401503,Barcelona,RN,Nordeste,74.35,59.37,1,0.0837,-14.98
932,1707207,Dois Irmãos do Tocantins,TO,Norte,52.81,53.8,0,0.0837,0.99
933,1300029,Alvarães,AM,Norte,60.89,46.19,1,0.0837,-14.7
934,1701101,Aparecida do Rio Negro,TO,Norte,35.78,37.16,0,0.0838,1.38
935,1701309,Aragominas,TO,Norte,52.57,31.83,1,0.084,-20.74
936,2919702,Macarani,BA,Nordeste,44.74,54.13,0,0.0842,9.39
937,2705903,Olho d'Água Grande,AL,Nordeste,82.14,80.0,1,0.0843,-2.14
938,2701357,Campestre,AL,Nordeste,62.12,47.36,1,0.0843,-14.76
939,2614808,Tacaratu,PE,Nordeste,73.8,60.02,1,0.0843,-13.78
940,2704203,Limoeiro de Anadia,AL,Nordeste,44.61,49.3,0,0.0843,4.69
941,2405108,Jandaíra,RN,Nordeste,28.23,37.5,0,0.0844,9.27
942,3170107,Uberaba,MG,Sudeste,60.98,51.32,1,0.0845,-9.66
943,1703073,Barra do Ouro,TO,Norte,18.26,18.0,1,0.0847,-0.26
944,2708501,São Luís do Quitunde,AL,Nordeste,53.64,45.9,1,0.0847,-7.74
945,2804904,Pacatuba,SE,Nordeste,28.56,23.74,1,0.0847,-4.82
946,2931400,Teodoro Sampaio,BA,Nordeste,30.56,47.18,0,0.0847,16.62
947,2709301,União dos Palmares,AL,Nordeste,94.75,80.0,1,0.0848,-14.75
948,1506302,Salvaterra,PA,Norte,49.47,56.58,0,0.0849,7.11
949,2101608,Barra do Corda,MA,Nordeste,64.05,67.82,0,0.0849,3.77
950,2911600,Governador Mangabeira,BA,Nordeste,29.08,43.51,0,0.0849,14.43
951,2513968,São Domingos,PB,Nordeste,54.55,80.0,0,0.0849,25.45
952,2610608,Paudalho,PE,Nordeste,66.03,65.79,1,0.085,-0.24
953,1707108,Divinópolis do Tocantins,TO,Norte,60.78,45.46,1,0.0851,-15.32
954,2106904,Monção,MA,Nordeste,36.19,56.61,0,0.0853,20.42
955,1716505,Pedro Afonso,TO,Norte,56.7,57.52,0,0.0854,0.82
956,2801504,Carmópolis,SE,Nordeste,16.16,32.07,0,0.0854,15.91
957,2903508,Belo Campo,BA,Nordeste,33.06,52.89,0,0.0854,19.83
958,3304102,Porciúncula,RJ,Sudeste,52.38,42.11,1,0.0855,-10.27
959,3300936,Carapebus,RJ,Sudeste,59.54,55.79,1,0.0857,-3.75
960,2801900,Cumbe,SE,Nordeste,54.53,49.89,1,0.0858,-4.64
961,1506161,Rio Maria,PA,Norte,56.31,47.85,1,0.0858,-8.46
962,5005608,Miranda,MS,Centro-Oeste,38.78,33.82,1,0.0859,-4.96
963,3304409,Rio Claro,RJ,Sudeste,65.54,67.93,0,0.0859,2.39
964,2607802,Itaquitinga,PE,Nordeste,57.35,53.48,1,0.0861,-3.87
965,2402501,Carnaubais,RN,Nordeste,48.37,34.58,1,0.0863,-13.79
966,2601805,Betânia,PE,Nordeste,76.97,71.97,1,0.0863,-5.0
967,1718402,Presidente Kennedy,TO,Norte,57.83,71.14,0,0.0863,13.31
968,2613206,São João,PE,Nordeste,54.47,63.98,0,0.0864,9.51
969,2403400,Equador,RN,Nordeste,59.19,27.64,1,0.0864,-31.55
970,3106705,Betim,MG,Sudeste,66.97,58.25,1,0.0865,-8.72
971,2707503,Porto Real do Colégio,AL,Nordeste,82.07,69.69,1,0.0866,-12.38
972,1505700,Ponta de Pedras,PA,Norte,58.0,45.11,1,0.0867,-12.89
973,1506112,Quatipuru,PA,Norte,47.3,53.99,0,0.0868,6.69
974,2802007,Divina Pastora,SE,Nordeste,19.53,45.68,0,0.0868,26.15
975,3302056,Italva,RJ,Sudeste,61.79,58.72,1,0.087,-3.07
976,5102504,Cáceres,MT,Centro-Oeste,51.27,52.83,0,0.0871,1.56
977,2926707,Rio de Contas,BA,Nordeste,55.74,55.31,1,0.0873,-0.43
978,2400901,Antônio Martins,RN,Nordeste,51.06,32.45,1,0.0873,-18.61
979,2926905,Rio do Pires,BA,Nordeste,15.62,43.13,0,0.0873,27.51
980,5004700,Ivinhema,MS,Centro-Oeste,68.78,64.82,1,0.0873,-3.96
981,2509396,Maturéia,PB,Nordeste,60.76,55.48,1,0.0875,-5.28
982,2920452,Mansidão,BA,Nordeste,37.29,37.76,0,0.0876,0.47
983,2605004,Cupira,PE,Nordeste,88.96,78.27,1,0.0877,-10.69
984,2511202,Pedras de Fogo,PB,Nordeste,48.58,43.85,1,0.0877,-4.73
985,2803005,Itabaianinha,SE,Nordeste,58.61,62.52,0,0.0879,3.91
986,2924702,Piripá,BA,Nordeste,56.47,66.84,0,0.0879,10.37
987,2615607,Trindade,PE,Nordeste,69.13,63.05,1,0.0879,-6.08
988,2609402,Moreno,PE,Nordeste,43.93,57.79,0,0.0879,13.86
989,5005707,Naviraí,MS,Centro-Oeste,59.87,63.53,0,0.0879,3.66
990,2401008,Apodi,RN,Nordeste,45.18,43.46,1,0.088,-1.72
991,2608701,Lagoa dos Gatos,PE,Nordeste,86.35,72.37,1,0.088,-13.98
992,5001003,Aparecida do Taboado,MS,Centro-Oeste,57.5,56.16,1,0.088,-1.34
993,3305158,São José do Vale do Rio Preto,RJ,Sudeste,76.78,72.76,1,0.088,-4.02
994,1303809,São Gabriel da Cachoeira,AM,Norte,41.25,43.12,0,0.0882,1.87
995,2601052,Araçoiaba,PE,Nordeste,53.49,51.26,1,0.0882,-2.23
996,4106902,Curitiba,PR,Sul,65.96,71.93,0,0.0883,5.97
997,3303856,Paty do Alferes,RJ,Sudeste,75.96,68.68,1,0.0884,-7.28
998,2701803,Carneiros,AL,Nordeste,38.85,49.37,0,0.0884,10.52
999,2913507,Iguaí,BA,Nordeste,31.48,54.55,0,0.0884,23.07
1000,2611309,Pombos,PE,Nordeste,40.45,52.33,0,0.0885,11.88
1001,4202404,Blumenau,SC,Sul,64.14,66.53,0,0.0885,2.39
1002,5005681,Mundo Novo,MS,Centro-Oeste,49.43,80.0,0,0.0885,30.57
1003,2702405,Delmiro Gouveia,AL,Nordeste,28.13,38.15,0,0.0885,10.02
1004,1303700,Santo Antônio do Içá,AM,Norte,40.84,63.05,0,0.0885,22.21
1005,2509008,Manaíra,PB,Nordeste,59.62,80.0,0,0.0887,20.38
1006,1302207,Juruá,AM,Norte,47.46,46.8,1,0.0888,-0.66
1007,5003306,Coxim,MS,Centro-Oeste,39.19,45.99,0,0.0889,6.8
1008,1504752,Mojuí dos Campos,PA,Norte,43.72,59.31,0,0.089,15.59
1009,2604908,Cumaru,PE,Nordeste,95.06,76.97,1,0.0891,-18.09
1010,1600212,Cutias,AP,Norte,53.36,52.37,1,0.0892,-0.99
1011,2608503,Lagoa de Itaenga,PE,Nordeste,79.42,71.87,1,0.0894,-7.55
1012,2205581,Lagoa do Piauí,PI,Nordeste,44.87,11.95,1,0.0894,-32.92
1013,3154606,Ribeirão das Neves,MG,Sudeste,60.14,59.14,1,0.0896,-1.0
1014,2705002,Mata Grande,AL,Nordeste,42.45,46.37,0,0.0896,3.92
1015,2105807,Lago do Junco,MA,Nordeste,97.1,80.0,1,0.0896,-17.1
1016,1707306,Dueré,TO,Norte,68.54,41.72,1,0.0898,-26.82
1017,2614709,Tacaimbó,PE,Nordeste,43.99,51.45,0,0.0899,7.46
1018,3304508,Rio das Flores,RJ,Sudeste,67.73,63.05,1,0.09,-4.68
1019,2507309,Jacaraú,PB,Nordeste,51.18,41.56,1,0.09,-9.62
1020,1721307,Tupiratins,TO,Norte,53.85,32.22,1,0.0901,-21.63
1021,5006200,Nova Andradina,MS,Centro-Oeste,69.44,61.97,1,0.0903,-7.47
1022,3127701,Governador Valadares,MG,Sudeste,69.38,56.68,1,0.0904,-12.7
1023,2407252,Major Sales,RN,Nordeste,60.04,38.44,1,0.0904,-21.6
1024,2910206,Dom Macedo Costa,BA,Nordeste,52.38,80.0,0,0.0904,27.62
1025,1507961,Terra Alta,PA,Norte,49.88,48.0,1,0.0905,-1.88
1026,5200258,Águas Lindas de Goiás,GO,Centro-Oeste,53.9,54.0,0,0.0905,0.1
1027,2501302,Aroeiras,PB,Nordeste,44.46,69.89,0,0.0905,25.43
1028,2613404,São José da Coroa Grande,PE,Nordeste,39.24,47.83,0,0.0905,8.59
1029,2602704,Buenos Aires,PE,Nordeste,85.53,65.79,1,0.0907,-19.74
1030,2608057,Jatobá,PE,Nordeste,68.05,76.72,0,0.0908,8.67
1031,5101803,Barra do Garças,MT,Centro-Oeste,66.68,64.28,1,0.091,-2.4
1032,2405603,Jardim de Piranhas,RN,Nordeste,56.61,37.47,1,0.0912,-19.14
1033,2802700,Ilha das Flores,SE,Nordeste,16.26,34.17,0,0.0913,17.91
1034,2600906,Amaraji,PE,Nordeste,55.29,70.55,0,0.0913,15.26
1035,5004304,Iguatemi,MS,Centro-Oeste,60.02,44.73,1,0.0915,-15.29
1036,2612554,Santa Filomena,PE,Nordeste,53.14,62.41,0,0.0919,9.27
1037,3304110,Porto Real,RJ,Sudeste,63.3,63.97,0,0.092,0.67
1038,1703909,Caseara,TO,Norte,31.53,23.89,1,0.092,-7.64
1039,1600154,Pedra Branca do Amapari,AP,Norte,44.22,68.48,0,0.0922,24.26
1040,2406106,Jucurutu,RN,Nordeste,46.3,34.74,1,0.0922,-11.56
1041,2100873,Araguanã,MA,Nordeste,91.6,80.0,1,0.0922,-11.6
1042,2806800,São Domingos,SE,Nordeste,29.79,36.7,0,0.0923,6.91
1043,3205309,Vitória,ES,Sudeste,73.2,68.18,1,0.0924,-5.02
1044,2703601,Japaratinga,AL,Nordeste,27.69,30.27,0,0.0924,2.58
1045,5107776,Santa Terezinha,MT,Centro-Oeste,40.74,46.1,0,0.0925,5.36
1046,3300225,Areal,RJ,Sudeste,63.64,65.34,0,0.0925,1.7
1047,2611804,Ribeirão,PE,Nordeste,65.68,64.61,1,0.0926,-1.07
1048,3300951,Comendador Levy Gasparian,RJ,Sudeste,66.11,56.32,1,0.0927,-9.79
1049,3300159,Aperibé,RJ,Sudeste,68.41,62.76,1,0.0927,-5.65
1050,2409605,Pedra Preta,RN,Nordeste,37.5,48.13,0,0.0928,10.63
1051,1507979,Terra Santa,PA,Norte,65.58,72.19,0,0.0928,6.61
1052,2615300,Timbaúba,PE,Nordeste,77.57,75.02,1,0.093,-2.55
1053,3301405,Conceição de Macabu,RJ,Sudeste,56.17,54.71,1,0.093,-1.46
1054,1600535,Porto Grande,AP,Norte,68.7,67.62,1,0.0931,-1.08
1055,2701308,Cajueiro,AL,Nordeste,33.4,33.95,0,0.0934,0.55
1056,2501005,Araruna,PB,Nordeste,40.53,41.93,0,0.0936,1.4
1057,2616308,Vicência,PE,Nordeste,68.15,61.19,1,0.0937,-6.96
1058,5003801,Fátima do Sul,MS,Centro-Oeste,59.59,63.97,0,0.0937,4.38
1059,5007802,Selvíria,MS,Centro-Oeste,59.83,33.87,1,0.0938,-25.96
1060,3305406,Sapucaia,RJ,Sudeste,65.37,67.94,0,0.0938,2.57
1061,2708006,Santana do Ipanema,AL,Nordeste,44.16,41.57,1,0.0938,-2.59
1062,1506906,Santarém Novo,PA,Norte,78.25,56.76,1,0.0938,-21.49
1063,2512721,Pedro Régis,PB,Nordeste,23.99,52.73,0,0.0939,28.74
1064,2405009,Jaçanã,RN,Nordeste,42.68,52.38,0,0.0941,9.7
1065,2614501,Surubim,PE,Nordeste,58.71,59.49,0,0.0941,0.78
1066,2602308,Bonito,PE,Nordeste,79.75,60.58,1,0.0943,-19.17
1067,1100122,Ji-Paraná,RO,Norte,66.41,80.0,0,0.0945,13.59
1068,2904209,Botuporã,BA,Nordeste,47.37,65.03,0,0.0946,17.66
1069,2401107,Areia Branca,RN,Nordeste,41.2,56.82,0,0.0946,15.62
1070,2912004,Ibiassucê,BA,Nordeste,61.19,67.46,0,0.0946,6.27
1071,2517407,Zabelê,PB,Nordeste,64.73,80.0,0,0.0947,15.27
1072,1710904,Itapiratins,TO,Norte,53.53,41.84,1,0.0947,-11.69
1073,2610509,Passira,PE,Nordeste,76.23,75.67,1,0.0948,-0.56
1074,5005202,Ladário,MS,Centro-Oeste,33.36,32.39,1,0.0948,-0.97
1075,5003256,Costa Rica,MS,Centro-Oeste,54.88,45.24,1,0.0948,-9.64
1076,2603207,Caetés,PE,Nordeste,57.25,51.32,1,0.0949,-5.93
1077,2514503,São José de Piranhas,PB,Nordeste,55.77,40.93,1,0.095,-14.84
1078,2611507,Quipapá,PE,Nordeste,58.1,53.33,1,0.0951,-4.77
1079,2509339,Matinhas,PB,Nordeste,72.67,79.38,0,0.0952,6.71
1080,2505006,Cubati,PB,Nordeste,97.47,73.11,1,0.0952,-24.36
1081,3157807,Santa Luzia,MG,Sudeste,70.02,56.2,1,0.0954,-13.82
1082,2409506,Pedra Grande,RN,Nordeste,44.5,51.07,0,0.0954,6.57
1083,2508208,Lagoa de Dentro,PB,Nordeste,42.8,69.61,0,0.0955,26.81
1084,1711951,Lagoa do Tocantins,TO,Norte,15.09,27.88,0,0.0955,12.79
1085,2705606,Novo Lino,AL,Nordeste,39.85,34.56,1,0.0956,-5.29
1086,2605509,Ferreiros,PE,Nordeste,41.36,61.78,0,0.0956,20.42
1087,2406700,Lajes,RN,Nordeste,33.68,36.25,0,0.0957,2.57
1088,1703701,Brejinho de Nazaré,TO,Norte,49.45,44.57,1,0.0959,-4.88
1089,5002902,Cassilândia,MS,Centro-Oeste,54.38,44.23,1,0.096,-10.15
1090,2609808,Orocó,PE,Nordeste,50.86,51.44,0,0.0961,0.58
1091,2704500,Maragogi,AL,Nordeste,45.6,39.36,1,0.0961,-6.24
1092,2516201,Sousa,PB,Nordeste,65.82,49.9,1,0.0961,-15.92
1093,5006002,Nova Alvorada do Sul,MS,Centro-Oeste,56.52,43.79,1,0.0961,-12.73
1094,2706703,Penedo,AL,Nordeste,43.12,47.02,0,0.0961,3.9
1095,5000708,Anastácio,MS,Centro-Oeste,41.7,34.56,1,0.0962,-7.14
1096,5005400,Maracaju,MS,Centro-Oeste,46.55,46.82,0,0.0963,0.27
1097,2800704,Brejo Grande,SE,Nordeste,34.6,34.46,1,0.0963,-0.14
1098,2702306,Coruripe,AL,Nordeste,92.03,80.0,1,0.0965,-12.03
1099,2110807,São Félix de Balsas,MA,Nordeste,44.69,49.59,0,0.0965,4.9
1100,2801603,Cedro de São João,SE,Nordeste,45.3,29.4,1,0.0966,-15.9
1101,2605806,Frei Miguelinho,PE,Nordeste,70.68,69.96,1,0.0966,-0.72
1102,5105507,Vila Bela da Santíssima Trindade,MT,Centro-Oeste,47.61,52.17,0,0.0967,4.56
1103,3302106,Itaocara,RJ,Sudeste,70.09,67.71,1,0.0968,-2.38
1104,1100023,Ariquemes,RO,Norte,65.62,65.22,1,0.0968,-0.4
1105,2505105,Cuité,PB,Nordeste,62.2,55.49,1,0.0968,-6.71
1106,2510808,Patos,PB,Nordeste,67.47,49.44,1,0.0969,-18.03
1107,2613008,São Bento do Una,PE,Nordeste,64.03,59.89,1,0.0969,-4.14
1108,2501104,Areia,PB,Nordeste,90.53,80.0,1,0.0969,-10.53
1109,2507705,Juazeirinho,PB,Nordeste,45.45,55.74,0,0.0972,10.29
1110,2608602,Lagoa do Ouro,PE,Nordeste,85.39,73.78,1,0.0973,-11.61
1111,2509503,Montadas,PB,Nordeste,82.33,68.18,1,0.0973,-14.15
1112,2517100,Várzea,PB,Nordeste,62.96,56.63,1,0.0974,-6.33
1113,2700201,Anadia,AL,Nordeste,45.26,57.84,0,0.0975,12.58
1114,1100304,Vilhena,RO,Norte,71.66,67.96,1,0.0976,-3.7
1115,2600302,Agrestina,PE,Nordeste,64.09,73.01,0,0.0976,8.92
1116,2409100,Passa e Fica,RN,Nordeste,42.72,31.79,1,0.0976,-10.93
1117,2102036,Bom Jesus das Selvas,MA,Nordeste,63.18,66.3,0,0.0976,3.12
1118,2510105,Nova Floresta,PB,Nordeste,67.53,68.38,0,0.0976,0.85
1119,3155900,Rio Preto,MG,Sudeste,62.04,72.56,0,0.0977,10.52
1120,2111003,São João Batista,MA,Nordeste,58.4,36.65,1,0.0977,-21.75
1121,2404903,Itaú,RN,Nordeste,50.96,57.42,0,0.0977,6.46
1122,5103353,Confresa,MT,Centro-Oeste,54.24,42.31,1,0.0977,-11.93
1123,2613305,São Joaquim do Monte,PE,Nordeste,72.13,70.35,1,0.0978,-1.78
1124,5107008,Poxoréo,MT,Centro-Oeste,46.27,52.47,0,0.0978,6.2
1125,1101401,Monte Negro,RO,Norte,69.92,73.41,0,0.0978,3.49
1126,3301504,Cordeiro,RJ,Sudeste,64.16,62.66,1,0.0979,-1.5
1127,2612208,Salgueiro,PE,Nordeste,75.13,76.55,0,0.0981,1.42
1128,2604700,Correntes,PE,Nordeste,71.97,56.47,1,0.0982,-15.5
1129,5103106,Cocalinho,MT,Centro-Oeste,52.39,78.9,0,0.0983,26.51
1130,2514305,São José de Caiana,PB,Nordeste,52.39,53.39,0,0.0984,1.0
1131,2608750,Lagoa Grande,PE,Nordeste,67.55,58.93,1,0.0985,-8.62
1132,1722081,Wanderlândia,TO,Norte,41.89,41.91,0,0.0988,0.02
1133,1718451,Pugmil,TO,Norte,40.91,27.85,1,0.0988,-13.06
1134,2404101,Galinhos,RN,Nordeste,55.2,44.78,1,0.0989,-10.42
1135,5007950,Tacuru,MS,Centro-Oeste,56.62,56.3,1,0.0989,-0.32
1136,2806602,Santo Amaro das Brotas,SE,Nordeste,37.62,41.37,0,0.099,3.75
1137,2513604,Santana dos Garrotes,PB,Nordeste,52.77,39.63,1,0.0991,-13.14
1138,5101704,Barra do Bugres,MT,Centro-Oeste,72.78,55.71,1,0.0991,-17.07
1139,2403806,Florânia,RN,Nordeste,39.8,42.91,0,0.0991,3.11
1140,2513158,Santa Cecília,PB,Nordeste,48.11,19.74,1,0.0992,-28.37
1141,2702355,Craíbas,AL,Nordeste,67.43,51.26,1,0.0992,-16.17
1142,2801702,Cristinápolis,SE,Nordeste,34.73,31.96,1,0.0993,-2.77
1143,3162906,São João Nepomuceno,MG,Sudeste,69.83,70.39,0,0.0996,0.56
1144,3151800,Poços de Caldas,MG,Sudeste,78.32,61.73,1,0.0996,-16.59
1145,5008008,Terenos,MS,Centro-Oeste,49.64,63.66,0,0.0997,14.02
1146,2402709,Cerro Corá,RN,Nordeste,40.95,63.66,0,0.0998,22.71
1147,2603306,Calçado,PE,Nordeste,40.68,61.11,0,0.0998,20.43
1148,2614303,Moreilândia,PE,Nordeste,56.94,49.94,1,0.0998,-7.0
1149,2410207,Portalegre,RN,Nordeste,65.36,55.67,1,0.0999,-9.69
1150,3144805,Nova Lima,MG,Sudeste,79.6,60.62,1,0.0999,-18.98
1151,3109006,Brumadinho,MG,Sudeste,87.73,71.82,1,0.1,-15.91
1152,3305307,São Sebastião do Alto,RJ,Sudeste,49.68,66.38,0,0.1,16.7
1153,2703809,Joaquim Gomes,AL,Nordeste,27.68,40.35,0,0.1,12.67
1154,5105259,Lucas do Rio Verde,MT,Centro-Oeste,73.53,66.59,1,0.1001,-6.94
1155,5106240,Nova Ubiratã,MT,Centro-Oeste,58.41,74.28,0,0.1001,15.87
1156,3143302,Montes Claros,MG,Sudeste,74.71,64.62,1,0.1002,-10.09
1157,3149507,Pequeri,MG,Sudeste,69.05,39.0,1,0.1002,-30.05
1158,2515906,Serraria,PB,Nordeste,74.71,80.0,0,0.1003,5.29
1159,2515005,São Miguel de Taipu,PB,Nordeste,100.0,15.73,1,0.1003,-84.27
1160,2504157,Casserengue,PB,Nordeste,58.51,53.21,1,0.1005,-5.3
1161,1600055,Serra do Navio,AP,Norte,73.61,39.84,1,0.1005,-33.77
1162,2513505,Santana de Mangueira,PB,Nordeste,100.0,80.0,1,0.1006,-20.0
1163,2615003,Taquaritinga do Norte,PE,Nordeste,59.64,63.02,0,0.1007,3.38
1164,2805505,Poço Verde,SE,Nordeste,40.54,37.82,1,0.1008,-2.72
1165,5107180,Ribeirão Cascalheira,MT,Centro-Oeste,70.87,66.14,1,0.1008,-4.73
1166,3301207,Carmo,RJ,Sudeste,67.98,49.44,1,0.101,-18.54
1167,4204202,Chapecó,SC,Sul,58.47,60.17,0,0.1011,1.7
1168,2104800,Grajaú,MA,Nordeste,45.8,48.35,0,0.1011,2.55
1169,1710508,Itacajá,TO,Norte,41.1,63.69,0,0.1011,22.59
1170,2708105,Santana do Mundaú,AL,Nordeste,97.67,80.0,1,0.1011,-17.67
1171,5106752,Pontes e Lacerda,MT,Centro-Oeste,66.49,69.94,0,0.1012,3.45
1172,2807600,Umbaúba,SE,Nordeste,39.34,32.62,1,0.1013,-6.72
1173,5107958,Tangará da Serra,MT,Centro-Oeste,58.95,53.83,1,0.1013,-5.12
1174,5002407,Caarapó,MS,Centro-Oeste,64.68,57.41,1,0.1013,-7.27
1175,2806008,Ribeirópolis,SE,Nordeste,42.2,40.54,1,0.1015,-1.66
1176,1720150,São Félix do Tocantins,TO,Norte,61.9,80.0,0,0.1016,18.1
1177,4209300,Lages,SC,Sul,52.3,53.71,0,0.1017,1.41
1178,2202703,Cocal,PI,Nordeste,83.93,74.22,1,0.1018,-9.71
1179,2401305,Campo Grande,RN,Nordeste,43.77,42.79,1,0.1019,-0.98
1180,5000906,Antônio João,MS,Centro-Oeste,56.2,58.37,0,0.102,2.17
1181,2512408,Puxinanã,PB,Nordeste,62.11,76.24,0,0.1021,14.13
1182,2402808,Coronel Ezequiel,RN,Nordeste,32.68,46.85,0,0.1022,14.17
1183,1503002,Faro,PA,Norte,51.79,55.82,0,0.1023,4.03
1184,5106422,Peixoto de Azevedo,MT,Centro-Oeste,41.77,42.73,0,0.1024,0.96
1185,2206209,Miguel Alves,PI,Nordeste,60.79,45.41,1,0.1024,-15.38
1186,2411601,São Bento do Norte,RN,Nordeste,32.17,61.45,0,0.1025,29.28
1187,1710706,Itaguatins,TO,Norte,18.09,39.48,0,0.1025,21.39
1188,2708402,São José da Tapera,AL,Nordeste,50.43,54.11,0,0.1025,3.68
1189,1706506,Darcinópolis,TO,Norte,45.61,38.24,1,0.1025,-7.37
1190,1705557,Combinado,TO,Norte,56.14,65.04,0,0.1026,8.9
1191,5000203,Água Clara,MS,Centro-Oeste,77.03,71.75,1,0.1027,-5.28
1192,2413003,São Vicente,RN,Nordeste,49.95,65.76,0,0.1027,15.81
1193,2705507,Murici,AL,Nordeste,84.41,57.6,1,0.1028,-26.81
1194,1100338,Nova Mamoré,RO,Norte,45.3,65.81,0,0.1028,20.51
1195,2607653,Itambé,PE,Nordeste,43.31,53.71,0,0.1031,10.4
1196,1304237,Tonantins,AM,Norte,30.02,51.45,0,0.1032,21.43
1197,5105150,Juína,MT,Centro-Oeste,56.58,51.09,1,0.1032,-5.49
1198,2703007,Ibateguara,AL,Nordeste,54.43,80.0,0,0.1033,25.57
1199,2515807,Serra Redonda,PB,Nordeste,85.71,21.09,1,0.1033,-64.62
1200,2508109,Lagoa,PB,Nordeste,59.38,32.22,1,0.1033,-27.16
1201,2513802,Santa Teresinha,PB,Nordeste,42.77,46.65,0,0.1035,3.88
1202,5004908,Jaraguari,MS,Centro-Oeste,45.19,44.9,1,0.1035,-0.29
1203,2706307,Palmeira dos Índios,AL,Nordeste,38.7,39.15,0,0.1035,0.45
1204,2405900,João Dias,RN,Nordeste,38.89,51.64,0,0.1036,12.75
1205,3171204,Vespasiano,MG,Sudeste,70.72,58.37,1,0.1036,-12.35
1206,2608909,Limoeiro,PE,Nordeste,67.03,73.45,0,0.1036,6.42
1207,2607752,Itapissuma,PE,Nordeste,82.95,78.03,1,0.1037,-4.92
1208,2607307,Ipubi,PE,Nordeste,70.08,73.25,0,0.1038,3.17
1209,1302900,Maués,AM,Norte,51.72,57.61,0,0.1038,5.89
1210,2704609,Maravilha,AL,Nordeste,74.38,70.6,1,0.1039,-3.78
1211,2609204,Maraial,PE,Nordeste,58.48,70.93,0,0.1041,12.45
1212,1718758,Rio Sono,TO,Norte,26.8,35.01,0,0.1041,8.21
1213,3509502,Campinas,SP,Sudeste,65.69,47.76,1,0.1043,-17.93
1214,5106224,Nova Mutum,MT,Centro-Oeste,74.86,66.79,1,0.1044,-8.07
1215,3302452,Macuco,RJ,Sudeste,77.99,66.31,1,0.1044,-11.68
1216,5219753,Santo Antônio do Descoberto,GO,Centro-Oeste,53.64,48.66,1,0.1045,-4.98
1217,2102325,Buriticupu,MA,Nordeste,43.21,45.58,0,0.1045,2.37
1218,2408409,Olho-d'Água do Borges,RN,Nordeste,30.77,31.39,0,0.1046,0.62
1219,2509107,Mari,PB,Nordeste,70.06,44.47,1,0.1046,-25.59
1220,5108204,Torixoréu,MT,Centro-Oeste,88.61,80.0,1,0.1047,-8.61
1221,5102637,Campo Novo do Parecis,MT,Centro-Oeste,67.19,65.16,1,0.1047,-2.03
1222,2703205,Igreja Nova,AL,Nordeste,50.74,53.17,0,0.1048,2.43
1223,2507200,Itatuba,PB,Nordeste,36.64,30.53,1,0.1049,-6.11
1224,5002308,Brasilândia,MS,Centro-Oeste,60.76,56.39,1,0.1052,-4.37
1225,5106505,Poconé,MT,Centro-Oeste,38.36,38.45,0,0.1054,0.09
1226,2515971,Sobrado,PB,Nordeste,40.74,63.31,0,0.1055,22.57
1227,3156908,Sacramento,MG,Sudeste,79.64,66.63,1,0.1056,-13.01
1228,2601300,Barra de Guabiraba,PE,Nordeste,86.54,80.0,1,0.1057,-6.54
1229,2928505,Santa Teresinha,BA,Nordeste,27.63,33.84,0,0.1057,6.21
1230,2932606,Urandi,BA,Nordeste,40.54,62.68,0,0.1058,22.14
1231,2609105,Machados,PE,Nordeste,96.75,80.0,1,0.1058,-16.75
1232,2611002,Petrolândia,PE,Nordeste,66.17,56.52,1,0.1058,-9.65
1233,2100956,Arame,MA,Nordeste,74.44,76.81,0,0.1058,2.37
1234,2100600,Amarante do Maranhão,MA,Nordeste,41.33,51.2,0,0.106,9.87
1235,2516706,Teixeira,PB,Nordeste,81.85,73.96,1,0.106,-7.89
1236,2702603,Feira Grande,AL,Nordeste,44.46,41.94,1,0.1062,-2.52
1237,2506905,Itabaiana,PB,Nordeste,53.73,32.55,1,0.1062,-21.18
1238,2700607,Barra de São Miguel,AL,Nordeste,39.04,38.79,1,0.1064,-0.25
1239,2612406,Sanharó,PE,Nordeste,65.85,47.86,1,0.1064,-17.99
1240,1600550,Pracuúba,AP,Norte,30.66,43.05,0,0.1065,12.39
1241,3104007,Araxá,MG,Sudeste,75.35,70.59,1,0.1065,-4.76
1242,1713601,Monte do Carmo,TO,Norte,19.71,71.56,0,0.1065,51.85
1243,2612000,Sairé,PE,Nordeste,81.01,69.69,1,0.1065,-11.32
1244,2504306,Catolé do Rocha,PB,Nordeste,45.82,59.32,0,0.1065,13.5
1245,3131307,Ipatinga,MG,Sudeste,75.61,67.17,1,0.1066,-8.44
1246,2608800,Lajedo,PE,Nordeste,57.42,52.98,1,0.1068,-4.44
1247,3106903,Bicas,MG,Sudeste,70.71,50.81,1,0.1068,-19.9
1248,2501401,Baía da Traição,PB,Nordeste,44.76,28.9,1,0.1068,-15.86
1249,2903953,Bom Jesus da Serra,BA,Nordeste,24.44,47.9,0,0.1068,23.46
1250,2612802,Santa Terezinha,PE,Nordeste,79.68,70.19,1,0.1069,-9.49
1251,2609154,Manari,PE,Nordeste,52.89,60.73,0,0.1069,7.84
1252,2612307,Saloá,PE,Nordeste,78.66,61.72,1,0.107,-16.94
1253,3170701,Varginha,MG,Sudeste,71.53,55.51,1,0.1072,-16.02
1254,5102678,Campo Verde,MT,Centro-Oeste,64.36,60.16,1,0.1072,-4.2
1255,3105608,Barbacena,MG,Sudeste,83.52,62.71,1,0.1073,-20.81
1256,1703107,Barrolândia,TO,Norte,49.74,62.85,0,0.1073,13.11
1257,2801009,Campo do Brito,SE,Nordeste,34.96,45.54,0,0.1073,10.58
1258,3118304,Conselheiro Lafaiete,MG,Sudeste,83.19,67.43,1,0.1075,-15.76
1259,2407302,Marcelino Vieira,RN,Nordeste,26.79,34.1,0,0.1075,7.31
1260,2101806,Benedito Leite,MA,Nordeste,47.28,59.98,0,0.1075,12.7
1261,2604155,Casinhas,PE,Nordeste,84.85,79.54,1,0.1076,-5.31
1262,5106208,Nova Brasilândia,MT,Centro-Oeste,81.37,59.69,1,0.1076,-21.68
1263,2701704,Capela,AL,Nordeste,42.53,47.36,0,0.1076,4.83
1264,2708204,São Brás,AL,Nordeste,70.72,69.26,1,0.1077,-1.46
1265,2701209,Cacimbinhas,AL,Nordeste,54.19,37.62,1,0.1077,-16.57
1266,1720259,São Salvador do Tocantins,TO,Norte,59.09,52.91,1,0.1077,-6.18
1267,5107875,Sapezal,MT,Centro-Oeste,84.38,71.39,1,0.1078,-12.99
1268,2511301,Piancó,PB,Nordeste,38.92,53.95,0,0.1079,15.03
1269,1713700,Monte Santo do Tocantins,TO,Norte,44.77,36.45,1,0.1081,-8.32
1270,5212501,Luziânia,GO,Centro-Oeste,66.27,66.66,0,0.1081,0.39
1271,1708254,Fortaleza do Tabocão,TO,Norte,51.71,54.03,0,0.1083,2.32
1272,2602407,Brejão,PE,Nordeste,86.18,69.12,1,0.1084,-17.06
1273,3155801,Rio Pomba,MG,Sudeste,78.55,67.71,1,0.1085,-10.84
1274,2607505,Itaíba,PE,Nordeste,58.6,62.9,0,0.1087,4.3
1275,1701051,Angico,TO,Norte,59.12,46.41,1,0.1088,-12.71
1276,2108702,Pio XII,MA,Nordeste,63.6,32.07,1,0.109,-31.53
1277,2616209,Vertentes,PE,Nordeste,56.85,59.19,0,0.1093,2.34
1278,2107407,Olho d'Água das Cunhãs,MA,Nordeste,58.91,58.25,1,0.1095,-0.66
1279,2707008,Pindoba,AL,Nordeste,48.15,36.18,1,0.1095,-11.97
1280,2608305,Jupi,PE,Nordeste,68.61,63.87,1,0.1095,-4.74
1281,1720937,Taipas do Tocantins,TO,Norte,55.56,59.86,0,0.1096,4.3
1282,2702108,Colônia Leopoldina,AL,Nordeste,73.25,80.0,0,0.1097,6.75
1283,2700508,Barra de Santo Antônio,AL,Nordeste,32.98,37.63,0,0.1099,4.65
1284,2500502,Alagoinha,PB,Nordeste,53.1,61.06,0,0.11,7.96
1285,3205002,Serra,ES,Sudeste,60.51,62.54,0,0.1101,2.03
1286,3152501,Pouso Alegre,MG,Sudeste,68.72,62.41,1,0.1102,-6.31
1287,2613800,São Vicente Ferrer,PE,Nordeste,42.6,53.76,0,0.1103,11.16
1288,2805109,Pedrinhas,SE,Nordeste,11.52,21.39,0,0.1103,9.87
1289,2902005,Aracatu,BA,Nordeste,28.92,47.99,0,0.1103,19.07
1290,3543402,Ribeirão Preto,SP,Sudeste,55.59,45.48,1,0.1104,-10.11
1291,2604403,Chã de Alegria,PE,Nordeste,63.28,65.79,0,0.1107,2.51
1292,2408805,Parazinho,RN,Nordeste,28.27,52.37,0,0.1107,24.1
1293,2606507,Iati,PE,Nordeste,82.26,68.56,1,0.1107,-13.7
1294,2709202,Traipu,AL,Nordeste,47.49,38.63,1,0.1108,-8.86
1295,2800407,Arauá,SE,Nordeste,28.6,38.07,0,0.1108,9.47
1296,5007406,Rio Verde de Mato Grosso,MS,Centro-Oeste,49.11,52.63,0,0.1109,3.52
1297,3518800,Guarulhos,SP,Sudeste,49.23,45.75,1,0.1109,-3.48
1298,4208906,Jaraguá do Sul,SC,Sul,72.53,73.91,0,0.111,1.38
1299,2506400,Gurinhém,PB,Nordeste,27.02,41.85,0,0.111,14.83
1300,2701407,Campo Alegre,AL,Nordeste,67.45,67.86,0,0.1111,0.41
1301,5004106,Guia Lopes da Laguna,MS,Centro-Oeste,64.58,52.3,1,0.1111,-12.28
1302,2402303,Caraúbas,RN,Nordeste,41.75,32.45,1,0.1111,-9.3
1303,2706604,Paulo Jacinto,AL,Nordeste,38.46,43.67,0,0.1112,5.21
1304,2410603,Rafael Godeiro,RN,Nordeste,67.22,37.03,1,0.1112,-30.19
1305,3168606,Teófilo Otoni,MG,Sudeste,65.96,55.57,1,0.1112,-10.39
1306,5107065,Querência,MT,Centro-Oeste,74.18,61.52,1,0.1112,-12.66
1307,5201405,Aparecida de Goiânia,GO,Centro-Oeste,69.22,63.87,1,0.1113,-5.35
1308,2610400,Parnamirim,PE,Nordeste,58.91,53.79,1,0.1113,-5.12
1309,1303502,Pauini,AM,Norte,48.43,45.33,1,0.1114,-3.1
1310,2411007,Rodolfo Fernandes,RN,Nordeste,45.23,38.22,1,0.1114,-7.01
1311,5101308,Arenápolis,MT,Centro-Oeste,58.62,65.24,0,0.1115,6.62
1312,3137601,Lagoa Santa,MG,Sudeste,73.13,64.72,1,0.1117,-8.41
1313,1600253,Itaubal,AP,Norte,43.57,55.34,0,0.1118,11.77
1314,2707404,Porto de Pedras,AL,Nordeste,27.47,37.21,0,0.1119,9.74
1315,2510006,Nazarezinho,PB,Nordeste,63.86,43.11,1,0.112,-20.75
1316,2107001,Montes Altos,MA,Nordeste,55.27,72.68,0,0.112,17.41
1317,2803203,Itaporanga d'Ajuda,SE,Nordeste,39.49,31.53,1,0.1121,-7.96
1318,2705200,Messias,AL,Nordeste,41.87,37.86,1,0.1121,-4.01
1319,2201988,Brejo do Piauí,PI,Nordeste,95.35,55.21,1,0.1121,-40.14
1320,2516102,Soledade,PB,Nordeste,47.26,40.39,1,0.1122,-6.87
1321,2409308,Patu,RN,Nordeste,32.39,39.13,0,0.1124,6.74
1322,2513653,Joca Claudino,PB,Nordeste,90.09,46.0,1,0.1124,-44.09
1323,5005152,Juti,MS,Centro-Oeste,47.67,29.82,1,0.1125,-17.85
1324,5106372,Pedra Preta,MT,Centro-Oeste,65.1,60.59,1,0.1126,-4.51
1325,5002159,Bodoquena,MS,Centro-Oeste,46.43,50.32,0,0.1127,3.89
1326,2413508,Serrinha,RN,Nordeste,48.08,60.14,0,0.1127,12.06
1327,1718006,Porto Alegre do Tocantins,TO,Norte,37.89,12.49,1,0.1128,-25.4
1328,3553609,Tapiratiba,SP,Sudeste,79.51,57.9,1,0.1129,-21.61
1329,2102705,Cantanhede,MA,Nordeste,70.83,57.5,1,0.113,-13.33
1330,2411106,Ruy Barbosa,RN,Nordeste,35.0,61.84,0,0.1131,26.84
1331,2703908,Jundiá,AL,Nordeste,44.34,41.39,1,0.1131,-2.95
1332,1712454,Luzinópolis,TO,Norte,48.91,32.22,1,0.1131,-16.69
1333,2708808,São Sebastião,AL,Nordeste,42.43,43.27,0,0.1132,0.84
1334,2707206,Poço das Trincheiras,AL,Nordeste,48.87,40.27,1,0.1134,-8.6
1335,2402006,Caicó,RN,Nordeste,47.28,42.3,1,0.1134,-4.98
1336,2603108,Cachoeirinha,PE,Nordeste,63.59,60.56,1,0.1135,-3.03
1337,2203255,Curralinhos,PI,Nordeste,27.56,39.57,0,0.1135,12.01
1338,5003488,Dois Irmãos do Buriti,MS,Centro-Oeste,39.87,44.63,0,0.1135,4.76
1339,1100080,Costa Marques,RO,Norte,59.63,80.0,0,0.1136,20.37
1340,5221858,Valparaíso de Goiás,GO,Centro-Oeste,64.23,60.56,1,0.1136,-3.67
1341,1101435,Nova União,RO,Norte,70.92,63.85,1,0.1137,-7.07
1342,1708304,Goianorte,TO,Norte,40.0,57.94,0,0.1141,17.94
1343,4202909,Brusque,SC,Sul,65.9,70.5,0,0.1142,4.6
1344,3305901,Trajano de Moraes,RJ,Sudeste,79.23,77.65,1,0.1143,-1.58
1345,2923035,Novo Horizonte,BA,Nordeste,73.17,63.79,1,0.1146,-9.38
1346,2600609,Alagoinha,PE,Nordeste,53.87,48.79,1,0.1147,-5.08
1347,3300605,Bom Jesus do Itabapoana,RJ,Sudeste,70.64,61.57,1,0.1148,-9.07
1348,2112308,Tuntum,MA,Nordeste,66.43,45.32,1,0.1148,-21.11
1349,2408904,Parelhas,RN,Nordeste,63.68,49.2,1,0.1148,-14.48
1350,2806909,São Francisco,SE,Nordeste,81.25,41.56,1,0.1148,-39.69
1351,2414753,Venha-Ver,RN,Nordeste,53.85,47.31,1,0.1149,-6.54
1352,2610301,Paranatama,PE,Nordeste,66.67,75.04,0,0.1149,8.37
1353,2107100,Morros,MA,Nordeste,66.98,80.0,0,0.1149,13.02
1354,5107859,São Félix do Araguaia,MT,Centro-Oeste,33.38,41.62,0,0.115,8.24
1355,1100809,Candeias do Jamari,RO,Norte,51.63,54.05,0,0.1151,2.42
1356,2403103,Currais Novos,RN,Nordeste,46.22,47.33,0,0.1151,1.11
1357,2802809,Indiaroba,SE,Nordeste,34.31,44.78,0,0.1153,10.47
1358,2703304,Inhapi,AL,Nordeste,80.16,67.49,1,0.1153,-12.67
1359,3304607,Santa Maria Madalena,RJ,Sudeste,65.02,67.06,0,0.1155,2.04
1360,2401909,Caiçara do Rio do Vento,RN,Nordeste,36.91,44.52,0,0.1156,7.61
1361,5105580,Marcelândia,MT,Centro-Oeste,65.36,65.23,1,0.1156,-0.13
1362,2102002,Bom Jardim,MA,Nordeste,68.58,80.0,0,0.1158,11.42
1363,2509909,Natuba,PB,Nordeste,47.23,62.3,0,0.1159,15.07
1364,1703206,Bernardo Sayão,TO,Norte,59.26,57.3,1,0.116,-1.96
1365,3534401,Osasco,SP,Sudeste,49.13,51.47,0,0.116,2.34
1366,2613602,São José do Egito,PE,Nordeste,73.38,69.54,1,0.1161,-3.84
1367,2612901,São Benedito do Sul,PE,Nordeste,71.07,41.36,1,0.1163,-29.71
1368,2511608,Pilões,PB,Nordeste,61.18,47.82,1,0.1163,-13.36
1369,3115458,Catuji,MG,Sudeste,67.78,42.58,1,0.1163,-25.2
1370,5101407,Aripuanã,MT,Centro-Oeste,61.83,63.44,0,0.1164,1.61
1371,5105903,Nobres,MT,Centro-Oeste,57.19,60.77,0,0.1164,3.58
1372,2603009,Cabrobó,PE,Nordeste,61.21,70.14,0,0.1164,8.93
1373,1100130,Machadinho D'Oeste,RO,Norte,64.75,56.12,1,0.1166,-8.63
1374,5103304,Comodoro,MT,Centro-Oeste,47.59,61.46,0,0.1169,13.87
1375,2100907,Araioses,MA,Nordeste,42.52,60.17,0,0.1171,17.65
1376,4203006,Caçador,SC,Sul,65.72,71.48,0,0.1172,5.76
1377,2805802,Riachão do Dantas,SE,Nordeste,34.65,44.45,0,0.1173,9.8
1378,2103158,Centro do Guilherme,MA,Nordeste,87.93,80.0,1,0.1175,-7.93
1379,3167202,Sete Lagoas,MG,Sudeste,71.22,57.97,1,0.1175,-13.25
1380,1100189,Pimenta Bueno,RO,Norte,81.06,71.37,1,0.1176,-9.69
1381,2413557,Serrinha dos Pintos,RN,Nordeste,61.75,61.18,1,0.1176,-0.57
1382,2105302,Imperatriz,MA,Nordeste,54.73,50.82,1,0.1177,-3.91
1383,4204608,Criciúma,SC,Sul,59.81,62.54,0,0.1179,2.73
1384,2614006,Serrita,PE,Nordeste,59.7,58.07,1,0.1179,-1.63
1385,1302405,Lábrea,AM,Norte,68.07,66.9,1,0.1183,-1.17
1386,5100250,Alta Floresta,MT,Centro-Oeste,71.46,57.91,1,0.1186,-13.55
1387,3120904,Curvelo,MG,Sudeste,72.55,67.73,1,0.1187,-4.82
1388,2512101,Pombal,PB,Nordeste,65.57,62.19,1,0.1187,-3.38
1389,3134202,Ituiutaba,MG,Sudeste,63.63,65.79,0,0.1187,2.16
1390,2706802,Piaçabuçu,AL,Nordeste,42.39,38.74,1,0.1187,-3.65
1391,2203602,Eliseu Martins,PI,Nordeste,65.85,80.0,0,0.1187,14.15
1392,2201309,Barreiras do Piauí,PI,Nordeste,50.77,44.83,1,0.1188,-5.94
1393,3154903,Rio Casca,MG,Sudeste,62.76,63.0,0,0.1189,0.24
1394,2612455,Santa Cruz,PE,Nordeste,69.1,70.98,0,0.1191,1.88
1395,2605152,Dormentes,PE,Nordeste,83.37,67.39,1,0.1191,-15.98
1396,4206702,Herval d'Oeste,SC,Sul,62.72,57.65,1,0.1191,-5.07
1397,2610202,Panelas,PE,Nordeste,94.53,77.3,1,0.1191,-17.23
1398,2707107,Piranhas,AL,Nordeste,25.08,31.96,0,0.1192,6.88
1399,2616001,Venturosa,PE,Nordeste,59.29,57.68,1,0.1192,-1.61
1400,2207751,Passagem Franca do Piauí,PI,Nordeste,64.51,80.0,0,0.1192,15.49
1401,5107701,Rosário Oeste,MT,Centro-Oeste,56.37,58.02,0,0.1193,1.65
1402,3156700,Sabará,MG,Sudeste,71.68,60.94,1,0.1195,-10.74
1403,2609006,Macaparana,PE,Nordeste,81.95,73.76,1,0.1199,-8.19
1404,3205200,Vila Velha,ES,Sudeste,67.75,70.0,0,0.12,2.25
1405,2805208,Pinhão,SE,Nordeste,40.26,22.98,1,0.1201,-17.28
1406,5103007,Chapada dos Guimarães,MT,Centro-Oeste,69.0,52.97,1,0.1203,-16.03
1407,2206696,Murici dos Portelas,PI,Nordeste,65.17,69.05,0,0.1203,3.88
1408,5106778,Porto Alegre do Norte,MT,Centro-Oeste,53.25,38.13,1,0.1204,-15.12
1409,2608107,João Alfredo,PE,Nordeste,75.79,60.81,1,0.1205,-14.98
1410,5002951,Chapadão do Sul,MS,Centro-Oeste,63.42,49.18,1,0.1206,-14.24
1411,3125101,Extrema,MG,Sudeste,69.33,61.38,1,0.1206,-7.95
1412,2616183,Vertente do Lério,PE,Nordeste,82.94,80.0,1,0.1206,-2.94
1413,2507002,Itaporanga,PB,Nordeste,48.7,24.9,1,0.1206,-23.8
1414,2708709,São Miguel dos Milagres,AL,Nordeste,50.67,41.31,1,0.1206,-9.36
1415,2402105,Campo Redondo,RN,Nordeste,39.72,31.26,1,0.1207,-8.46
1416,3168705,Timóteo,MG,Sudeste,78.72,59.91,1,0.1209,-18.81
1417,5003751,Eldorado,MS,Centro-Oeste,56.45,76.1,0,0.121,19.65
1418,1702158,Araguanã,TO,Norte,37.81,44.23,0,0.121,6.42
1419,2608453,Lagoa do Carro,PE,Nordeste,59.78,53.55,1,0.1211,-6.23
1420,3548708,São Bernardo do Campo,SP,Sudeste,54.16,59.62,0,0.1213,5.46
1421,1703867,Cariri do Tocantins,TO,Norte,52.01,22.48,1,0.1213,-29.53
1422,2513109,Salgado de São Félix,PB,Nordeste,40.52,80.0,0,0.1217,39.48
1423,2700904,Belo Monte,AL,Nordeste,98.82,80.0,1,0.1217,-18.82
1424,2111722,Satubinha,MA,Nordeste,79.32,80.0,0,0.1218,0.68
1425,2605400,Feira Nova,PE,Nordeste,83.27,80.0,1,0.1218,-3.27
1426,3133303,Itaobim,MG,Sudeste,52.98,54.67,0,0.122,1.69
1427,2516607,Tavares,PB,Nordeste,67.47,75.99,0,0.1223,8.52
1428,2102606,Cândido Mendes,MA,Nordeste,49.53,64.65,0,0.1224,15.12
1429,2608206,Joaquim Nabuco,PE,Nordeste,47.34,54.58,0,0.1224,7.24
1430,2102408,Cajapió,MA,Nordeste,64.0,68.3,0,0.1225,4.3
1431,5220454,Senador Canedo,GO,Centro-Oeste,60.34,53.68,1,0.1225,-6.66
1432,2516508,Taperoá,PB,Nordeste,90.59,78.57,1,0.1225,-12.02
1433,2707305,Porto Calvo,AL,Nordeste,45.99,43.17,1,0.1226,-2.82
1434,2102507,Cajari,MA,Nordeste,34.1,57.7,0,0.1227,23.6
1435,3138203,Lavras,MG,Sudeste,68.67,60.18,1,0.1227,-8.49
1436,2506251,Gado Bravo,PB,Nordeste,70.71,78.52,0,0.1227,7.81
1437,2804300,Muribeca,SE,Nordeste,22.01,15.64,1,0.1228,-6.37
1438,2414902,Viçosa,RN,Nordeste,61.9,62.42,0,0.1229,0.52
1439,5002605,Camapuã,MS,Centro-Oeste,58.24,39.17,1,0.1229,-19.07
1440,2505279,Curral de Cima,PB,Nordeste,55.56,60.93,0,0.123,5.37
1441,2413706,Sítio Novo,RN,Nordeste,48.74,35.88,1,0.1231,-12.86
1442,2511806,Pirpirituba,PB,Nordeste,41.49,41.41,1,0.1234,-0.08
1443,2106508,Matinha,MA,Nordeste,46.67,66.6,0,0.1234,19.93
1444,2615508,Tracunhaém,PE,Nordeste,73.31,62.75,1,0.1235,-10.56
1445,2112803,Viana,MA,Nordeste,53.36,61.88,0,0.1237,8.52
1446,2111078,São João do Soter,MA,Nordeste,53.45,31.6,1,0.1238,-21.85
1447,4219309,Videira,SC,Sul,63.83,61.06,1,0.1238,-2.77
1448,2508406,Lastro,PB,Nordeste,82.76,27.9,1,0.1239,-54.86
1449,5006275,Paraíso das Águas,MS,Centro-Oeste,78.5,76.92,1,0.124,-1.58
1450,2611408,Primavera,PE,Nordeste,50.41,77.9,0,0.1242,27.49
1451,2201919,Bom Princípio do Piauí,PI,Nordeste,75.94,80.0,0,0.1242,4.06
1452,2111789,Serrano do Maranhão,MA,Nordeste,53.62,69.93,0,0.1243,16.31
1453,2502201,Bom Jesus,PB,Nordeste,68.42,32.78,1,0.1244,-35.64
1454,2507903,Juripiranga,PB,Nordeste,45.74,55.28,0,0.1244,9.54
1455,4209003,Joaçaba,SC,Sul,72.15,62.61,1,0.1244,-9.54
1456,2709400,Viçosa,AL,Nordeste,49.91,46.3,1,0.1247,-3.61
1457,2400703,Alto do Rodrigues,RN,Nordeste,52.52,53.58,0,0.1247,1.06
1458,3122306,Divinópolis,MG,Sudeste,77.35,67.23,1,0.1249,-10.12
1459,2410504,Rafael Fernandes,RN,Nordeste,39.27,59.65,0,0.125,20.38
1460,2414100,Tenente Ananias,RN,Nordeste,52.97,48.81,1,0.1251,-4.16
1461,1300201,Atalaia do Norte,AM,Norte,84.07,58.48,1,0.1251,-25.59
1462,5007554,Santa Rita do Pardo,MS,Centro-Oeste,51.3,53.47,0,0.1253,2.17
1463,3301108,Cantagalo,RJ,Sudeste,52.0,59.77,0,0.1253,7.77
1464,3124104,Esmeraldas,MG,Sudeste,68.41,55.55,1,0.1254,-12.86
1465,3146107,Ouro Preto,MG,Sudeste,74.25,59.55,1,0.1254,-14.7
1466,2609501,Nazaré da Mata,PE,Nordeste,56.96,58.93,0,0.1254,1.97
1467,2505238,Cuité de Mamanguape,PB,Nordeste,22.16,16.05,1,0.1254,-6.11
1468,5003454,Deodápolis,MS,Centro-Oeste,66.24,80.0,0,0.1256,13.76
1469,2206605,Monte Alegre do Piauí,PI,Nordeste,57.85,69.24,0,0.1258,11.39
1470,5106174,Nova Nazaré,MT,Centro-Oeste,85.25,51.34,1,0.1259,-33.91
1471,3101706,Almenara,MG,Sudeste,55.06,45.59,1,0.126,-9.47
1472,2512754,Riachão do Bacamarte,PB,Nordeste,46.23,50.27,0,0.126,4.04
1473,3304706,Santo Antônio de Pádua,RJ,Sudeste,73.82,68.58,1,0.1262,-5.24
1474,5106299,Paranaíta,MT,Centro-Oeste,79.7,63.88,1,0.1262,-15.82
1475,2110203,Santa Rita,MA,Nordeste,56.53,62.92,0,0.1263,6.39
1476,1720853,Sucupira,TO,Norte,58.97,77.95,0,0.1267,18.98
1477,5201108,Anápolis,GO,Centro-Oeste,73.22,73.43,0,0.1268,0.21
1478,2108256,Pedro do Rosário,MA,Nordeste,57.92,68.13,0,0.1272,10.21
1479,2110005,Santa Luzia,MA,Nordeste,58.7,58.67,1,0.1272,-0.03
1480,2409407,Pau dos Ferros,RN,Nordeste,41.08,45.25,0,0.1273,4.17
1481,1715002,Nova Rosalândia,TO,Norte,55.38,39.14,1,0.1274,-16.24
1482,2703106,Igaci,AL,Nordeste,24.34,36.85,0,0.1275,12.51
1483,5004502,Itaporã,MS,Centro-Oeste,54.29,70.79,0,0.1275,16.5
1484,1301209,Coari,AM,Norte,40.77,45.17,0,0.1275,4.4
1485,3549904,São José dos Campos,SP,Sudeste,64.52,61.18,1,0.1276,-3.34
1486,2704005,Junqueiro,AL,Nordeste,56.66,57.72,0,0.1277,1.06
1487,2500205,Aguiar,PB,Nordeste,61.96,70.54,0,0.1277,8.58
1488,5004403,Inocência,MS,Centro-Oeste,51.7,40.51,1,0.1277,-11.19
1489,5108600,Vila Rica,MT,Centro-Oeste,55.24,53.14,1,0.1279,-2.1
1490,2906899,Caraíbas,BA,Nordeste,35.56,52.02,0,0.128,16.46
1491,5002209,Bonito,MS,Centro-Oeste,58.78,57.78,1,0.128,-1.0
1492,2612471,Santa Cruz da Baixa Verde,PE,Nordeste,87.09,76.08,1,0.128,-11.01
1493,5101902,Brasnorte,MT,Centro-Oeste,69.06,56.56,1,0.1281,-12.5
1494,2804102,Moita Bonita,SE,Nordeste,58.01,49.05,1,0.1282,-8.96
1495,2805604,Porto da Folha,SE,Nordeste,16.85,30.74,0,0.1283,13.89
1496,5205497,Cidade Ocidental,GO,Centro-Oeste,61.82,56.04,1,0.1284,-5.78
1497,3551009,São Vicente,SP,Sudeste,48.22,49.01,0,0.1284,0.79
1498,3131901,Itabirito,MG,Sudeste,80.39,63.29,1,0.1284,-17.1
1499,5104807,Jaciara,MT,Centro-Oeste,55.26,60.83,0,0.1285,5.57
1500,1302504,Manacapuru,AM,Norte,39.48,49.77,0,0.1286,10.29
1501,2514909,São Mamede,PB,Nordeste,49.02,44.17,1,0.1286,-4.85
1502,2509800,Mulungu,PB,Nordeste,66.64,60.21,1,0.1286,-6.43
1503,2508802,Malta,PB,Nordeste,48.74,70.29,0,0.1287,21.55
1504,2202901,Corrente,PI,Nordeste,37.78,53.03,0,0.1288,15.25
1505,5107578,Rondolândia,MT,Centro-Oeste,51.28,36.18,1,0.1288,-15.1
1506,5100409,Alto Garças,MT,Centro-Oeste,52.91,46.93,1,0.1289,-5.98
1507,2109759,Santa Filomena do Maranhão,MA,Nordeste,40.91,43.08,0,0.1289,2.17
1508,5100201,Água Boa,MT,Centro-Oeste,79.49,62.56,1,0.1289,-16.93
1509,3156205,Rochedo de Minas,MG,Sudeste,58.33,60.44,0,0.129,2.11
1510,2405405,Japi,RN,Nordeste,25.76,21.97,1,0.1293,-3.79
1511,5106257,Nova Xavantina,MT,Centro-Oeste,45.12,72.93,0,0.1294,27.81
1512,5100607,Alto Taquari,MT,Centro-Oeste,70.01,73.52,0,0.1295,3.51
1513,2104677,Governador Nunes Freire,MA,Nordeste,60.92,76.8,0,0.1296,15.88
1514,3303104,Natividade,RJ,Sudeste,56.91,63.56,0,0.1297,6.65
1515,2514453,São José dos Ramos,PB,Nordeste,27.36,62.36,0,0.1297,35.0
1516,2404705,Ipanguaçu,RN,Nordeste,40.91,20.1,1,0.1298,-20.81
1517,2403301,Encanto,RN,Nordeste,67.02,52.83,1,0.1298,-14.19
1518,2203008,Cristalândia do Piauí,PI,Nordeste,79.55,79.94,0,0.1301,0.39
1519,3129806,Ibirité,MG,Sudeste,66.46,56.29,1,0.1302,-10.17
1520,2702009,Coité do Nóia,AL,Nordeste,77.24,75.74,1,0.1302,-1.5
1521,1703057,Bandeirantes do Tocantins,TO,Norte,36.96,42.34,0,0.1302,5.38
1522,3131703,Itabira,MG,Sudeste,69.81,60.96,1,0.1303,-8.85
1523,3169901,Ubá,MG,Sudeste,78.84,67.05,1,0.1303,-11.79
1524,5105101,Juara,MT,Centro-Oeste,59.61,57.76,1,0.1304,-1.85
1525,2113009,Vitorino Freire,MA,Nordeste,73.1,55.82,1,0.1307,-17.28
1526,2603603,Camutanga,PE,Nordeste,66.81,60.07,1,0.1308,-6.74
1527,3126802,Frei Gaspar,MG,Sudeste,69.89,56.48,1,0.1309,-13.41
1528,2608404,Jurema,PE,Nordeste,60.64,57.86,1,0.1309,-2.78
1529,1100049,Cacoal,RO,Norte,66.07,65.39,1,0.131,-0.68
1530,3201308,Cariacica,ES,Sudeste,64.57,60.94,1,0.131,-3.63
1531,2205706,Luís Correia,PI,Nordeste,51.6,65.03,0,0.1311,13.43
1532,3119401,Coronel Fabriciano,MG,Sudeste,64.1,52.71,1,0.1312,-11.39
1533,2706000,Olivença,AL,Nordeste,80.79,54.93,1,0.1314,-25.86
1534,2603504,Camocim de São Félix,PE,Nordeste,68.51,59.74,1,0.1315,-8.77
1535,2409902,Pendências,RN,Nordeste,33.3,47.04,0,0.1315,13.74
1536,3148004,Patos de Minas,MG,Sudeste,79.64,70.88,1,0.1315,-8.76
1537,2611705,Riacho das Almas,PE,Nordeste,68.11,66.6,1,0.1317,-1.51
1538,1600105,Amapá,AP,Norte,19.3,38.23,0,0.1317,18.93
1539,3171303,Viçosa,MG,Sudeste,78.22,65.52,1,0.1317,-12.7
1540,2512747,Riachão,PB,Nordeste,70.37,56.97,1,0.1318,-13.4
1541,2101202,Bacabal,MA,Nordeste,51.38,51.22,1,0.1319,-0.16
1542,2803708,Macambira,SE,Nordeste,29.17,44.75,0,0.132,15.58
1543,2103307,Codó,MA,Nordeste,50.85,52.32,0,0.132,1.47
1544,3162922,São Joaquim de Bicas,MG,Sudeste,82.15,53.39,1,0.1321,-28.76
1545,5100300,Alto Araguaia,MT,Centro-Oeste,75.59,74.79,1,0.1321,-0.8
1546,2604304,Cedro,PE,Nordeste,63.12,52.32,1,0.1321,-10.8
1547,3100203,Abaeté,MG,Sudeste,78.3,56.9,1,0.1323,-21.4
1548,2100055,Açailândia,MA,Nordeste,62.76,45.9,1,0.1324,-16.86
1549,5104526,Ipiranga do Norte,MT,Centro-Oeste,59.46,64.83,0,0.1324,5.37
1550,2209500,Santo Inácio do Piauí,PI,Nordeste,85.37,74.44,1,0.1325,-10.93
1551,2514800,São José dos Cordeiros,PB,Nordeste,95.24,80.0,1,0.1325,-15.24
1552,2616506,Xexéu,PE,Nordeste,81.33,65.51,1,0.1326,-15.82
1553,2505352,Damião,PB,Nordeste,50.86,44.24,1,0.1326,-6.62
1554,2807501,Tomar do Geru,SE,Nordeste,40.43,48.79,0,0.1328,8.36
1555,2802502,General Maynard,SE,Nordeste,21.91,27.09,0,0.1329,5.18
1556,2702801,Flexeiras,AL,Nordeste,49.34,41.5,1,0.1329,-7.84
1557,3171501,Mathias Lobato,MG,Sudeste,67.61,56.26,1,0.133,-11.35
1558,3158003,Santa Maria de Itabira,MG,Sudeste,77.79,58.85,1,0.133,-18.94
1559,2207306,Paes Landim,PI,Nordeste,45.31,56.42,0,0.1331,11.11
1560,2108108,Paulo Ramos,MA,Nordeste,90.57,76.82,1,0.1331,-13.75
1561,2802403,Gararu,SE,Nordeste,36.4,26.47,1,0.1332,-9.93
1562,2112704,Vargem Grande,MA,Nordeste,96.58,80.0,1,0.1334,-16.58
1563,5103700,Feliz Natal,MT,Centro-Oeste,51.15,67.6,0,0.1335,16.45
1564,2504504,Condado,PB,Nordeste,46.13,60.18,0,0.1335,14.05
1565,5007935,Sonora,MS,Centro-Oeste,78.58,52.8,1,0.1336,-25.78
1566,5106307,Paranatinga,MT,Centro-Oeste,60.98,50.99,1,0.1337,-9.99
1567,1100908,Castanheiras,RO,Norte,65.42,71.71,0,0.1338,6.29
1568,2803609,Laranjeiras,SE,Nordeste,27.35,23.05,1,0.1338,-4.3
1569,2100709,Anajatuba,MA,Nordeste,41.33,73.92,0,0.1339,32.59
1570,2501906,Belém,PB,Nordeste,34.72,60.65,0,0.134,25.93
1571,3170404,Unaí,MG,Sudeste,67.21,60.33,1,0.134,-6.88
1572,1301902,Itacoatiara,AM,Norte,49.37,51.78,0,0.134,2.41
1573,2202505,Caracol,PI,Nordeste,49.31,64.12,0,0.1341,14.81
1574,1716653,Pequizeiro,TO,Norte,61.79,41.97,1,0.1342,-19.82
1575,5207907,Flores de Goiás,GO,Centro-Oeste,65.41,68.9,0,0.1343,3.49
1576,2517001,Umbuzeiro,PB,Nordeste,79.38,44.74,1,0.1343,-34.64
1577,3152105,Ponte Nova,MG,Sudeste,78.64,57.17,1,0.1344,-21.47
1578,1100940,Cujubim,RO,Norte,67.6,77.84,0,0.1344,10.24
1579,2201507,Batalha,PI,Nordeste,46.97,49.49,0,0.1346,2.52
1580,2107456,Olinda Nova do Maranhão,MA,Nordeste,37.64,80.0,0,0.1347,42.36
1581,2206407,Monsenhor Gil,PI,Nordeste,42.48,63.58,0,0.1347,21.1
1582,4202057,Balneário Barra do Sul,SC,Sul,51.19,63.53,0,0.135,12.34
1583,3115300,Cataguases,MG,Sudeste,64.07,42.67,1,0.135,-21.4
1584,5107354,São José do Xingu,MT,Centro-Oeste,35.26,56.04,0,0.1351,20.78
1585,2706406,Pão de Açúcar,AL,Nordeste,55.26,52.93,1,0.1351,-2.33
1586,2403707,Felipe Guerra,RN,Nordeste,51.71,58.61,0,0.1352,6.9
1587,2411700,São Bento do Trairí,RN,Nordeste,33.62,40.24,0,0.1352,6.62
1588,5103254,Colniza,MT,Centro-Oeste,69.19,47.78,1,0.1353,-21.41
1589,2109908,Santa Inês,MA,Nordeste,50.83,52.49,0,0.1354,1.66
1590,2709004,Tanque d'Arca,AL,Nordeste,53.45,48.08,1,0.1356,-5.37
1591,2800670,Boquim,SE,Nordeste,34.91,29.96,1,0.1356,-4.95
1592,2207900,Pedro II,PI,Nordeste,41.98,32.31,1,0.1357,-9.67
1593,2114007,Zé Doca,MA,Nordeste,72.3,80.0,0,0.1357,7.7
1594,3140704,Mateus Leme,MG,Sudeste,75.26,60.63,1,0.1358,-14.63
1595,2205508,José de Freitas,PI,Nordeste,42.98,54.78,0,0.1358,11.8
1596,5103601,Dom Aquino,MT,Centro-Oeste,71.45,80.0,0,0.1359,8.55
1597,2612109,Salgadinho,PE,Nordeste,92.16,80.0,1,0.1359,-12.16
1598,3103504,Araguari,MG,Sudeste,65.37,53.17,1,0.136,-12.2
1599,2605103,Custódia,PE,Nordeste,84.57,80.0,1,0.136,-4.57
1600,2110500,São Bento,MA,Nordeste,79.26,80.0,0,0.1361,0.74
1601,3159605,Santa Rita do Sapucaí,MG,Sudeste,77.94,54.67,1,0.1364,-23.27
1602,3151602,Planura,MG,Sudeste,65.98,51.44,1,0.1364,-14.54
1603,1101807,Vale do Paraíso,RO,Norte,44.06,59.72,0,0.1367,15.66
1604,3505708,Barueri,SP,Sudeste,68.13,65.63,1,0.1369,-2.5
1605,3541000,Praia Grande,SP,Sudeste,51.25,55.55,0,0.1369,4.3
1606,2610103,Palmeirina,PE,Nordeste,59.45,63.78,0,0.1369,4.33
1607,3144300,Nanuque,MG,Sudeste,60.09,56.6,1,0.1369,-3.49
1608,5007109,Ribas do Rio Pardo,MS,Centro-Oeste,42.87,41.16,1,0.1371,-1.71
1609,2604502,Chã Grande,PE,Nordeste,58.51,59.42,0,0.1374,0.91
1610,2605608,Flores,PE,Nordeste,68.28,75.14,0,0.1375,6.86
1611,5101852,Bom Jesus do Araguaia,MT,Centro-Oeste,82.63,38.34,1,0.1376,-44.29
1612,3146305,Padre Paraíso,MG,Sudeste,57.39,54.04,1,0.1378,-3.35
1613,1703602,Brasilândia do Tocantins,TO,Norte,68.9,36.84,1,0.1379,-32.06
1614,5106851,Porto Estrela,MT,Centro-Oeste,77.75,80.0,0,0.138,2.25
1615,2615706,Triunfo,PE,Nordeste,80.64,80.0,1,0.138,-0.64
1616,3120151,Crisólita,MG,Sudeste,48.66,57.46,0,0.1382,8.8
1617,2705309,Minador do Negrão,AL,Nordeste,27.99,37.11,0,0.1384,9.12
1618,2108504,Pindaré-Mirim,MA,Nordeste,51.09,47.1,1,0.1384,-3.99
1619,5002100,Bela Vista,MS,Centro-Oeste,48.18,49.58,0,0.1385,1.4
1620,2108306,Penalva,MA,Nordeste,63.88,59.53,1,0.1385,-4.35
1621,3547809,Santo André,SP,Sudeste,60.42,57.33,1,0.1386,-3.09
1622,5201702,Aragarças,GO,Centro-Oeste,72.16,66.26,1,0.1386,-5.9
1623,5215231,Novo Gama,GO,Centro-Oeste,57.35,56.87,1,0.1386,-0.48
1624,2103752,Davinópolis,MA,Nordeste,69.82,68.9,1,0.1387,-0.92
1625,1100403,Alto Paraíso,RO,Norte,60.45,64.58,0,0.1389,4.13
1626,2201408,Barro Duro,PI,Nordeste,40.17,44.76,0,0.1389,4.59
1627,2512309,Princesa Isabel,PB,Nordeste,86.55,80.0,1,0.139,-6.55
1628,3302304,Laje do Muriaé,RJ,Sudeste,48.41,50.82,0,0.139,2.41
1629,1101302,Mirante da Serra,RO,Norte,73.82,62.66,1,0.1392,-11.16
1630,2211100,União,PI,Nordeste,35.21,34.02,1,0.1392,-1.19
1631,2502102,Boa Ventura,PB,Nordeste,47.71,35.73,1,0.1393,-11.98
1632,5107248,Santa Carmem,MT,Centro-Oeste,93.91,72.84,1,0.1394,-21.07
1633,5106232,Nova Olímpia,MT,Centro-Oeste,57.29,55.56,1,0.1395,-1.73
1634,1700350,Aliança do Tocantins,TO,Norte,76.09,80.0,0,0.1396,3.91
1635,2515401,São Vicente do Seridó,PB,Nordeste,54.16,59.88,0,0.1396,5.72
1636,4304606,Canoas,RS,Sul,42.9,57.6,0,0.14,14.7
1637,3139409,Manhuaçu,MG,Sudeste,75.92,53.58,1,0.14,-22.34
1638,1300805,Borba,AM,Norte,41.24,35.51,1,0.14,-5.73
1639,1100288,Rolim de Moura,RO,Norte,74.17,70.6,1,0.1403,-3.57
1640,1100114,Jaru,RO,Norte,65.15,65.65,0,0.1405,0.5
1641,3109402,Buritizeiro,MG,Sudeste,62.63,44.21,1,0.1406,-18.42
1642,3153905,Raposos,MG,Sudeste,69.66,53.57,1,0.1406,-16.09
1643,5000252,Alcinópolis,MS,Centro-Oeste,63.77,77.19,0,0.1406,13.42
1644,5002803,Caracol,MS,Centro-Oeste,55.67,54.48,1,0.1408,-1.19
1645,5108006,Tapurah,MT,Centro-Oeste,68.81,59.92,1,0.141,-8.89
1646,5217609,Planaltina,GO,Centro-Oeste,75.11,67.87,1,0.141,-7.24
1647,1101104,Itapuã do Oeste,RO,Norte,70.62,80.0,0,0.141,9.38
1648,2414308,Timbaúba dos Batistas,RN,Nordeste,40.0,27.96,1,0.141,-12.04
1649,2406304,Lagoa de Pedras,RN,Nordeste,28.89,52.99,0,0.141,24.1
1650,1303908,São Paulo de Olivença,AM,Norte,36.71,40.03,0,0.141,3.32
1651,2709152,Teotônio Vilela,AL,Nordeste,57.59,57.03,1,0.141,-0.56
1652,2708956,Senador Rui Palmeira,AL,Nordeste,57.08,56.54,1,0.141,-0.54
1653,1717206,Piraquê,TO,Norte,54.55,33.29,1,0.141,-21.26
1654,3140159,Mário Campos,MG,Sudeste,74.09,71.88,1,0.1411,-2.21
1655,2503555,Cacimbas,PB,Nordeste,47.9,39.49,1,0.1411,-8.41
1656,1301852,Iranduba,AM,Norte,36.82,50.85,0,0.1411,14.03
1657,3116209,Chiador,MG,Sudeste,76.01,77.9,0,0.1412,1.89
1658,3143906,Muriaé,MG,Sudeste,75.48,62.06,1,0.1412,-13.42
1659,5106182,Nova Lacerda,MT,Centro-Oeste,67.64,59.29,1,0.1413,-8.35
1660,2403202,Doutor Severiano,RN,Nordeste,53.06,58.21,0,0.1414,5.15
1661,5103056,Cláudia,MT,Centro-Oeste,66.28,61.97,1,0.1414,-4.31
1662,3138401,Leopoldina,MG,Sudeste,65.12,62.21,1,0.1414,-2.91
1663,2805307,Pirambu,SE,Nordeste,37.68,33.03,1,0.1415,-4.65
1664,1704600,Chapada de Areia,TO,Norte,6.25,54.93,0,0.1415,48.68
1665,3142304,Moeda,MG,Sudeste,90.58,78.2,1,0.1416,-12.38
1666,2501575,Barra de Santana,PB,Nordeste,49.18,35.21,1,0.1416,-13.97
1667,5005004,Jardim,MS,Centro-Oeste,53.84,42.02,1,0.1417,-11.82
1668,5106000,Nortelândia,MT,Centro-Oeste,65.5,52.79,1,0.1417,-12.71
1669,2102101,Brejo,MA,Nordeste,58.08,55.2,1,0.1419,-2.88
1670,2104651,Governador Newton Bello,MA,Nordeste,78.08,70.87,1,0.1419,-7.21
1671,3148103,Patrocínio,MG,Sudeste,71.67,64.83,1,0.1419,-6.84
1672,1718881,Santa Maria do Tocantins,TO,Norte,39.73,31.78,1,0.1419,-7.95
1673,5105176,Juruena,MT,Centro-Oeste,73.66,63.07,1,0.1421,-10.59
1674,2201903,Bom Jesus,PI,Nordeste,98.95,80.0,1,0.1421,-18.95
1675,2414704,Várzea,RN,Nordeste,45.68,24.12,1,0.1421,-21.56
1676,4207007,Içara,SC,Sul,69.13,71.39,0,0.1421,2.26
1677,3305133,São José de Ubá,RJ,Sudeste,80.39,75.86,1,0.1422,-4.53
1678,5104104,Guarantã do Norte,MT,Centro-Oeste,54.22,63.98,0,0.1423,9.76
1679,5103502,Diamantino,MT,Centro-Oeste,60.5,56.72,1,0.1423,-3.78
1680,3102050,Alto Caparaó,MG,Sudeste,87.17,80.0,1,0.1424,-7.17
1681,2505808,Duas Estradas,PB,Nordeste,60.0,16.94,1,0.1424,-43.06
1682,2806404,Santana do São Francisco,SE,Nordeste,22.21,36.03,0,0.1425,13.82
1683,3128709,Guaxupé,MG,Sudeste,66.93,57.85,1,0.1425,-9.08
1684,2700706,Batalha,AL,Nordeste,45.96,40.06,1,0.1425,-5.9
1685,2502706,Borborema,PB,Nordeste,67.57,80.0,0,0.1426,12.43
1686,2504207,Catingueira,PB,Nordeste,96.08,39.72,1,0.1427,-56.36
1687,4219507,Xanxerê,SC,Sul,70.05,68.79,1,0.1427,-1.26
1688,2511509,Pilar,PB,Nordeste,38.07,74.43,0,0.143,36.36
1689,1100155,Ouro Preto do Oeste,RO,Norte,66.4,73.58,0,0.1431,7.18
1690,2103174,Centro Novo do Maranhão,MA,Nordeste,36.86,46.3,0,0.1432,9.44
1691,2108207,Pedreiras,MA,Nordeste,64.51,70.02,0,0.1433,5.51
1692,2100436,Alto Alegre do Maranhão,MA,Nordeste,51.5,71.78,0,0.1434,20.28
1693,2611533,Quixaba,PE,Nordeste,87.04,80.0,1,0.1435,-7.04
1694,3130101,Igarapé,MG,Sudeste,73.84,56.52,1,0.1436,-17.32
1695,4218707,Tubarão,SC,Sul,60.48,71.86,0,0.1436,11.38
1696,3132404,Itajubá,MG,Sudeste,79.1,63.11,1,0.1436,-15.99
1697,3127107,Frutal,MG,Sudeste,73.59,58.24,1,0.1438,-15.35
1698,3140852,Matias Cardoso,MG,Sudeste,31.08,44.2,0,0.1439,13.12
1699,3162104,São Gotardo,MG,Sudeste,75.31,57.5,1,0.1439,-17.81
1700,3202405,Guarapari,ES,Sudeste,75.99,73.1,1,0.1442,-2.89
1701,1101757,Vale do Anari,RO,Norte,55.65,43.54,1,0.1442,-12.11
1702,2205359,João Costa,PI,Nordeste,97.14,55.82,1,0.1443,-41.32
1703,2702553,Estrela de Alagoas,AL,Nordeste,36.15,41.35,0,0.1444,5.2
1704,2508554,Logradouro,PB,Nordeste,94.6,80.0,1,0.1445,-14.6
1705,5002001,Batayporã,MS,Centro-Oeste,67.77,51.26,1,0.1446,-16.51
1706,2800100,Amparo de São Francisco,SE,Nordeste,50.0,47.31,1,0.1446,-2.69
1707,2410009,Pilões,RN,Nordeste,63.16,67.21,0,0.1446,4.05
1708,3132305,Itaipé,MG,Sudeste,60.31,61.22,0,0.1447,0.91
1709,3147907,Passos,MG,Sudeste,82.88,67.82,1,0.1447,-15.06
1710,4205803,Garuva,SC,Sul,66.73,58.9,1,0.145,-7.83
1711,4319737,São Valério do Sul,RS,Sul,46.2,72.78,0,0.145,26.58
1712,2209005,Rio Grande do Piauí,PI,Nordeste,41.79,53.74,0,0.1451,11.95
1713,2210508,São Pedro do Piauí,PI,Nordeste,67.14,54.3,1,0.1451,-12.84
1714,3518701,Guarujá,SP,Sudeste,48.38,53.43,0,0.1451,5.05
1715,2509404,Mogeiro,PB,Nordeste,60.61,74.26,0,0.1451,13.65
1716,2108454,Peritoró,MA,Nordeste,70.53,61.07,1,0.1451,-9.46
1717,3113305,Carangola,MG,Sudeste,60.84,55.64,1,0.1452,-5.2
1718,5103908,General Carneiro,MT,Centro-Oeste,66.1,80.0,0,0.1452,13.9
1719,2210656,Sigefredo Pacheco,PI,Nordeste,75.67,50.79,1,0.1453,-24.88
1720,2103406,Coelho Neto,MA,Nordeste,76.13,63.75,1,0.1454,-12.38
1721,2615904,Tuparetama,PE,Nordeste,82.52,77.54,1,0.1454,-4.98
1722,3163706,São Lourenço,MG,Sudeste,85.37,66.73,1,0.1454,-18.64
1723,2600203,Afrânio,PE,Nordeste,59.87,58.8,1,0.1455,-1.07
1724,4212809,Balneário Piçarras,SC,Sul,53.84,64.55,0,0.1455,10.71
1725,5001904,Bataguassu,MS,Centro-Oeste,52.31,44.18,1,0.1456,-8.13
1726,1302702,Manicoré,AM,Norte,61.53,56.43,1,0.1457,-5.1
1727,5218805,Rio Verde,GO,Centro-Oeste,89.88,80.0,1,0.1459,-9.88
1728,2101400,Balsas,MA,Nordeste,39.54,46.12,0,0.146,6.58
1729,2104057,Estreito,MA,Nordeste,59.79,59.05,1,0.1461,-0.74
1730,1711100,Itaporã do Tocantins,TO,Norte,24.0,66.76,0,0.1461,42.76
1731,2111029,São João do Carú,MA,Nordeste,70.68,67.59,1,0.1463,-3.09
1732,2500577,Algodão de Jandaíra,PB,Nordeste,50.16,50.06,1,0.1463,-0.1
1733,2206902,Novo Oriente do Piauí,PI,Nordeste,89.56,70.76,1,0.1464,-18.8
1734,2208858,Riacho Frio,PI,Nordeste,92.42,80.0,1,0.1464,-12.42
1735,2207603,Parnaguá,PI,Nordeste,47.35,69.66,0,0.1466,22.31
1736,3164704,São Sebastião do Paraíso,MG,Sudeste,81.09,67.85,1,0.1466,-13.24
1737,2501153,Areia de Baraúnas,PB,Nordeste,36.36,32.22,1,0.1468,-4.14
1738,5106216,Nova Canaã do Norte,MT,Centro-Oeste,68.51,60.45,1,0.1469,-8.06
1739,1101005,Governador Jorge Teixeira,RO,Norte,70.76,67.54,1,0.1469,-3.22
1740,2502003,Belém do Brejo do Cruz,PB,Nordeste,40.07,61.23,0,0.147,21.16
1741,2516409,Tacima,PB,Nordeste,77.72,59.92,1,0.1472,-17.8
1742,2205805,Luzilândia,PI,Nordeste,54.9,56.4,0,0.1472,1.5
1743,3103751,Araporã,MG,Sudeste,73.61,65.56,1,0.1472,-8.05
1744,3151206,Pirapora,MG,Sudeste,69.43,54.52,1,0.1472,-14.91
1745,2513000,Salgadinho,PB,Nordeste,83.93,73.86,1,0.1474,-10.07
1746,2706422,Pariconha,AL,Nordeste,56.98,47.56,1,0.1475,-9.42
1747,4207502,Indaial,SC,Sul,66.7,59.31,1,0.1476,-7.39
1748,2707800,Roteiro,AL,Nordeste,45.95,66.92,0,0.1477,20.97
1749,2701605,Canapi,AL,Nordeste,62.21,51.08,1,0.1479,-11.13
1750,1300060,Amaturá,AM,Norte,64.58,65.52,0,0.148,0.94
1751,3162500,São João del Rei,MG,Sudeste,77.27,59.67,1,0.148,-17.6
1752,2604809,Cortês,PE,Nordeste,70.4,64.81,1,0.1481,-5.59
1753,1100098,Espigão D'Oeste,RO,Norte,69.79,80.0,0,0.1482,10.21
1754,3139508,Manhumirim,MG,Sudeste,68.84,70.43,0,0.1482,1.59
1755,3137007,Ladainha,MG,Sudeste,54.47,31.02,1,0.1482,-23.45
1756,4215703,Santo Amaro da Imperatriz,SC,Sul,62.84,61.81,1,0.1483,-1.03
1757,2513307,Santa Helena,PB,Nordeste,96.58,57.33,1,0.1483,-39.25
1758,4219705,Xaxim,SC,Sul,59.72,68.78,0,0.1483,9.06
1759,5103205,Colíder,MT,Centro-Oeste,64.22,54.3,1,0.1484,-9.92
1760,3147006,Paracatu,MG,Sudeste,68.16,68.02,1,0.1485,-0.14
1761,2501203,Areial,PB,Nordeste,70.75,80.0,0,0.1486,9.25
1762,2108603,Pinheiro,MA,Nordeste,46.82,57.5,0,0.1486,10.68
1763,2109809,Santa Helena,MA,Nordeste,72.74,60.93,1,0.1487,-11.81
1764,2111631,São Raimundo do Doca Bezerra,MA,Nordeste,55.35,60.22,0,0.1487,4.87
1765,2202000,Buriti dos Lopes,PI,Nordeste,61.68,47.6,1,0.1491,-14.08
1766,2412807,São Rafael,RN,Nordeste,25.47,26.88,0,0.1492,1.41
1767,5100102,Acorizal,MT,Centro-Oeste,40.41,44.52,0,0.1492,4.11
1768,3304128,Quatis,RJ,Sudeste,60.05,54.03,1,0.1492,-6.02
1769,2509701,Monteiro,PB,Nordeste,61.09,59.17,1,0.1493,-1.92
1770,3536505,Paulínia,SP,Sudeste,61.39,53.65,1,0.1495,-7.74
1771,2703759,Jequiá da Praia,AL,Nordeste,95.65,55.12,1,0.1497,-40.53
1772,2706208,Palestina,AL,Nordeste,51.18,40.59,1,0.1497,-10.59
1773,3149309,Pedro Leopoldo,MG,Sudeste,75.11,62.5,1,0.1499,-12.61
1774,3157104,Salto da Divisa,MG,Sudeste,59.15,49.57,1,0.15,-9.58
1775,3549805,São José do Rio Preto,SP,Sudeste,56.85,56.68,1,0.15,-0.17
1776,5107883,Serra Nova Dourada,MT,Centro-Oeste,94.74,67.73,1,0.1501,-27.01
1777,2401602,Bento Fernandes,RN,Nordeste,29.29,21.48,1,0.1502,-7.81
1778,5006259,Novo Horizonte do Sul,MS,Centro-Oeste,78.44,52.69,1,0.1503,-25.75
1779,3145901,Ouro Branco,MG,Sudeste,81.33,67.76,1,0.1503,-13.57
1780,2512002,Pocinhos,PB,Nordeste,54.09,48.17,1,0.1504,-5.92
1781,3556206,Valinhos,SP,Sudeste,48.21,55.55,0,0.1505,7.34
1782,2606309,Granito,PE,Nordeste,68.11,57.04,1,0.1506,-11.07
1783,2709103,Taquarana,AL,Nordeste,38.96,49.8,0,0.1506,10.84
1784,3145208,Nova Serrana,MG,Sudeste,72.47,59.11,1,0.1506,-13.36
1785,2104107,Fortaleza dos Nogueiras,MA,Nordeste,78.25,50.73,1,0.1507,-27.52
1786,5106828,Porto Esperidião,MT,Centro-Oeste,49.8,49.74,1,0.1508,-0.06
1787,2105906,Lago Verde,MA,Nordeste,76.73,65.07,1,0.1509,-11.66
1788,5108303,União do Sul,MT,Centro-Oeste,68.93,63.63,1,0.151,-5.3
1789,2506707,Imaculada,PB,Nordeste,42.25,69.22,0,0.1511,26.97
1790,1300508,Barreirinha,AM,Norte,25.0,36.81,0,0.1512,11.81
1791,1100452,Buritis,RO,Norte,72.32,54.78,1,0.1512,-17.54
1792,5105622,Mirassol d'Oeste,MT,Centro-Oeste,57.5,56.36,1,0.1512,-1.14
1793,3144607,Nepomuceno,MG,Sudeste,77.99,58.03,1,0.1513,-19.96
1794,4105805,Colombo,PR,Sul,60.67,67.38,0,0.1514,6.71
1795,3154101,Recreio,MG,Sudeste,61.02,73.4,0,0.1514,12.38
1796,1100346,Alvorada D'Oeste,RO,Norte,68.33,36.33,1,0.1515,-32.0
1797,2702702,Feliz Deserto,AL,Nordeste,45.9,44.08,1,0.1516,-1.82
1798,3132107,Itacarambi,MG,Sudeste,69.5,54.5,1,0.1519,-15.0
1799,2513406,Santa Luzia,PB,Nordeste,54.05,59.0,0,0.1521,4.95
1800,2106409,Mata Roma,MA,Nordeste,76.86,71.33,1,0.1521,-5.53
1801,2513208,Santa Cruz,PB,Nordeste,86.28,57.29,1,0.1521,-28.99
1802,2106631,Matões do Norte,MA,Nordeste,57.42,66.46,0,0.1521,9.04
1803,3525904,Jundiaí,SP,Sudeste,70.49,70.94,0,0.1522,0.45
1804,2210623,Sebastião Barros,PI,Nordeste,50.0,33.21,1,0.1522,-16.79
1805,1100015,Alta Floresta D'Oeste,RO,Norte,67.79,67.08,1,0.1522,-0.71
1806,2602506,Brejinho,PE,Nordeste,79.05,72.8,1,0.1524,-6.25
1807,1703826,Cachoeirinha,TO,Norte,64.0,34.72,1,0.1524,-29.28
1808,2606903,Iguaraci,PE,Nordeste,83.67,73.75,1,0.1525,-9.92
1809,4214003,Presidente Getúlio,SC,Sul,58.58,65.13,0,0.1525,6.55
1810,5104906,Jangada,MT,Centro-Oeste,54.87,59.89,0,0.1525,5.02
1811,3162401,São João da Ponte,MG,Sudeste,63.51,67.96,0,0.1525,4.45
1812,2106375,Maranhãozinho,MA,Nordeste,97.62,76.95,1,0.1527,-20.67
1813,4202800,Braço do Norte,SC,Sul,58.11,63.84,0,0.1527,5.73
1814,2407401,Martins,RN,Nordeste,54.91,47.7,1,0.1527,-7.21
1815,2102358,Buritirana,MA,Nordeste,54.91,64.45,0,0.1529,9.54
1816,5210109,Ipameri,GO,Centro-Oeste,74.13,66.71,1,0.1532,-7.42
1817,2208106,Pimenteiras,PI,Nordeste,61.41,63.73,0,0.1532,2.32
1818,2601508,Belém de Maria,PE,Nordeste,79.67,72.62,1,0.1534,-7.05
1819,2615201,Terra Nova,PE,Nordeste,71.07,64.99,1,0.1534,-6.08
1820,3523107,Itaquaquecetuba,SP,Sudeste,57.48,48.89,1,0.1535,-8.59
1821,2804607,Nossa Senhora das Dores,SE,Nordeste,28.34,39.64,0,0.1537,11.3
1822,2104099,Formosa da Serra Negra,MA,Nordeste,84.29,80.0,1,0.1538,-4.29
1823,2504850,Coxixola,PB,Nordeste,93.33,75.76,1,0.1539,-17.57
1824,3160702,Santos Dumont,MG,Sudeste,72.65,59.95,1,0.154,-12.7
1825,3136207,João Monlevade,MG,Sudeste,82.75,64.07,1,0.154,-18.68
1826,1709807,Ipueiras,TO,Norte,21.43,34.46,0,0.1541,13.03
1827,2706109,Ouro Branco,AL,Nordeste,52.43,27.52,1,0.1543,-24.91
1828,2502151,Boa Vista,PB,Nordeste,49.49,70.41,0,0.1543,20.92
1829,3529401,Mauá,SP,Sudeste,73.14,51.29,1,0.1545,-21.85
1830,3552809,Taboão da Serra,SP,Sudeste,49.2,51.16,0,0.1546,1.96
1831,2205201,Jaicós,PI,Nordeste,58.67,79.14,0,0.1548,20.47
1832,2209757,São Gonçalo do Gurguéia,PI,Nordeste,60.71,77.0,0,0.1548,16.29
1833,3101607,Alfenas,MG,Sudeste,73.41,62.52,1,0.1549,-10.89
1834,2806107,Rosário do Catete,SE,Nordeste,39.01,45.54,0,0.1549,6.53
1835,3517505,Guapiaçu,SP,Sudeste,70.54,60.24,1,0.1552,-10.3
1836,5106265,Novo Mundo,MT,Centro-Oeste,67.67,57.99,1,0.1553,-9.68
1837,2103000,Caxias,MA,Nordeste,55.15,49.57,1,0.1553,-5.58
1838,3162955,São José da Lapa,MG,Sudeste,75.09,65.31,1,0.1553,-9.78
1839,2204402,Gilbués,PI,Nordeste,39.2,38.32,1,0.1554,-0.88
1840,2612703,Santa Maria do Cambucá,PE,Nordeste,70.05,80.0,0,0.1554,9.95
1841,2505402,Desterro,PB,Nordeste,45.8,59.88,0,0.1555,14.08
1842,2407906,Monte das Gameleiras,RN,Nordeste,32.92,40.25,0,0.1556,7.33
1843,1100379,Alto Alegre dos Parecis,RO,Norte,79.54,71.19,1,0.1558,-8.35
1844,1101708,Urupá,RO,Norte,61.28,72.36,0,0.1558,11.08
1845,3101508,Além Paraíba,MG,Sudeste,55.1,70.71,0,0.1559,15.61
1846,3161106,São Francisco,MG,Sudeste,61.46,51.71,1,0.156,-9.75
1847,3172004,Visconde do Rio Branco,MG,Sudeste,74.81,60.26,1,0.1562,-14.55
1848,3135209,Januária,MG,Sudeste,57.52,27.24,1,0.1562,-30.28
1849,3121605,Diamantina,MG,Sudeste,72.02,62.93,1,0.1562,-9.09
1850,5103957,Glória D'Oeste,MT,Centro-Oeste,83.78,80.0,1,0.1562,-3.78
1851,2506202,Frei Martinho,PB,Nordeste,71.43,45.11,1,0.1563,-26.32
1852,2801108,Canhoba,SE,Nordeste,64.29,51.04,1,0.1564,-13.25
1853,1300680,Boa Vista do Ramos,AM,Norte,37.21,33.37,1,0.1564,-3.84
1854,2804409,Neópolis,SE,Nordeste,30.98,28.33,1,0.1566,-2.65
1855,2101772,Bela Vista do Maranhão,MA,Nordeste,77.73,56.48,1,0.1566,-21.25
1856,2112209,Timon,MA,Nordeste,75.74,69.77,1,0.1567,-5.97
1857,3140001,Mariana,MG,Sudeste,67.81,58.12,1,0.1567,-9.69
1858,3111408,Campo Florido,MG,Sudeste,52.14,76.57,0,0.1568,24.43
1859,2614600,Tabira,PE,Nordeste,69.1,74.03,0,0.1569,4.93
1860,2803302,Japaratuba,SE,Nordeste,58.28,48.16,1,0.1569,-10.12
1861,1100700,Campo Novo de Rondônia,RO,Norte,71.94,62.75,1,0.1569,-9.19
1862,2105401,Itapecuru Mirim,MA,Nordeste,60.47,57.76,1,0.157,-2.71
1863,4219101,Vargeão,SC,Sul,52.72,80.0,0,0.1571,27.28
1864,3204906,São Mateus,ES,Sudeste,70.65,69.26,1,0.1572,-1.39
1865,2109270,Presidente Sarney,MA,Nordeste,39.6,65.63,0,0.1573,26.03
1866,2511707,Pilõezinhos,PB,Nordeste,56.06,80.0,0,0.1573,23.94
1867,2800209,Aquidabã,SE,Nordeste,20.53,28.59,0,0.1573,8.06
1868,4107652,Fazenda Rio Grande,PR,Sul,64.69,70.65,0,0.1574,5.96
1869,2503803,Caldas Brandão,PB,Nordeste,32.4,59.08,0,0.1577,26.68
1870,2505204,Cuitegi,PB,Nordeste,24.78,36.38,0,0.1577,11.6
1871,3168002,Taiobeiras,MG,Sudeste,85.52,70.99,1,0.1577,-14.53
1872,3169604,Tupaciguara,MG,Sudeste,58.34,45.41,1,0.1578,-12.93
1873,2609709,Orobó,PE,Nordeste,91.54,64.34,1,0.1578,-27.2
1874,2402402,Carnaúba dos Dantas,RN,Nordeste,29.88,67.88,0,0.1579,38.0
1875,5108501,Vera,MT,Centro-Oeste,52.77,41.54,1,0.1581,-11.23
1876,3552403,Sumaré,SP,Sudeste,57.49,57.39,1,0.1581,-0.1
1877,3552205,Sorocaba,SP,Sudeste,54.67,53.15,1,0.1582,-1.52
1878,5221577,Uirapuru,GO,Centro-Oeste,66.67,45.24,1,0.1582,-21.43
1879,2701506,Campo Grande,AL,Nordeste,37.4,56.21,0,0.1584,18.81
1880,2111706,São Vicente Ferrer,MA,Nordeste,76.82,64.17,1,0.1585,-12.65
1881,2410801,Riacho de Santana,RN,Nordeste,53.36,52.8,1,0.1585,-0.56
1882,3113404,Caratinga,MG,Sudeste,67.42,55.16,1,0.1586,-12.26
1883,1301308,Codajás,AM,Norte,48.37,49.49,0,0.1587,1.12
1884,4119152,Pinhais,PR,Sul,57.37,65.58,0,0.1587,8.21
1885,3167509,Simão Pereira,MG,Sudeste,48.25,14.14,1,0.1589,-34.11
1886,4113700,Londrina,PR,Sul,72.91,74.82,0,0.1589,1.91
1887,5101605,Barão de Melgaço,MT,Centro-Oeste,52.26,63.34,0,0.1589,11.08
1888,5107792,Santo Antônio do Leste,MT,Centro-Oeste,75.82,64.12,1,0.1589,-11.7
1889,2702207,Coqueiro Seco,AL,Nordeste,54.67,41.33,1,0.159,-13.34
1890,2701902,Chã Preta,AL,Nordeste,51.71,49.65,1,0.1593,-2.06
1891,5004007,Glória de Dourados,MS,Centro-Oeste,73.2,79.07,0,0.1593,5.87
1892,1100056,Cerejeiras,RO,Norte,66.81,62.09,1,0.1593,-4.72
1893,2508000,Juru,PB,Nordeste,47.76,68.31,0,0.1598,20.55
1894,2103703,Cururupu,MA,Nordeste,66.32,68.14,0,0.1598,1.82
1895,3151107,Pirapetinga,MG,Sudeste,66.15,65.52,1,0.1598,-0.63
1896,3127404,Gonçalves,MG,Sudeste,77.02,65.09,1,0.16,-11.93
1897,3111002,Campestre,MG,Sudeste,81.73,71.58,1,0.16,-10.15
1898,2603405,Calumbi,PE,Nordeste,86.03,75.27,1,0.1601,-10.76
1899,2203701,Esperantina,PI,Nordeste,73.13,60.81,1,0.1602,-12.32
1900,2111201,São José de Ribamar,MA,Nordeste,56.58,65.19,0,0.1604,8.61
1901,2514107,São João do Tigre,PB,Nordeste,48.38,43.34,1,0.1604,-5.04
1902,2509602,Monte Horebe,PB,Nordeste,93.4,80.0,1,0.1604,-13.4
1903,2516300,Sumé,PB,Nordeste,64.53,40.1,1,0.1604,-24.43
1904,2101970,Boa Vista do Gurupi,MA,Nordeste,80.0,63.3,1,0.1605,-16.7
1905,2105963,Lagoa Grande do Maranhão,MA,Nordeste,97.12,80.0,1,0.1607,-17.12
1906,4205456,Forquilhinha,SC,Sul,63.24,62.24,1,0.1607,-1.0
1907,3113008,Caraí,MG,Sudeste,70.04,48.07,1,0.1607,-21.97
1908,3203205,Linhares,ES,Sudeste,67.84,66.76,1,0.1608,-1.08
1909,2512804,Riacho dos Cavalos,PB,Nordeste,44.22,70.92,0,0.1608,26.7
1910,5107941,Tabaporã,MT,Centro-Oeste,62.36,56.15,1,0.1608,-6.21
1911,5104609,Itiquira,MT,Centro-Oeste,58.16,48.53,1,0.1609,-9.63
1912,5100508,Alto Paraguai,MT,Centro-Oeste,52.43,69.57,0,0.1611,17.14
1913,2701100,Branquinha,AL,Nordeste,79.89,76.97,1,0.1612,-2.92
1914,3158607,Santana do Deserto,MG,Sudeste,80.09,61.92,1,0.1613,-18.17
1915,3105301,Bandeira do Sul,MG,Sudeste,94.51,74.43,1,0.1613,-20.08
1916,5103858,Gaúcha do Norte,MT,Centro-Oeste,59.6,50.68,1,0.1613,-8.92
1917,2111672,São Roberto,MA,Nordeste,35.69,53.44,0,0.1614,17.75
1918,5103452,Denise,MT,Centro-Oeste,83.58,61.8,1,0.1614,-21.78
1919,2107803,Parnarama,MA,Nordeste,54.65,80.0,0,0.1614,25.35
1920,2507804,Junco do Seridó,PB,Nordeste,76.21,60.17,1,0.1616,-16.04
1921,2503407,Cacimba de Areia,PB,Nordeste,52.5,66.53,0,0.1616,14.03
1922,3201209,Cachoeiro de Itapemirim,ES,Sudeste,71.69,67.7,1,0.1617,-3.99
1923,2510907,Paulista,PB,Nordeste,40.28,64.86,0,0.1617,24.58
1924,5003504,Douradina,MS,Centro-Oeste,68.7,35.93,1,0.1617,-32.77
1925,3520509,Indaiatuba,SP,Sudeste,62.82,62.07,1,0.1617,-0.75
1926,4218905,Urubici,SC,Sul,76.9,63.46,1,0.1618,-13.44
1927,3105400,Barão de Cocais,MG,Sudeste,62.71,62.28,1,0.162,-0.43
1928,5211503,Itumbiara,GO,Centro-Oeste,74.44,71.41,1,0.1621,-3.03
1929,2608255,Jucati,PE,Nordeste,68.81,49.83,1,0.1621,-18.98
1930,3506003,Bauru,SP,Sudeste,59.95,49.57,1,0.1621,-10.38
1931,2613503,São José do Belmonte,PE,Nordeste,60.42,52.12,1,0.1622,-8.3
1932,2104552,Governador Edison Lobão,MA,Nordeste,67.46,80.0,0,0.1623,12.54
1933,2510600,Ouro Velho,PB,Nordeste,100.0,80.0,1,0.1623,-20.0
1934,3142809,Monte Alegre de Minas,MG,Sudeste,56.72,75.58,0,0.1623,18.86
1935,2501534,Baraúna,PB,Nordeste,89.76,62.78,1,0.1623,-26.98
1936,5106653,Pontal do Araguaia,MT,Centro-Oeste,51.2,71.32,0,0.1623,20.12
1937,3165537,Sarzedo,MG,Sudeste,82.39,80.0,1,0.1623,-2.39
1938,4206504,Guaramirim,SC,Sul,64.09,71.87,0,0.1624,7.78
1939,1702703,Aurora do Tocantins,TO,Norte,41.94,57.4,0,0.1627,15.46
1940,5205109,Catalão,GO,Centro-Oeste,76.88,67.35,1,0.1628,-9.53
1941,5107305,São José do Rio Claro,MT,Centro-Oeste,60.28,74.23,0,0.1629,13.95
1942,2105427,Itinga do Maranhão,MA,Nordeste,60.13,79.93,0,0.1629,19.8
1943,3538709,Piracicaba,SP,Sudeste,60.0,58.93,1,0.163,-1.07
1944,4218301,Três Barras,SC,Sul,49.49,54.77,0,0.1632,5.28
1945,5105606,Matupá,MT,Centro-Oeste,52.57,67.95,0,0.1632,15.38
1946,2100303,Aldeias Altas,MA,Nordeste,45.37,69.85,0,0.1633,24.48
1947,3110905,Campanha,MG,Sudeste,64.8,48.0,1,0.1633,-16.8
1948,2802601,Gracho Cardoso,SE,Nordeste,16.67,27.09,0,0.1633,10.42
1949,4204301,Concórdia,SC,Sul,71.3,76.94,0,0.1634,5.64
1950,3548500,Santos,SP,Sudeste,52.81,59.92,0,0.1634,7.11
1951,2104073,Feira Nova do Maranhão,MA,Nordeste,65.38,80.0,0,0.1635,14.62
1952,5105234,Lambari D'Oeste,MT,Centro-Oeste,51.5,80.0,0,0.1636,28.5
1953,3162252,São João da Lagoa,MG,Sudeste,77.83,54.91,1,0.1637,-22.92
1954,2515500,Serra Branca,PB,Nordeste,54.35,61.29,0,0.1638,6.94
1955,2412104,São João do Sabugi,RN,Nordeste,66.5,54.48,1,0.1638,-12.02
1956,4108304,Foz do Iguaçu,PR,Sul,72.01,74.1,0,0.1638,2.09
1957,5213806,Morrinhos,GO,Centro-Oeste,65.87,65.2,1,0.1638,-0.67
1958,3133808,Itaúna,MG,Sudeste,87.39,71.43,1,0.1639,-15.96
1959,5100359,Alto Boa Vista,MT,Centro-Oeste,48.84,80.0,0,0.1639,31.16
1960,3522505,Itapevi,SP,Sudeste,55.46,55.16,1,0.164,-0.3
1961,3139003,Machado,MG,Sudeste,89.31,63.26,1,0.1641,-26.05
1962,4220000,Balneário Rincão,SC,Sul,51.64,55.22,0,0.1641,3.58
1963,3169307,Três Corações,MG,Sudeste,70.26,55.52,1,0.1641,-14.74
1964,2502607,Igaracy,PB,Nordeste,79.06,36.1,1,0.1642,-42.96
1965,5104559,Itaúba,MT,Centro-Oeste,67.42,61.64,1,0.1642,-5.78
1966,2203909,Floriano,PI,Nordeste,53.36,54.22,0,0.1643,0.86
1967,2101939,Bernardo do Mearim,MA,Nordeste,87.88,19.1,1,0.1643,-68.78
1968,3107000,Biquinhas,MG,Sudeste,58.22,80.0,0,0.1643,21.78
1969,2408508,Ouro Branco,RN,Nordeste,73.61,46.85,1,0.1643,-26.76
1970,4215802,São Bento do Sul,SC,Sul,79.21,74.17,1,0.1644,-5.04
1971,2704807,Maribondo,AL,Nordeste,41.5,52.02,0,0.1645,10.52
1972,2514552,São José de Princesa,PB,Nordeste,81.82,80.0,1,0.1645,-1.82
1973,3157005,Salinas,MG,Sudeste,77.17,74.1,1,0.1646,-3.07
1974,2703700,Jaramataia,AL,Nordeste,40.27,42.72,0,0.1647,2.45
1975,3119104,Corinto,MG,Sudeste,85.75,46.3,1,0.1649,-39.45
1976,2208502,Porto,PI,Nordeste,36.04,46.38,0,0.1651,10.34
1977,4209508,Laurentino,SC,Sul,60.32,66.86,0,0.1652,6.54
1978,2110856,São Francisco do Brejão,MA,Nordeste,42.73,65.51,0,0.1652,22.78
1979,3101201,Aiuruoca,MG,Sudeste,85.71,59.4,1,0.1653,-26.31
1980,3515004,Embu das Artes,SP,Sudeste,48.71,39.54,1,0.1654,-9.17
1981,2614402,Solidão,PE,Nordeste,93.99,75.45,1,0.1654,-18.54
1982,4205506,Fraiburgo,SC,Sul,77.47,68.73,1,0.1655,-8.74
1983,3510609,Carapicuíba,SP,Sudeste,57.57,50.83,1,0.1656,-6.74
1984,2400109,Acari,RN,Nordeste,38.21,49.84,0,0.1657,11.63
1985,2208007,Picos,PI,Nordeste,54.93,57.43,0,0.1657,2.5
1986,3104809,Augusto de Lima,MG,Sudeste,48.8,53.39,0,0.1659,4.59
1987,3134400,Iturama,MG,Sudeste,69.61,59.85,1,0.166,-9.76
1988,5213103,Mineiros,GO,Centro-Oeste,84.01,80.0,1,0.1662,-4.01
1989,3111200,Campo Belo,MG,Sudeste,85.57,71.17,1,0.1662,-14.4
1990,1101492,São Francisco do Guaporé,RO,Norte,62.99,68.1,0,0.1662,5.11
1991,2104628,Governador Luiz Rocha,MA,Nordeste,91.67,80.0,1,0.1664,-11.67
1992,4118204,Paranaguá,PR,Sul,61.71,64.89,0,0.1665,3.18
1993,4125506,São José dos Pinhais,PR,Sul,64.3,69.26,0,0.1665,4.96
1994,3125606,Felisburgo,MG,Sudeste,70.2,56.8,1,0.1666,-13.4
1995,3128501,Guarará,MG,Sudeste,72.73,80.0,0,0.1667,7.27
1996,3132701,Itambacuri,MG,Sudeste,57.33,56.29,1,0.1668,-1.04
1997,4209409,Laguna,SC,Sul,52.91,40.16,1,0.1669,-12.75
1998,4209904,Lontras,SC,Sul,58.41,63.17,0,0.1669,4.76
1999,2110104,Santa Quitéria do Maranhão,MA,Nordeste,80.19,80.0,1,0.1669,-0.19
2000,3513009,Cotia,SP,Sudeste,49.49,55.5,0,0.1669,6.01
2001,1718899,Santa Rita do Tocantins,TO,Norte,43.12,65.92,0,0.167,22.8
2002,3117504,Conceição do Mato Dentro,MG,Sudeste,79.7,62.26,1,0.1671,-17.44
2003,2505709,Dona Inês,PB,Nordeste,96.29,53.98,1,0.1671,-42.31
2004,3155504,Rio Paranaíba,MG,Sudeste,60.21,78.89,0,0.1672,18.68
2005,5007307,Rio Negro,MS,Centro-Oeste,53.05,57.54,0,0.1673,4.49
2006,3158953,Santana do Paraíso,MG,Sudeste,69.95,71.41,0,0.1673,1.46
2007,2206753,Nossa Senhora de Nazaré,PI,Nordeste,95.24,28.91,1,0.1676,-66.33
2008,2109304,Presidente Vargas,MA,Nordeste,47.82,50.02,0,0.1677,2.2
2009,4200101,Abelardo Luz,SC,Sul,56.3,67.3,0,0.1677,11.0
2010,2202539,Caraúbas do Piauí,PI,Nordeste,68.17,44.94,1,0.1678,-23.23
2011,2507408,Jericó,PB,Nordeste,23.83,57.85,0,0.1678,34.02
2012,2112274,Tufilândia,MA,Nordeste,36.17,41.57,0,0.1678,5.4
2013,2102903,Carutapera,MA,Nordeste,61.21,59.63,1,0.1678,-1.58
2014,3152006,Pompéu,MG,Sudeste,66.01,67.62,0,0.1679,1.61
2015,1101468,Pimenteiras do Oeste,RO,Norte,57.63,58.95,0,0.1679,1.32
2016,2207504,Palmeirais,PI,Nordeste,46.19,55.7,0,0.1681,9.51
2017,3513801,Diadema,SP,Sudeste,59.37,47.05,1,0.1681,-12.32
2018,1713957,Muricilândia,TO,Norte,49.28,24.82,1,0.1682,-24.46
2019,2110302,Santo Antônio dos Lopes,MA,Nordeste,72.56,57.23,1,0.1683,-15.33
2020,3118007,Congonhas,MG,Sudeste,74.01,60.11,1,0.1683,-13.9
2021,3160306,Santo Antônio do Jacinto,MG,Sudeste,65.72,65.75,0,0.1683,0.03
2022,2210607,São Raimundo Nonato,PI,Nordeste,73.25,70.08,1,0.1685,-3.17
2023,5215603,Padre Bernardo,GO,Centro-Oeste,69.56,61.84,1,0.1686,-7.72
2024,2514404,São José de Espinharas,PB,Nordeste,44.79,60.23,0,0.1689,15.44
2025,2109452,Raposa,MA,Nordeste,48.35,69.98,0,0.169,21.63
2026,2615102,Terezinha,PE,Nordeste,76.08,70.15,1,0.1692,-5.93
2027,3122900,Dona Eusébia,MG,Sudeste,95.71,52.47,1,0.1692,-43.24
2028,2201945,Boqueirão do Piauí,PI,Nordeste,77.1,80.0,0,0.1692,2.9
2029,2611200,Poção,PE,Nordeste,64.18,65.42,0,0.1699,1.24
2030,3133204,Itanhomi,MG,Sudeste,85.64,47.22,1,0.1699,-38.42
2031,3531803,Monte Mor,SP,Sudeste,46.98,54.58,0,0.17,7.6
2032,5102850,Castanheira,MT,Centro-Oeste,64.87,65.88,0,0.17,1.01
2033,5208806,Goianira,GO,Centro-Oeste,81.01,70.86,1,0.1701,-10.15
2034,2107506,Paço do Lumiar,MA,Nordeste,55.55,55.54,1,0.1701,-0.01
2035,4318507,São José do Norte,RS,Sul,41.4,58.23,0,0.1702,16.83
2036,2102150,Brejo de Areia,MA,Nordeste,49.3,40.15,1,0.1704,-9.15
2037,2700805,Belém,AL,Nordeste,64.57,59.21,1,0.1704,-5.36
2038,2102804,Carolina,MA,Nordeste,50.96,50.25,1,0.1704,-0.71
2039,2515609,Serra da Raiz,PB,Nordeste,48.92,24.28,1,0.1704,-24.64
2040,2202174,Campo Largo do Piauí,PI,Nordeste,64.31,24.57,1,0.1705,-39.74
2041,1100064,Colorado do Oeste,RO,Norte,71.69,65.67,1,0.1706,-6.02
2042,2105708,Lago da Pedra,MA,Nordeste,79.18,80.0,0,0.1706,0.82
2043,2414159,Tenente Laurentino Cruz,RN,Nordeste,37.18,50.34,0,0.1709,13.16
2044,2110039,Santa Luzia do Paruá,MA,Nordeste,85.76,80.0,1,0.1709,-5.76
2045,2112605,Urbano Santos,MA,Nordeste,38.63,77.24,0,0.171,38.61
2046,2202083,Cajueiro da Praia,PI,Nordeste,62.75,52.75,1,0.1712,-10.0
2047,2208403,Piripiri,PI,Nordeste,54.59,40.06,1,0.1714,-14.53
2048,2111607,São Raimundo das Mangabeiras,MA,Nordeste,84.5,72.44,1,0.1717,-12.06
2049,3530607,Mogi das Cruzes,SP,Sudeste,47.88,52.01,0,0.1718,4.13
2050,1100924,Chupinguaia,RO,Norte,71.99,80.0,0,0.1718,8.01
2051,4211850,Ouro Verde,SC,Sul,66.67,50.27,1,0.1719,-16.4
2052,3140803,Matias Barbosa,MG,Sudeste,78.82,62.35,1,0.1719,-16.47
2053,2103604,Coroatá,MA,Nordeste,55.72,47.59,1,0.172,-8.13
2054,2503605,Caiçara,PB,Nordeste,72.22,58.17,1,0.1721,-14.05
2055,2206803,Nossa Senhora dos Remédios,PI,Nordeste,45.57,66.78,0,0.1721,21.21
2056,2515708,Serra Grande,PB,Nordeste,70.82,46.27,1,0.1721,-24.55
2057,3108305,Borda da Mata,MG,Sudeste,80.39,67.91,1,0.1722,-12.48
2058,3524402,Jacareí,SP,Sudeste,51.48,51.14,1,0.1724,-0.34
2059,3147105,Pará de Minas,MG,Sudeste,76.29,57.9,1,0.1724,-18.39
2060,2106326,Maracaçumé,MA,Nordeste,41.67,61.61,0,0.1724,19.94
2061,1303106,Nova Olinda do Norte,AM,Norte,37.34,56.11,0,0.1725,18.77
2062,5003900,Figueirão,MS,Centro-Oeste,86.46,62.12,1,0.1726,-24.34
2063,3506359,Bertioga,SP,Sudeste,69.58,58.87,1,0.1726,-10.71
2064,4218806,Turvo,SC,Sul,72.95,62.69,1,0.1727,-10.26
2065,2500106,Água Branca,PB,Nordeste,52.67,52.91,0,0.1727,0.24
2066,5106802,Porto dos Gaúchos,MT,Centro-Oeste,74.29,76.25,0,0.1728,1.96
2067,3103108,Antônio Prado de Minas,MG,Sudeste,86.67,78.78,1,0.1728,-7.89
2068,3139300,Manga,MG,Sudeste,41.78,31.24,1,0.1728,-10.54
2069,4216503,São Joaquim,SC,Sul,43.8,41.26,1,0.1728,-2.54
2070,1303403,Parintins,AM,Norte,61.89,56.53,1,0.1729,-5.36
2071,5005806,Nioaque,MS,Centro-Oeste,60.98,58.26,1,0.173,-2.72
2072,3138674,Luisburgo,MG,Sudeste,87.7,80.0,1,0.173,-7.7
2073,2101350,Bacurituba,MA,Nordeste,100.0,80.0,1,0.173,-20.0
2074,2112902,Vitória do Mearim,MA,Nordeste,60.19,54.07,1,0.1731,-6.12
2075,3552502,Suzano,SP,Sudeste,51.13,48.1,1,0.1732,-3.03
2076,2203107,Cristino Castro,PI,Nordeste,85.0,55.47,1,0.1735,-29.53
2077,2205573,Lagoa de São Francisco,PI,Nordeste,76.74,47.49,1,0.1735,-29.25
2078,4205704,Garopaba,SC,Sul,75.75,72.08,1,0.1736,-3.67
2079,3513108,Cravinhos,SP,Sudeste,59.0,47.95,1,0.1736,-11.05
2080,5105200,Juscimeira,MT,Centro-Oeste,67.06,53.79,1,0.1737,-13.27
2081,2101301,Bacuri,MA,Nordeste,57.55,69.66,0,0.1737,12.11
2082,5000856,Angélica,MS,Centro-Oeste,84.52,80.0,1,0.1737,-4.52
2083,3112604,Capinópolis,MG,Sudeste,73.04,55.94,1,0.174,-17.1
2084,1715150,Novo Alegre,TO,Norte,70.33,72.98,0,0.174,2.65
2085,2206506,Monsenhor Hipólito,PI,Nordeste,97.7,80.0,1,0.174,-17.7
2086,5007505,Rochedo,MS,Centro-Oeste,48.97,45.12,1,0.1742,-3.85
2087,2514701,São José do Sabugi,PB,Nordeste,48.54,56.21,0,0.1742,7.67
2088,3107406,Bom Despacho,MG,Sudeste,73.33,48.79,1,0.1742,-24.54
2089,3159308,Santa Rita de Jacutinga,MG,Sudeste,77.68,47.7,1,0.1743,-29.98
2090,2109106,Presidente Dutra,MA,Nordeste,45.11,58.95,0,0.1743,13.84
2091,3159407,Santa Rita de Ibitipoca,MG,Sudeste,88.22,67.77,1,0.1743,-20.45
2092,1718709,Rio dos Bois,TO,Norte,46.58,24.42,1,0.1744,-22.16
2093,4201703,Ascurra,SC,Sul,61.66,80.0,0,0.1745,18.34
2094,3147402,Paraopeba,MG,Sudeste,72.26,53.95,1,0.1746,-18.31
2095,3551702,Sertãozinho,SP,Sudeste,54.16,58.07,0,0.1747,3.91
2096,4115200,Maringá,PR,Sul,78.37,80.0,0,0.1747,1.63
2097,2708303,São José da Laje,AL,Nordeste,95.31,79.33,1,0.1748,-15.98
2098,2412401,São José do Seridó,RN,Nordeste,56.41,42.95,1,0.1748,-13.46
2099,3107109,Boa Esperança,MG,Sudeste,74.5,58.17,1,0.1748,-16.33
2100,2105351,Itaipava do Grajaú,MA,Nordeste,72.99,80.0,0,0.1748,7.01
2101,3108552,Brasilândia de Minas,MG,Sudeste,76.71,77.23,0,0.1749,0.52
2102,2503902,Camalaú,PB,Nordeste,68.64,42.98,1,0.1751,-25.66
2103,4217600,Siderópolis,SC,Sul,56.07,64.7,0,0.1751,8.63
2104,3525409,Jeriquara,SP,Sudeste,49.55,50.82,0,0.1751,1.27
2105,3112307,Capelinha,MG,Sudeste,82.5,60.28,1,0.1751,-22.22
2106,3136652,Juatuba,MG,Sudeste,68.53,52.87,1,0.1752,-15.66
2107,4209706,Lebon Régis,SC,Sul,59.3,47.04,1,0.1753,-12.26
2108,5221403,Trindade,GO,Centro-Oeste,77.21,68.56,1,0.1754,-8.65
2109,3548906,São Carlos,SP,Sudeste,61.87,56.26,1,0.1754,-5.61
2110,5104203,Guiratinga,MT,Centro-Oeste,84.49,80.0,1,0.1755,-4.49
2111,3203601,Mucurici,ES,Sudeste,84.09,80.0,1,0.1756,-4.09
2112,2505600,Diamante,PB,Nordeste,72.15,32.22,1,0.1758,-39.93
2113,2201200,Barras,PI,Nordeste,60.13,59.72,1,0.176,-0.41
2114,3135100,Janaúba,MG,Sudeste,67.7,54.63,1,0.176,-13.07
2115,3113909,Carmo da Cachoeira,MG,Sudeste,78.88,75.21,1,0.176,-3.67
2116,2512762,Riachão do Poço,PB,Nordeste,75.0,70.13,1,0.1761,-4.87
2117,4209151,José Boiteux,SC,Sul,43.47,43.68,0,0.1762,0.21
2118,1707553,Fátima,TO,Norte,57.84,57.08,1,0.1762,-0.76
2119,1101609,Theobroma,RO,Norte,78.73,55.53,1,0.1763,-23.2
2120,3133758,Itaú de Minas,MG,Sudeste,89.46,75.2,1,0.1763,-14.26
2121,2411908,São Francisco do Oeste,RN,Nordeste,68.97,60.69,1,0.1763,-8.28
2122,3551504,Serrana,SP,Sudeste,43.97,51.47,0,0.1764,7.5
2123,4207684,Ipuaçu,SC,Sul,77.74,62.89,1,0.1764,-14.85
2124,2806206,Salgado,SE,Nordeste,44.89,40.63,1,0.1765,-4.26
2125,2704906,Mar Vermelho,AL,Nordeste,57.65,62.46,0,0.1765,4.81
2126,2513984,São Francisco,PB,Nordeste,97.5,60.48,1,0.1765,-37.02
2127,4208807,Jaguaruna,SC,Sul,57.64,48.39,1,0.1765,-9.25
2128,3138625,Limeira do Oeste,MG,Sudeste,59.7,67.61,0,0.1766,7.91
2129,3165602,Senador Cortes,MG,Sudeste,81.82,48.13,1,0.1769,-33.69
2130,5007703,Sete Quedas,MS,Centro-Oeste,53.09,58.52,0,0.1769,5.43
2131,1300706,Boca do Acre,AM,Norte,49.61,62.56,0,0.1769,12.95
2132,5107107,São José dos Quatro Marcos,MT,Centro-Oeste,68.7,80.0,0,0.177,11.3
2133,2603900,Carnaíba,PE,Nordeste,92.5,80.0,1,0.1773,-12.5
2134,3113206,Carandaí,MG,Sudeste,82.73,73.09,1,0.1773,-9.64
2135,2100550,Amapá do Maranhão,MA,Nordeste,43.0,30.17,1,0.1775,-12.83
2136,5200050,Abadia de Goiás,GO,Centro-Oeste,64.46,63.18,1,0.1775,-1.28
2137,3162450,São João das Missões,MG,Sudeste,33.42,47.08,0,0.1776,13.66
2138,5108907,Nova Maringá,MT,Centro-Oeste,62.38,64.76,0,0.1777,2.38
2139,3113701,Carlos Chagas,MG,Sudeste,55.83,60.36,0,0.1779,4.53
2140,3110509,Camanducaia,MG,Sudeste,58.56,58.85,0,0.178,0.29
2141,3117306,Conceição das Alagoas,MG,Sudeste,58.64,59.46,0,0.1781,0.82
2142,3115904,Chácara,MG,Sudeste,44.9,35.95,1,0.1784,-8.95
2143,5206206,Cristalina,GO,Centro-Oeste,69.1,69.87,0,0.1784,0.77
2144,2803104,Itabi,SE,Nordeste,33.65,26.4,1,0.1785,-7.25
2145,3201506,Colatina,ES,Sudeste,78.24,74.72,1,0.1786,-3.52
2146,2109205,Presidente Juscelino,MA,Nordeste,57.94,43.48,1,0.179,-14.46
2147,4215000,Rio Negrinho,SC,Sul,67.56,63.42,1,0.179,-4.14
2148,2405702,Jardim do Seridó,RN,Nordeste,62.8,33.95,1,0.1791,-28.85
2149,2200400,Altos,PI,Nordeste,61.82,64.89,0,0.1793,3.07
2150,3554102,Taubaté,SP,Sudeste,53.88,50.1,1,0.1796,-3.78
2151,1715754,Palmeirópolis,TO,Norte,77.41,53.03,1,0.1796,-24.38
2152,2100402,Altamira do Maranhão,MA,Nordeste,73.02,80.0,0,0.1796,6.98
2153,4119509,Piraquara,PR,Sul,50.54,61.92,0,0.1796,11.38
2154,4217709,Sombrio,SC,Sul,52.23,67.39,0,0.1797,15.16
2155,3548807,São Caetano do Sul,SP,Sudeste,66.12,64.1,1,0.1798,-2.02
2156,1600204,Calçoene,AP,Norte,40.24,41.81,0,0.1798,1.57
2157,3146404,Paineiras,MG,Sudeste,82.34,79.1,1,0.1799,-3.24
2158,3550605,São Roque,SP,Sudeste,51.51,56.9,0,0.18,5.39
2159,3137205,Lagoa da Prata,MG,Sudeste,82.41,73.73,1,0.18,-8.68
2160,3516200,Franca,SP,Sudeste,70.87,61.42,1,0.1802,-9.45
2161,2509206,Massaranduba,PB,Nordeste,40.69,50.02,0,0.1804,9.33
2162,4210506,Maravilha,SC,Sul,75.87,80.0,0,0.1804,4.13
2163,4216909,São Lourenço do Oeste,SC,Sul,71.25,72.76,0,0.1805,1.51
2164,1712157,Lavandeira,TO,Norte,58.81,70.95,0,0.1805,12.14
2165,3160405,Santo Antônio do Monte,MG,Sudeste,81.35,80.0,1,0.1805,-1.35
2166,1304062,Tabatinga,AM,Norte,40.36,47.62,0,0.1805,7.26
2167,4218202,Timbó,SC,Sul,74.84,71.48,1,0.1805,-3.36
2168,5208004,Formosa,GO,Centro-Oeste,64.02,66.03,0,0.1805,2.01
2169,2500734,Amparo,PB,Nordeste,41.89,80.0,0,0.1807,38.11
2170,3121258,Delta,MG,Sudeste,47.77,55.77,0,0.1807,8.0
2171,5102686,Campos de Júlio,MT,Centro-Oeste,65.76,53.38,1,0.1807,-12.38
2172,3526902,Limeira,SP,Sudeste,62.93,65.28,0,0.1808,2.35
2173,4217402,Schroeder,SC,Sul,73.98,65.84,1,0.1809,-8.14
2174,3507506,Botucatu,SP,Sudeste,57.09,62.56,0,0.181,5.47
2175,3522109,Itanhaém,SP,Sudeste,48.05,58.59,0,0.1811,10.54
2176,3134004,Itinga,MG,Sudeste,58.55,56.85,1,0.1812,-1.7
2177,3104700,Ataléia,MG,Sudeste,55.28,69.2,0,0.1812,13.92
2178,2105500,João Lisboa,MA,Nordeste,55.83,41.8,1,0.1813,-14.03
2179,1302553,Manaquiri,AM,Norte,20.56,52.37,0,0.1813,31.81
2180,2111508,São Mateus do Maranhão,MA,Nordeste,66.16,67.09,0,0.1817,0.93
2181,4119905,Ponta Grossa,PR,Sul,75.9,76.43,0,0.1817,0.53
2182,3157278,Santa Bárbara do Monte Verde,MG,Sudeste,67.82,56.62,1,0.1817,-11.2
2183,3152907,Pratápolis,MG,Sudeste,76.97,65.46,1,0.182,-11.51
2184,3151503,Piumhi,MG,Sudeste,73.46,61.04,1,0.1821,-12.42
2185,3515707,Ferraz de Vasconcelos,SP,Sudeste,65.07,57.23,1,0.1821,-7.84
2186,3127008,Fronteira,MG,Sudeste,76.16,57.36,1,0.1822,-18.8
2187,1100254,Presidente Médici,RO,Norte,67.81,65.31,1,0.1822,-2.5
2188,4126678,Tamarana,PR,Sul,65.46,74.8,0,0.1822,9.34
2189,4208500,Ituporanga,SC,Sul,71.3,66.76,1,0.1823,-4.54
2190,4218954,Urupema,SC,Sul,33.19,80.0,0,0.1824,46.81
2191,5214507,Nerópolis,GO,Centro-Oeste,71.18,70.0,1,0.1824,-1.18
2192,3155405,Rio Novo,MG,Sudeste,65.4,45.41,1,0.1825,-19.99
2193,3112901,Caputira,MG,Sudeste,83.3,62.8,1,0.1827,-20.5
2194,3205101,Viana,ES,Sudeste,68.8,71.71,0,0.1827,2.91
2195,3128006,Guanhães,MG,Sudeste,72.64,61.34,1,0.1827,-11.3
2196,3170800,Várzea da Palma,MG,Sudeste,70.34,64.73,1,0.1829,-5.61
2197,2516805,Triunfo,PB,Nordeste,63.35,55.0,1,0.1829,-8.35
2198,1301704,Humaitá,AM,Norte,57.65,55.15,1,0.183,-2.5
2199,5108055,Terra Nova do Norte,MT,Centro-Oeste,61.14,62.25,0,0.1831,1.11
2200,3106309,Belo Oriente,MG,Sudeste,65.94,60.9,1,0.1831,-5.04
2201,2103901,Duque Bacelar,MA,Nordeste,81.51,71.09,1,0.1832,-10.42
2202,3503208,Araraquara,SP,Sudeste,65.95,59.9,1,0.1833,-6.05
2203,5220686,Simolândia,GO,Centro-Oeste,77.79,80.0,0,0.1833,2.21
2204,2207009,Oeiras,PI,Nordeste,72.5,68.21,1,0.1834,-4.29
2205,3531100,Mongaguá,SP,Sudeste,41.39,53.74,0,0.1837,12.35
2206,2112100,Timbiras,MA,Nordeste,44.63,47.97,0,0.1839,3.34
2207,3110004,Caeté,MG,Sudeste,70.95,74.49,0,0.184,3.54
2208,4211702,Orleans,SC,Sul,64.43,68.14,0,0.184,3.71
2209,2202406,Capitão de Campos,PI,Nordeste,54.01,58.04,0,0.184,4.03
2210,2205557,Lagoa Alegre,PI,Nordeste,58.86,28.81,1,0.1841,-30.05
2211,3165107,São Tomás de Aquino,MG,Sudeste,82.09,70.04,1,0.1842,-12.05
2212,3159001,Santana do Riacho,MG,Sudeste,80.15,64.05,1,0.1844,-16.1
2213,3513504,Cubatão,SP,Sudeste,45.16,53.65,0,0.1847,8.49
2214,3147303,Paraisópolis,MG,Sudeste,81.68,63.95,1,0.1848,-17.73
2215,2103554,Conceição do Lago-Açu,MA,Nordeste,54.26,49.69,1,0.1848,-4.57
2216,3138005,Laranjal,MG,Sudeste,82.11,46.49,1,0.1852,-35.62
2217,4206900,Ibirama,SC,Sul,71.81,69.5,1,0.1853,-2.31
2218,2107605,Palmeirândia,MA,Nordeste,70.09,48.1,1,0.1853,-21.99
2219,2108900,Poção de Pedras,MA,Nordeste,77.27,80.0,0,0.1855,2.73
2220,5210406,Itaberaí,GO,Centro-Oeste,81.22,79.11,1,0.1857,-2.11
2221,3133600,Itapeva,MG,Sudeste,67.89,56.63,1,0.1858,-11.26
2222,5000807,Anaurilândia,MS,Centro-Oeste,80.11,67.61,1,0.1858,-12.5
2223,1100262,Rio Crespo,RO,Norte,62.81,80.0,0,0.186,17.19
2224,2413607,Severiano Melo,RN,Nordeste,47.88,72.95,0,0.186,25.07
2225,2512788,Riacho de Santo Antônio,PB,Nordeste,55.56,78.78,0,0.186,23.22
2226,3131604,Iraí de Minas,MG,Sudeste,77.81,44.85,1,0.186,-32.96
2227,2102309,Buriti Bravo,MA,Nordeste,57.18,38.42,1,0.186,-18.76
2228,5101258,Araputanga,MT,Centro-Oeste,60.47,53.64,1,0.186,-6.83
2229,4101408,Apucarana,PR,Sul,78.78,80.0,0,0.1861,1.22
2230,4203907,Capinzal,SC,Sul,69.54,73.49,0,0.1862,3.95
2231,5203609,Brazabrantes,GO,Centro-Oeste,90.96,54.03,1,0.1863,-36.93
2232,3114105,Carmo de Minas,MG,Sudeste,75.57,60.43,1,0.1863,-15.14
2233,3505500,Barretos,SP,Sudeste,58.42,63.04,0,0.1863,4.62
2234,3501608,Americana,SP,Sudeste,64.87,62.11,1,0.1864,-2.76
2235,2205565,Lagoa do Barro do Piauí,PI,Nordeste,59.52,59.71,0,0.1866,0.19
2236,3157906,Santa Margarida,MG,Sudeste,60.93,73.24,0,0.1867,12.31
2237,2202307,Canto do Buriti,PI,Nordeste,36.45,20.06,1,0.1867,-16.39
2238,3169406,Três Pontas,MG,Sudeste,81.67,64.27,1,0.1869,-17.4
2239,2703502,Jacuípe,AL,Nordeste,77.02,58.55,1,0.1869,-18.47
2240,2508505,Livramento,PB,Nordeste,55.32,49.62,1,0.187,-5.7
2241,3124302,Espinosa,MG,Sudeste,72.28,66.83,1,0.1872,-5.45
2242,3140555,Mata Verde,MG,Sudeste,67.41,59.04,1,0.1872,-8.37
2243,3103405,Araçuaí,MG,Sudeste,62.93,50.02,1,0.1872,-12.91
2244,4203600,Campos Novos,SC,Sul,63.67,66.86,0,0.1872,3.19
2245,2400604,Almino Afonso,RN,Nordeste,41.2,17.02,1,0.1873,-24.18
2246,4118402,Paranavaí,PR,Sul,74.3,80.0,0,0.1873,5.7
2247,4101804,Araucária,PR,Sul,69.02,71.19,0,0.1873,2.17
2248,2504355,Caturité,PB,Nordeste,76.68,57.47,1,0.1874,-19.21
2249,3523909,Itu,SP,Sudeste,61.67,67.66,0,0.1875,5.99
2250,3519071,Hortolândia,SP,Sudeste,55.05,61.65,0,0.1876,6.6
2251,2400406,Água Nova,RN,Nordeste,39.66,40.19,0,0.1878,0.53
2252,2112506,Tutóia,MA,Nordeste,57.61,44.16,1,0.1879,-13.45
2253,1721257,Tupirama,TO,Norte,66.67,43.0,1,0.1879,-23.67
2254,2103802,Dom Pedro,MA,Nordeste,43.95,46.62,0,0.188,2.67
2255,2211209,Uruçuí,PI,Nordeste,31.55,34.96,0,0.1884,3.41
2256,4214706,Rio dos Cedros,SC,Sul,68.59,63.92,1,0.1884,-4.67
2257,2204659,Ilha Grande,PI,Nordeste,34.84,46.17,0,0.1884,11.33
2258,2512036,Poço Dantas,PB,Nordeste,81.67,30.45,1,0.1885,-51.22
2259,5218508,Quirinópolis,GO,Centro-Oeste,80.29,69.08,1,0.1885,-11.21
2260,3143401,Monte Sião,MG,Sudeste,74.18,58.25,1,0.1886,-15.93
2261,4109609,Guaratuba,PR,Sul,66.9,69.4,0,0.1887,2.5
2262,2101731,Belágua,MA,Nordeste,72.29,64.24,1,0.1888,-8.05
2263,2105104,Icatu,MA,Nordeste,68.98,68.75,1,0.1889,-0.23
2264,3154804,Rio Acima,MG,Sudeste,72.91,46.93,1,0.1889,-25.98
2265,2111250,São José dos Basílios,MA,Nordeste,56.16,19.22,1,0.1891,-36.94
2266,3156601,Rubim,MG,Sudeste,63.6,80.0,0,0.1893,16.4
2267,3133402,Itapagipe,MG,Sudeste,77.3,66.51,1,0.1893,-10.79
2268,3165305,São Vicente de Minas,MG,Sudeste,81.64,63.39,1,0.1895,-18.25
2269,2503100,Cabaceiras,PB,Nordeste,89.73,64.02,1,0.1895,-25.71
2270,5100805,Apiacás,MT,Centro-Oeste,74.17,53.82,1,0.1896,-20.35
2271,2804706,Nossa Senhora de Lourdes,SE,Nordeste,58.77,26.18,1,0.1899,-32.59
2272,3512803,Cosmópolis,SP,Sudeste,59.61,57.43,1,0.19,-2.18
2273,3169356,Três Marias,MG,Sudeste,83.47,70.22,1,0.19,-13.25
2274,3522208,Itapecerica da Serra,SP,Sudeste,55.34,57.76,0,0.1901,2.42
2275,2201150,Baixa Grande do Ribeiro,PI,Nordeste,81.06,53.75,1,0.1901,-27.31
2276,2209104,Santa Cruz do Piauí,PI,Nordeste,98.15,80.0,1,0.1901,-18.15
2277,3144359,Naque,MG,Sudeste,64.96,79.61,0,0.1906,14.65
2278,2510204,Nova Olinda,PB,Nordeste,38.04,51.47,0,0.1907,13.43
2279,3118700,Coqueiral,MG,Sudeste,82.47,72.67,1,0.1908,-9.8
2280,2208551,Porto Alegre do Piauí,PI,Nordeste,64.29,74.81,0,0.1909,10.52
2281,3138708,Luminárias,MG,Sudeste,97.5,69.32,1,0.191,-28.18
2282,2107704,Paraibano,MA,Nordeste,74.65,79.02,0,0.1911,4.37
2283,5211909,Jataí,GO,Centro-Oeste,69.92,66.63,1,0.1912,-3.29
2284,3114402,Carmo do Rio Claro,MG,Sudeste,68.35,65.96,1,0.1912,-2.39
2285,3152170,Ponto dos Volantes,MG,Sudeste,67.71,73.78,0,0.1915,6.07
2286,5107206,Rio Branco,MT,Centro-Oeste,81.6,53.36,1,0.1916,-28.24
2287,1100502,Novo Horizonte do Oeste,RO,Norte,70.67,73.7,0,0.1917,3.03
2288,2506608,Ibiara,PB,Nordeste,58.62,19.37,1,0.1917,-39.25
2289,2105609,Joselândia,MA,Nordeste,75.31,58.77,1,0.1917,-16.54
2290,3203320,Marataízes,ES,Sudeste,69.4,74.32,0,0.1918,4.92
2291,2210003,São João do Piauí,PI,Nordeste,65.25,50.09,1,0.1918,-15.16
2292,3123601,Elói Mendes,MG,Sudeste,64.98,61.57,1,0.1918,-3.41
2293,4218608,Trombudo Central,SC,Sul,63.31,70.04,0,0.1918,6.73
2294,3137809,Lambari,MG,Sudeste,70.13,68.05,1,0.1919,-2.08
2295,2110278,Santo Amaro do Maranhão,MA,Nordeste,39.84,40.2,0,0.192,0.36
2296,3541406,Presidente Prudente,SP,Sudeste,61.12,58.37,1,0.1921,-2.75
2297,2209971,São João do Arraial,PI,Nordeste,87.8,40.46,1,0.1922,-47.34
2298,3200607,Aracruz,ES,Sudeste,74.36,72.36,1,0.1922,-2.0
2299,3500303,Aguaí,SP,Sudeste,61.22,52.38,1,0.1923,-8.84
2300,3141405,Medina,MG,Sudeste,64.77,71.82,0,0.1923,7.05
2301,3110707,Cambuquira,MG,Sudeste,81.89,71.0,1,0.1925,-10.89
2302,3107901,Bom Repouso,MG,Sudeste,68.27,60.44,1,0.1926,-7.83
2303,2101905,Bequimão,MA,Nordeste,59.75,39.93,1,0.1929,-19.82
2304,3548005,Santo Antônio de Posse,SP,Sudeste,62.07,58.55,1,0.1932,-3.52
2305,2102077,Bom Lugar,MA,Nordeste,95.28,80.0,1,0.1932,-15.28
2306,4211058,Monte Carlo,SC,Sul,52.67,66.43,0,0.1933,13.76
2307,3150505,Pimenta,MG,Sudeste,94.39,73.93,1,0.1934,-20.46
2308,3128303,Guaranésia,MG,Sudeste,65.21,74.61,0,0.1934,9.4
2309,3134707,Jacinto,MG,Sudeste,55.44,50.97,1,0.1935,-4.47
2310,2207959,Nova Santa Rita,PI,Nordeste,49.11,53.26,0,0.1935,4.15
2311,3111606,Campos Gerais,MG,Sudeste,71.94,67.91,1,0.1935,-4.03
2312,4210100,Mafra,SC,Sul,74.16,74.07,1,0.1936,-0.09
2313,3109907,Caetanópolis,MG,Sudeste,72.48,59.24,1,0.1937,-13.24
2314,3141108,Matozinhos,MG,Sudeste,62.97,52.79,1,0.1937,-10.18
2315,3527108,Lins,SP,Sudeste,81.06,75.13,1,0.1938,-5.93
2316,3161502,São Geraldo,MG,Sudeste,87.65,80.0,1,0.1939,-7.65
2317,3123528,Durandé,MG,Sudeste,71.43,78.46,0,0.194,7.03
2318,4300604,Alvorada,RS,Sul,36.2,52.0,0,0.1942,15.8
2319,3152402,Poté,MG,Sudeste,69.67,47.81,1,0.1944,-21.86
2320,4103701,Cambé,PR,Sul,76.35,79.24,0,0.1945,2.89
2321,4204806,Curitibanos,SC,Sul,56.96,53.71,1,0.1946,-3.25
2322,4219176,Vargem Bonita,SC,Sul,71.51,66.82,1,0.1947,-4.69
2323,3148509,Pavão,MG,Sudeste,83.75,80.0,1,0.1947,-3.75
2324,3203130,João Neiva,ES,Sudeste,77.28,73.12,1,0.1947,-4.16
2325,3152808,Prata,MG,Sudeste,50.5,59.46,0,0.1948,8.96
2326,3129509,Ibiá,MG,Sudeste,78.1,57.07,1,0.1948,-21.03
2327,3202207,Fundão,ES,Sudeste,62.28,64.41,0,0.1949,2.13
2328,2206720,Nazária,PI,Nordeste,52.15,78.0,0,0.1949,25.85
2329,3140530,Martins Soares,MG,Sudeste,83.69,77.07,1,0.1949,-6.62
2330,2504074,Caraúbas,PB,Nordeste,87.82,53.58,1,0.1951,-34.24
2331,5107768,Santa Rita do Trivelato,MT,Centro-Oeste,62.63,67.26,0,0.1951,4.63
2332,5204102,Cachoeira Alta,GO,Centro-Oeste,78.35,74.25,1,0.1951,-4.1
2333,3123205,Dores do Indaiá,MG,Sudeste,85.44,68.1,1,0.1951,-17.34
2334,3504107,Atibaia,SP,Sudeste,65.26,72.05,0,0.1952,6.79
2335,5204508,Caldas Novas,GO,Centro-Oeste,62.94,62.34,1,0.1954,-0.6
2336,3116605,Cláudio,MG,Sudeste,82.99,64.18,1,0.1954,-18.81
2337,3148202,Patrocínio do Muriaé,MG,Sudeste,80.53,73.79,1,0.1954,-6.74
2338,2103257,Cidelândia,MA,Nordeste,86.24,68.64,1,0.1954,-17.6
2339,5005103,Jateí,MS,Centro-Oeste,57.92,68.83,0,0.1954,10.91
2340,3139805,Mar de Espanha,MG,Sudeste,68.1,59.0,1,0.1955,-9.1
2341,1304104,Tapauá,AM,Norte,50.55,54.31,0,0.1956,3.76
2342,4100400,Almirante Tamandaré,PR,Sul,45.12,57.0,0,0.1956,11.88
2343,2510402,Olho d'Água,PB,Nordeste,91.23,66.76,1,0.1957,-24.47
2344,1300409,Barcelos,AM,Norte,45.31,53.75,0,0.1958,8.44
2345,5106158,Nova Bandeirantes,MT,Centro-Oeste,76.59,74.34,1,0.1959,-2.25
2346,2208700,Redenção do Gurguéia,PI,Nordeste,80.52,80.0,1,0.196,-0.52
2347,4323002,Viamão,RS,Sul,36.7,62.36,0,0.1961,25.66
2348,2106201,Luís Domingues,MA,Nordeste,84.97,77.39,1,0.1962,-7.58
2349,4124103,Santo Antônio da Platina,PR,Sul,55.04,63.64,0,0.1962,8.6
2350,3122454,Divisópolis,MG,Sudeste,72.43,48.44,1,0.1963,-23.99
2351,2807204,Siriri,SE,Nordeste,52.4,52.43,0,0.1963,0.03
2352,4209607,Lauro Muller,SC,Sul,68.71,66.04,1,0.1963,-2.67
2353,5102694,Canabrava do Norte,MT,Centro-Oeste,78.89,41.47,1,0.1964,-37.42
2354,4203808,Canoinhas,SC,Sul,77.81,74.87,1,0.1964,-2.94
2355,3545209,Salto,SP,Sudeste,67.33,60.17,1,0.1966,-7.16
2356,2504702,Congo,PB,Nordeste,40.66,54.36,0,0.1966,13.7
2357,4212304,Paulo Lopes,SC,Sul,40.02,65.85,0,0.1968,25.83
2358,5106455,Planalto da Serra,MT,Centro-Oeste,90.32,62.17,1,0.1969,-28.15
2359,3164407,São Sebastião da Bela Vista,MG,Sudeste,90.92,69.08,1,0.197,-21.84
2360,1303569,Rio Preto da Eva,AM,Norte,46.76,42.05,1,0.197,-4.71
2361,5008404,Vicentina,MS,Centro-Oeste,54.36,67.77,0,0.1971,13.41
2362,2104909,Guimarães,MA,Nordeste,86.95,80.0,1,0.1972,-6.95
2363,5218300,Posse,GO,Centro-Oeste,80.95,76.74,1,0.1975,-4.21
2364,3117702,Conceição do Rio Verde,MG,Sudeste,78.17,80.0,0,0.1977,1.83
2365,4127106,Telêmaco Borba,PR,Sul,61.71,65.96,0,0.1978,4.25
2366,1100320,São Miguel do Guaporé,RO,Norte,69.13,69.73,0,0.1978,0.6
2367,5209705,Hidrolândia,GO,Centro-Oeste,65.56,70.74,0,0.1978,5.18
2368,3502804,Araçatuba,SP,Sudeste,74.22,68.1,1,0.1979,-6.12
2369,5222203,Vila Boa,GO,Centro-Oeste,78.69,80.0,0,0.1979,1.31
2370,3503307,Araras,SP,Sudeste,65.16,61.73,1,0.1979,-3.43
2371,3103702,Araponga,MG,Sudeste,93.2,52.43,1,0.1979,-40.77
2372,3159357,Santa Rita de Minas,MG,Sudeste,58.94,64.4,0,0.198,5.46
2373,3124203,Espera Feliz,MG,Sudeste,59.04,72.95,0,0.1981,13.91
2374,2100808,Anapurus,MA,Nordeste,34.63,80.0,0,0.1982,45.37
2375,2207801,Paulistana,PI,Nordeste,50.47,50.71,0,0.1984,0.24
2376,2513927,São Bentinho,PB,Nordeste,60.02,68.26,0,0.1985,8.24
2377,3202801,Itapemirim,ES,Sudeste,75.32,64.07,1,0.1986,-11.25
2378,1303007,Nhamundá,AM,Norte,59.5,67.18,0,0.1986,7.68
2379,3132503,Itamarandiba,MG,Sudeste,82.8,62.57,1,0.1987,-20.23
2380,3158508,Santana de Pirapama,MG,Sudeste,64.47,50.29,1,0.1988,-14.18
2381,2501351,Assunção,PB,Nordeste,93.96,53.55,1,0.1988,-40.41
2382,2110906,São Francisco do Maranhão,MA,Nordeste,83.35,56.04,1,0.1988,-27.31
2383,3159902,Santo Antônio do Amparo,MG,Sudeste,80.3,80.0,1,0.1989,-0.3
2384,4103107,Bocaiúva do Sul,PR,Sul,57.37,54.2,1,0.1989,-3.17
2385,2511103,Pedra Lavrada,PB,Nordeste,83.68,76.28,1,0.199,-7.4
2386,4104808,Cascavel,PR,Sul,74.34,80.0,0,0.199,5.66
2387,2104701,Graça Aranha,MA,Nordeste,75.68,73.9,1,0.199,-1.78
2388,3114709,Carvalhópolis,MG,Sudeste,100.0,77.41,1,0.1992,-22.59
2389,2516755,Tenório,PB,Nordeste,48.73,65.1,0,0.1993,16.37
2390,2501708,Barra de São Miguel,PB,Nordeste,78.61,63.73,1,0.1993,-14.88
2391,4126256,Sarandi,PR,Sul,56.55,61.63,0,0.1993,5.08
2392,5003108,Corguinho,MS,Centro-Oeste,58.66,51.21,1,0.1994,-7.45
2393,2109700,Sambaíba,MA,Nordeste,77.94,80.0,0,0.1997,2.06
2394,2403004,Cruzeta,RN,Nordeste,58.31,56.46,1,0.1999,-1.85
2395,4213203,Pomerode,SC,Sul,70.85,65.94,1,0.2,-4.91
2396,3152204,Porteirinha,MG,Sudeste,71.77,66.24,1,0.2002,-5.53
2397,2202208,Campo Maior,PI,Nordeste,54.48,56.83,0,0.2002,2.35
2398,2703403,Jacaré dos Homens,AL,Nordeste,54.66,44.64,1,0.2002,-10.02
2399,2208908,Ribeiro Gonçalves,PI,Nordeste,85.26,80.0,1,0.2005,-5.26
2400,4115705,Matinhos,PR,Sul,63.15,71.91,0,0.2007,8.76
2401,3516309,Francisco Morato,SP,Sudeste,50.92,55.48,0,0.2008,4.56
2402,3140209,Maripá de Minas,MG,Sudeste,59.26,67.84,0,0.2008,8.58
2403,3510401,Capivari,SP,Sudeste,66.48,67.01,0,0.2009,0.53
2404,4212908,Pinhalzinho,SC,Sul,75.07,78.51,0,0.2009,3.44
2405,2104206,Fortuna,MA,Nordeste,72.06,46.62,1,0.201,-25.44
2406,4315404,Redentora,RS,Sul,63.9,80.0,0,0.201,16.1
2407,3107307,Bocaiúva,MG,Sudeste,78.27,70.61,1,0.201,-7.66
2408,2209559,São Braz do Piauí,PI,Nordeste,66.39,80.0,0,0.2011,13.61
2409,3110301,Caldas,MG,Sudeste,72.95,56.1,1,0.2011,-16.85
2410,3101102,Aimorés,MG,Sudeste,61.99,53.9,1,0.2011,-8.09
2411,3164605,São Sebastião do Oeste,MG,Sudeste,76.46,72.84,1,0.2012,-3.62
2412,1301951,Itamarati,AM,Norte,82.76,72.11,1,0.2013,-10.65
2413,3162005,São Gonçalo do Sapucaí,MG,Sudeste,76.3,76.83,0,0.2014,0.53
2414,3530706,Mogi Guaçu,SP,Sudeste,63.47,56.12,1,0.2016,-7.35
2415,2106755,Miranda do Norte,MA,Nordeste,50.55,59.27,0,0.2016,8.72
2416,1100072,Corumbiara,RO,Norte,72.68,61.82,1,0.2016,-10.86
2417,3126109,Formiga,MG,Sudeste,85.91,69.05,1,0.2018,-16.86
2418,3507605,Bragança Paulista,SP,Sudeste,53.36,56.64,0,0.2018,3.28
2419,2515930,Sertãozinho,PB,Nordeste,75.35,56.63,1,0.2019,-18.72
2420,3146206,Ouro Verde de Minas,MG,Sudeste,78.41,55.99,1,0.2019,-22.42
2421,3149804,Perdizes,MG,Sudeste,83.41,69.85,1,0.202,-13.56
2422,5103437,Curvelândia,MT,Centro-Oeste,92.97,40.14,1,0.2022,-52.83
2423,2112233,Trizidela do Vale,MA,Nordeste,90.87,62.49,1,0.2024,-28.38
2424,5006408,Pedro Gomes,MS,Centro-Oeste,55.86,40.53,1,0.2024,-15.33
2425,4109401,Guarapuava,PR,Sul,67.0,75.27,0,0.2025,8.27
2426,2209401,Santo Antônio de Lisboa,PI,Nordeste,55.71,64.31,0,0.2026,8.6
2427,3151008,Piranguinho,MG,Sudeste,85.01,71.05,1,0.2026,-13.96
2428,2413805,Taboleiro Grande,RN,Nordeste,73.08,51.04,1,0.2027,-22.04
2429,3168903,Tiros,MG,Sudeste,81.76,62.7,1,0.2027,-19.06
2430,2109007,Porto Franco,MA,Nordeste,74.09,61.72,1,0.2028,-12.37
2431,4218103,Timbé do Sul,SC,Sul,80.2,72.66,1,0.2028,-7.54
2432,2208809,Regeneração,PI,Nordeste,31.32,47.06,0,0.2028,15.74
2433,2410702,Riacho da Cruz,RN,Nordeste,37.5,32.22,1,0.2029,-5.28
2434,3156452,Rosário da Limeira,MG,Sudeste,78.18,59.92,1,0.2029,-18.26
2435,3102605,Andradas,MG,Sudeste,75.04,60.22,1,0.2029,-14.82
2436,2100477,Alto Alegre do Pindaré,MA,Nordeste,56.29,42.71,1,0.203,-13.58
2437,3137304,Lagoa dos Patos,MG,Sudeste,69.48,47.19,1,0.203,-22.29
2438,3169109,Toledo,MG,Sudeste,89.2,65.89,1,0.203,-23.31
2439,3134509,Itutinga,MG,Sudeste,76.33,56.09,1,0.203,-20.24
2440,3138104,Lassance,MG,Sudeste,48.0,80.0,0,0.203,32.0
2441,3537602,Peruíbe,SP,Sudeste,46.81,45.94,1,0.2031,-0.87
2442,5108808,Nova Guarita,MT,Centro-Oeste,67.3,69.95,0,0.2031,2.65
2443,3148707,Pedra Azul,MG,Sudeste,60.74,60.83,0,0.2032,0.09
2444,2104503,Governador Archer,MA,Nordeste,78.21,80.0,0,0.2032,1.79
2445,3154150,Reduto,MG,Sudeste,85.67,45.77,1,0.2032,-39.9
2446,4217204,São Miguel do Oeste,SC,Sul,69.47,70.46,0,0.2033,0.99
2447,2104602,Governador Eugênio Barros,MA,Nordeste,48.13,57.38,0,0.2038,9.25
2448,5215702,Palmeiras de Goiás,GO,Centro-Oeste,81.01,69.91,1,0.2039,-11.1
2449,3145877,Orizânia,MG,Sudeste,75.97,65.59,1,0.2039,-10.38
2450,3141900,Minduri,MG,Sudeste,76.32,56.53,1,0.204,-19.79
2451,2200806,Antônio Almeida,PI,Nordeste,73.81,80.0,0,0.204,6.19
2452,2511400,Picuí,PB,Nordeste,42.85,57.06,0,0.2042,14.21
2453,3139201,Malacacheta,MG,Sudeste,75.44,77.62,0,0.2042,2.18
2454,3105103,Bambuí,MG,Sudeste,80.48,68.24,1,0.2043,-12.24
2455,3108800,Braúnas,MG,Sudeste,63.3,73.45,0,0.2045,10.15
2456,3150703,Pirajuba,MG,Sudeste,76.8,66.13,1,0.2046,-10.67
2457,4213609,Porto União,SC,Sul,67.7,72.02,0,0.2046,4.32
2458,5220405,São Simão,GO,Centro-Oeste,82.29,73.9,1,0.2048,-8.39
2459,3545803,Santa Bárbara d'Oeste,SP,Sudeste,66.84,58.84,1,0.2048,-8.0
2460,3104205,Arcos,MG,Sudeste,88.86,79.0,1,0.2049,-9.86
2461,1303205,Novo Airão,AM,Norte,59.26,76.5,0,0.2049,17.24
2462,5218789,Rio Quente,GO,Centro-Oeste,96.08,79.37,1,0.2052,-16.71
2463,2502904,Brejo dos Santos,PB,Nordeste,64.03,51.07,1,0.2053,-12.96
2464,4212403,Pedras Grandes,SC,Sul,69.2,80.0,0,0.2055,10.8
2465,3127305,Galiléia,MG,Sudeste,62.07,52.6,1,0.2055,-9.47
2466,4318705,São Leopoldo,RS,Sul,37.5,60.83,0,0.2055,23.33
2467,3149952,Periquito,MG,Sudeste,44.47,50.92,0,0.2056,6.45
2468,5001508,Bandeirantes,MS,Centro-Oeste,52.42,33.17,1,0.2057,-19.25
2469,2201929,Bonfim do Piauí,PI,Nordeste,35.96,55.47,0,0.2057,19.51
2470,3135050,Jaíba,MG,Sudeste,59.64,48.75,1,0.2057,-10.89
2471,3149606,Pequi,MG,Sudeste,81.37,66.77,1,0.2057,-14.6
2472,4210902,Modelo,SC,Sul,94.86,80.0,1,0.2058,-14.86
2473,3518404,Guaratinguetá,SP,Sudeste,55.83,60.67,0,0.2059,4.84
2474,5212105,Joviânia,GO,Centro-Oeste,67.17,61.57,1,0.2059,-5.6
2475,4117503,Paiçandu,PR,Sul,62.96,70.33,0,0.2059,7.37
2476,3100302,Abre Campo,MG,Sudeste,85.05,80.0,1,0.2064,-5.05
2477,2206357,Milton Brandão,PI,Nordeste,33.33,44.03,0,0.2064,10.7
2478,3156809,Sabinópolis,MG,Sudeste,75.0,46.78,1,0.2065,-28.22
2479,3126901,Frei Inocêncio,MG,Sudeste,64.71,57.56,1,0.2068,-7.15
2480,2704401,Major Isidoro,AL,Nordeste,37.84,46.33,0,0.2068,8.49
2481,2606705,Ibirajuba,PE,Nordeste,62.42,45.68,1,0.2069,-16.74
2482,3512407,Cordeirópolis,SP,Sudeste,69.6,75.28,0,0.2071,5.68
2483,3119500,Coronel Murta,MG,Sudeste,67.56,68.05,0,0.2071,0.49
2484,2103208,Chapadinha,MA,Nordeste,41.58,52.46,0,0.2073,10.88
2485,2106805,Mirinzal,MA,Nordeste,69.37,80.0,0,0.2076,10.63
2486,3125408,Felício dos Santos,MG,Sudeste,79.38,80.0,0,0.2076,0.62
2487,3149903,Perdões,MG,Sudeste,79.12,72.62,1,0.2076,-6.5
2488,3504602,Bady Bassitt,SP,Sudeste,61.39,59.68,1,0.2079,-1.71
2489,3145307,Novo Cruzeiro,MG,Sudeste,77.88,76.27,1,0.208,-1.61
2490,4309209,Gravataí,RS,Sul,40.5,66.33,0,0.2081,25.83
2491,2205524,Júlio Borges,PI,Nordeste,100.0,49.16,1,0.2081,-50.84
2492,3157658,Santa Helena de Minas,MG,Sudeste,88.15,62.75,1,0.2082,-25.4
2493,4202503,Bom Jardim da Serra,SC,Sul,34.51,46.82,0,0.2083,12.31
2494,3131208,Ipanema,MG,Sudeste,77.67,79.02,0,0.2084,1.35
2495,2211506,Vera Mendes,PI,Nordeste,48.57,80.0,0,0.2085,31.43
2496,5214002,Mozarlândia,GO,Centro-Oeste,66.57,55.96,1,0.2085,-10.61
2497,2204907,Isaías Coelho,PI,Nordeste,34.44,35.03,0,0.2086,0.59
2498,3120805,Cruzília,MG,Sudeste,76.02,80.0,0,0.2087,3.98
2499,2402907,Coronel João Pessoa,RN,Nordeste,47.83,31.08,1,0.2087,-16.75
2500,4201604,Arroio Trinta,SC,Sul,76.24,80.0,0,0.2087,3.76
2501,3136306,João Pinheiro,MG,Sudeste,74.07,63.39,1,0.2088,-10.68
2502,4315602,Rio Grande,RS,Sul,43.6,58.45,0,0.2088,14.85
2503,2514602,São José do Bonfim,PB,Nordeste,29.62,18.06,1,0.2089,-11.56
2504,3106655,Berizal,MG,Sudeste,83.33,70.18,1,0.2089,-13.15
2505,3138609,Lima Duarte,MG,Sudeste,69.51,51.94,1,0.209,-17.57
2506,1100148,Nova Brasilândia D'Oeste,RO,Norte,75.61,75.6,1,0.2092,-0.01
2507,3144102,Muzambinho,MG,Sudeste,75.51,49.23,1,0.2093,-26.28
2508,3524709,Jaguariúna,SP,Sudeste,70.22,65.65,1,0.2094,-4.57
2509,3508504,Caçapava,SP,Sudeste,44.26,57.51,0,0.2094,13.25
2510,1100296,Santa Luzia D'Oeste,RO,Norte,83.36,76.7,1,0.2095,-6.66
2511,3170529,Urucuia,MG,Sudeste,67.15,60.76,1,0.2096,-6.39
2512,2405504,Jardim de Angicos,RN,Nordeste,31.58,23.43,1,0.2096,-8.15
2513,3170750,Varjão de Minas,MG,Sudeste,93.29,61.0,1,0.2096,-32.29
2514,2104404,Gonçalves Dias,MA,Nordeste,66.96,50.85,1,0.2099,-16.11
2515,3157708,Santa Juliana,MG,Sudeste,58.13,65.71,0,0.2099,7.58
2516,3133006,Itamonte,MG,Sudeste,81.86,61.31,1,0.2099,-20.55
2517,2110658,São Domingos do Azeitão,MA,Nordeste,36.83,29.51,1,0.2099,-7.32
2518,2806305,Santa Luzia do Itanhy,SE,Nordeste,22.15,33.12,0,0.21,10.97
2519,4304622,Capão Bonito do Sul,RS,Sul,60.0,58.18,1,0.21,-1.82
2520,4204558,Correia Pinto,SC,Sul,56.97,63.0,0,0.2102,6.03
2521,3151305,Piraúba,MG,Sudeste,85.01,75.54,1,0.2102,-9.47
2522,3509205,Cajamar,SP,Sudeste,53.17,55.71,0,0.2102,2.54
2523,2101004,Arari,MA,Nordeste,72.37,69.51,1,0.2102,-2.86
2524,3161908,São Gonçalo do Rio Abaixo,MG,Sudeste,91.6,80.0,1,0.2103,-11.6
2525,4219002,Urussanga,SC,Sul,70.73,70.65,1,0.2104,-0.08
2526,4209805,Leoberto Leal,SC,Sul,62.5,75.76,0,0.2104,13.26
2527,3540705,Porto Ferreira,SP,Sudeste,50.08,54.0,0,0.2105,3.92
2528,5221304,Três Ranchos,GO,Centro-Oeste,84.05,79.54,1,0.2105,-4.51
2529,4206306,Guabiruba,SC,Sul,73.93,71.73,1,0.2107,-2.2
2530,5208608,Goianésia,GO,Centro-Oeste,82.28,79.82,1,0.2107,-2.46
2531,2208304,Piracuruca,PI,Nordeste,82.48,76.3,1,0.2108,-6.18
2532,3116803,Coluna,MG,Sudeste,91.21,66.67,1,0.2109,-24.54
2533,4214607,Rio do Oeste,SC,Sul,63.06,80.0,0,0.211,16.94
2534,5106315,Novo Santo Antônio,MT,Centro-Oeste,58.27,72.61,0,0.2111,14.34
2535,4213401,Ponte Serrada,SC,Sul,53.62,57.53,0,0.2112,3.91
2536,2203800,Flores do Piauí,PI,Nordeste,43.3,52.23,0,0.2113,8.93
2537,3546009,Santa Branca,SP,Sudeste,49.71,46.96,1,0.2113,-2.75
2538,3105905,Barroso,MG,Sudeste,83.24,74.67,1,0.2113,-8.57
2539,1101559,Teixeirópolis,RO,Norte,65.3,73.21,0,0.2113,7.91
2540,2203305,Demerval Lobão,PI,Nordeste,73.33,71.72,1,0.2114,-1.61
2541,2202109,Campinas do Piauí,PI,Nordeste,100.0,80.0,1,0.2115,-20.0
2542,3143104,Monte Carmelo,MG,Sudeste,83.18,66.33,1,0.2116,-16.85
2543,4122404,Rolândia,PR,Sul,71.84,74.42,0,0.2116,2.58
2544,1101500,Seringueiras,RO,Norte,66.06,65.81,1,0.212,-0.25
2545,3136405,Joaquim Felício,MG,Sudeste,71.38,56.95,1,0.2121,-14.43
2546,3124609,Estrela Dalva,MG,Sudeste,66.67,80.0,0,0.2121,13.33
2547,2105153,Igarapé do Meio,MA,Nordeste,77.64,62.41,1,0.2121,-15.23
2548,4206652,Guatambú,SC,Sul,42.94,50.17,0,0.2122,7.23
2549,3147204,Paraguaçu,MG,Sudeste,69.21,65.34,1,0.2126,-3.87
2550,3154002,Raul Soares,MG,Sudeste,83.91,69.16,1,0.2127,-14.75
2551,2111409,São Luís Gonzaga do Maranhão,MA,Nordeste,70.44,75.6,0,0.2128,5.16
2552,3153608,Prudente de Morais,MG,Sudeste,63.8,57.41,1,0.2129,-6.39
2553,3543105,Ribeirão Corrente,SP,Sudeste,74.51,73.16,1,0.2129,-1.35
2554,3162559,São João do Manhuaçu,MG,Sudeste,71.72,77.22,0,0.213,5.5
2555,3163805,São Miguel do Anta,MG,Sudeste,78.02,75.65,1,0.2131,-2.37
2556,4207858,Irati,SC,Sul,87.82,80.0,1,0.2131,-7.82
2557,3525003,Jandira,SP,Sudeste,51.39,50.54,1,0.2133,-0.85
2558,2106607,Matões,MA,Nordeste,34.52,73.54,0,0.2133,39.02
2559,5219803,São Domingos,GO,Centro-Oeste,65.94,51.24,1,0.2133,-14.7
2560,4206801,Ibicaré,SC,Sul,54.41,76.34,0,0.2133,21.93
2561,2106003,Lima Campos,MA,Nordeste,90.91,80.0,1,0.2134,-10.91
2562,2512200,Prata,PB,Nordeste,63.28,52.77,1,0.2135,-10.51
2563,2111052,São João do Paraíso,MA,Nordeste,43.97,40.36,1,0.2135,-3.61
2564,2105203,Igarapé Grande,MA,Nordeste,89.11,80.0,1,0.2137,-9.11
2565,2205904,Manoel Emídio,PI,Nordeste,82.38,80.0,1,0.2138,-2.38
2566,5213756,Montividiu,GO,Centro-Oeste,78.69,68.25,1,0.2138,-10.44
2567,3151404,Pitangui,MG,Sudeste,78.71,80.0,0,0.214,1.29
2568,4113304,Laranjeiras do Sul,PR,Sul,68.0,73.37,0,0.2141,5.37
2569,4104303,Campo Mourão,PR,Sul,76.77,77.95,0,0.2141,1.18
2570,3134608,Jaboticatubas,MG,Sudeste,75.36,71.06,1,0.2141,-4.3
2571,3145604,Oliveira,MG,Sudeste,85.46,54.71,1,0.2141,-30.75
2572,2807303,Telha,SE,Nordeste,42.47,24.28,1,0.2142,-18.19
2573,4215455,Sangão,SC,Sul,48.46,70.98,0,0.2142,22.52
2574,3104908,Baependi,MG,Sudeste,77.43,71.83,1,0.2142,-5.6
2575,3132909,Itamogi,MG,Sudeste,80.11,64.25,1,0.2143,-15.86
2576,5106109,Nossa Senhora do Livramento,MT,Centro-Oeste,80.17,70.38,1,0.2144,-9.79
2577,3113503,Carbonita,MG,Sudeste,70.78,67.08,1,0.2144,-3.7
2578,3164001,São Pedro dos Ferros,MG,Sudeste,68.34,80.0,0,0.2144,11.66
2579,3128402,Guarani,MG,Sudeste,77.84,80.0,0,0.2144,2.16
2580,4210001,Luiz Alves,SC,Sul,61.55,80.0,0,0.2144,18.45
2581,3168507,Teixeiras,MG,Sudeste,71.12,76.18,0,0.2145,5.06
2582,3522307,Itapetininga,SP,Sudeste,54.05,48.17,1,0.2145,-5.88
2583,5212709,Mambaí,GO,Centro-Oeste,68.27,55.28,1,0.2148,-12.99
2584,3157203,Santa Bárbara,MG,Sudeste,66.55,71.52,0,0.2148,4.97
2585,2110708,São Domingos do Maranhão,MA,Nordeste,50.11,47.88,1,0.2149,-2.23
2586,3510500,Caraguatatuba,SP,Sudeste,58.19,58.59,0,0.215,0.4
2587,3121902,Divinésia,MG,Sudeste,75.0,48.91,1,0.2151,-26.09
2588,3141306,Medeiros,MG,Sudeste,78.57,80.0,0,0.2151,1.43
2589,3123007,Dores de Campos,MG,Sudeste,76.43,58.87,1,0.2153,-17.56
2590,3523404,Itatiba,SP,Sudeste,73.47,67.53,1,0.2154,-5.94
2591,1303304,Novo Aripuanã,AM,Norte,53.12,80.0,0,0.2155,26.88
2592,2109403,Primeira Cruz,MA,Nordeste,68.97,76.22,0,0.2155,7.25
2593,3108602,Brasília de Minas,MG,Sudeste,76.3,75.81,1,0.2155,-0.49
2594,2208205,Pio IX,PI,Nordeste,58.16,42.01,1,0.2156,-16.15
2595,3139607,Mantena,MG,Sudeste,71.17,54.88,1,0.2157,-16.29
2596,3529005,Marília,SP,Sudeste,65.47,62.61,1,0.2157,-2.86
2597,2109551,Ribamar Fiquene,MA,Nordeste,50.14,58.51,0,0.2157,8.37
2598,3145356,Novo Oriente de Minas,MG,Sudeste,67.04,50.62,1,0.2159,-16.42
2599,3511102,Catanduva,SP,Sudeste,70.27,58.62,1,0.2161,-11.65
2600,5214838,Nova Crixás,GO,Centro-Oeste,71.87,66.92,1,0.2162,-4.95
2601,1301654,Guajará,AM,Norte,54.66,64.85,0,0.2162,10.19
2602,2203750,Fartura do Piauí,PI,Nordeste,52.0,43.27,1,0.2164,-8.73
2603,3526704,Leme,SP,Sudeste,61.7,57.33,1,0.2164,-4.37
2604,5200308,Alexânia,GO,Centro-Oeste,75.79,76.84,0,0.2165,1.05
2605,4210605,Massaranduba,SC,Sul,76.77,72.41,1,0.2167,-4.36
2606,5206305,Cristianópolis,GO,Centro-Oeste,82.2,80.0,1,0.2167,-2.2
2607,4204004,Catanduvas,SC,Sul,72.43,70.18,1,0.2169,-2.25
2608,3148905,Pedra do Indaiá,MG,Sudeste,100.0,80.0,1,0.2169,-20.0
2609,5218003,Porangatu,GO,Centro-Oeste,49.92,56.34,0,0.2169,6.42
2610,3116704,Coimbra,MG,Sudeste,83.5,77.38,1,0.2169,-6.12
2611,2510501,Olivedos,PB,Nordeste,41.57,58.53,0,0.217,16.96
2612,3204500,Santa Leopoldina,ES,Sudeste,74.54,80.0,0,0.2173,5.46
2613,3115508,Caxambu,MG,Sudeste,74.74,76.93,0,0.2173,2.19
2614,5205471,Chapadão do Céu,GO,Centro-Oeste,87.51,80.0,1,0.2173,-7.51
2615,3140902,Matipó,MG,Sudeste,80.73,80.0,1,0.2174,-0.73
2616,5103379,Cotriguaçu,MT,Centro-Oeste,62.71,61.94,1,0.2174,-0.77
2617,4211207,Morro da Fumaça,SC,Sul,68.09,69.95,0,0.2175,1.86
2618,3170438,União de Minas,MG,Sudeste,72.68,73.46,0,0.2177,0.78
2619,3111804,Canápolis,MG,Sudeste,70.31,51.07,1,0.2178,-19.24
2620,4200200,Agrolândia,SC,Sul,76.03,80.0,0,0.2178,3.97
2621,3167905,Tabuleiro,MG,Sudeste,74.43,80.0,0,0.218,5.57
2622,3141801,Minas Novas,MG,Sudeste,78.82,71.72,1,0.2182,-7.1
2623,2204501,Guadalupe,PI,Nordeste,68.54,54.0,1,0.2183,-14.54
2624,5204607,Campestre de Goiás,GO,Centro-Oeste,93.62,79.44,1,0.2183,-14.18
2625,4115804,Medianeira,PR,Sul,79.1,79.33,0,0.2185,0.23
2626,3111507,Campos Altos,MG,Sudeste,65.27,61.87,1,0.2185,-3.4
2627,5217401,Pires do Rio,GO,Centro-Oeste,80.88,69.4,1,0.2186,-11.48
2628,3533403,Nova Odessa,SP,Sudeste,57.96,59.09,0,0.2188,1.13
2629,2100832,Apicum-Açu,MA,Nordeste,39.08,38.52,1,0.2188,-0.56
2630,3202454,Ibatiba,ES,Sudeste,82.36,80.0,1,0.219,-2.36
2631,2106706,Mirador,MA,Nordeste,55.82,41.77,1,0.219,-14.05
2632,3521002,Iperó,SP,Sudeste,44.75,47.07,0,0.219,2.32
2633,2102754,Capinzal do Norte,MA,Nordeste,91.14,42.37,1,0.2193,-48.77
2634,3122405,Divisa Nova,MG,Sudeste,67.64,66.86,1,0.2193,-0.78
2635,2511004,Pedra Branca,PB,Nordeste,69.89,80.0,0,0.2193,10.11
2636,2206670,Morro do Chapéu do Piauí,PI,Nordeste,40.04,35.98,1,0.2193,-4.06
2637,3109709,Cachoeira de Minas,MG,Sudeste,81.11,64.71,1,0.2194,-16.4
2638,3112703,Capitão Enéas,MG,Sudeste,63.8,64.86,0,0.2194,1.06
2639,3115102,Cássia,MG,Sudeste,77.7,72.14,1,0.2197,-5.56
2640,4212650,Pescaria Brava,SC,Sul,45.95,46.6,0,0.2197,0.65
2641,3136579,Josenópolis,MG,Sudeste,90.91,80.0,1,0.22,-10.91
2642,2100501,Alto Parnaíba,MA,Nordeste,51.99,52.17,0,0.2201,0.18
2643,3137700,Lajinha,MG,Sudeste,69.27,73.28,0,0.2203,4.01
2644,2204303,Fronteiras,PI,Nordeste,96.63,80.0,1,0.2203,-16.63
2645,3131406,Ipiaçu,MG,Sudeste,76.42,75.9,1,0.2204,-0.52
2646,3549409,São Joaquim da Barra,SP,Sudeste,67.94,51.12,1,0.2204,-16.82
2647,3522604,Itapira,SP,Sudeste,63.24,63.71,0,0.2204,0.47
2648,4200051,Abdon Batista,SC,Sul,77.08,73.3,1,0.2204,-3.78
2649,3165552,Setubinha,MG,Sudeste,68.57,53.85,1,0.2205,-14.72
2650,3146008,Ouro Fino,MG,Sudeste,85.47,66.49,1,0.2205,-18.98
2651,4214201,Quilombo,SC,Sul,70.08,69.21,1,0.2205,-0.87
2652,3171808,Virginópolis,MG,Sudeste,65.62,49.9,1,0.2207,-15.72
2653,4213708,Pouso Redondo,SC,Sul,63.51,68.69,0,0.2207,5.18
2654,2104008,Esperantinópolis,MA,Nordeste,81.48,62.78,1,0.2207,-18.7
2655,4208708,Jacinto Machado,SC,Sul,67.22,57.49,1,0.2209,-9.73
2656,2103505,Colinas,MA,Nordeste,49.9,62.9,0,0.2209,13.0
2657,3130903,Inhapim,MG,Sudeste,84.81,70.4,1,0.221,-14.41
2658,4320008,Sapucaia do Sul,RS,Sul,47.9,62.6,0,0.2213,14.7
2659,3116506,Claro dos Poções,MG,Sudeste,68.63,71.63,0,0.2213,3.0
2660,3504008,Assis,SP,Sudeste,54.85,49.23,1,0.2214,-5.62
2661,2502805,Brejo do Cruz,PB,Nordeste,51.6,57.95,0,0.2214,6.35
2662,2110609,São Bernardo,MA,Nordeste,67.87,75.28,0,0.2214,7.41
2663,2107357,Nova Olinda do Maranhão,MA,Nordeste,62.23,60.95,1,0.2216,-1.28
2664,5205513,Cocalzinho de Goiás,GO,Centro-Oeste,88.6,79.6,1,0.2216,-9.0
2665,3167707,Sobrália,MG,Sudeste,75.93,68.72,1,0.2216,-7.21
2666,3154200,Resende Costa,MG,Sudeste,82.11,61.52,1,0.2216,-20.59
2667,5209200,Guapó,GO,Centro-Oeste,70.28,66.78,1,0.2217,-3.5
2668,3550407,São Pedro,SP,Sudeste,58.16,56.57,1,0.2218,-1.59
2669,3508405,Cabreúva,SP,Sudeste,64.6,54.18,1,0.2219,-10.42
2670,3121308,Descoberto,MG,Sudeste,73.05,65.54,1,0.2219,-7.51
2671,2516151,Sossêgo,PB,Nordeste,66.62,25.43,1,0.2219,-41.19
2672,4211751,Otacílio Costa,SC,Sul,66.44,59.2,1,0.222,-7.24
2673,3551405,Serra Azul,SP,Sudeste,44.65,31.16,1,0.222,-13.49
2674,3204104,Pinheiros,ES,Sudeste,84.33,77.69,1,0.2221,-6.64
2675,3145000,Nova Ponte,MG,Sudeste,78.86,73.54,1,0.2221,-5.32
2676,4213302,Ponte Alta,SC,Sul,55.08,47.14,1,0.2221,-7.94
2677,1101450,Parecis,RO,Norte,70.6,64.17,1,0.2222,-6.43
2678,2803807,Malhada dos Bois,SE,Nordeste,37.63,46.27,0,0.2222,8.64
2679,3555406,Ubatuba,SP,Sudeste,36.64,47.43,0,0.2222,10.79
2680,3200409,Anchieta,ES,Sudeste,88.41,80.0,1,0.2222,-8.41
2681,2101707,Barreirinhas,MA,Nordeste,78.52,55.23,1,0.2224,-23.29
2682,3172103,Volta Grande,MG,Sudeste,76.28,55.59,1,0.2225,-20.69
2683,3114204,Carmo do Cajuru,MG,Sudeste,72.37,69.28,1,0.2225,-3.09
2684,3138906,Machacalis,MG,Sudeste,65.94,64.98,1,0.2226,-0.96
2685,4314787,Ponte Preta,RS,Sul,57.9,63.31,0,0.2226,5.41
2686,2111805,Sítio Novo,MA,Nordeste,54.44,48.38,1,0.2226,-6.06
2687,3135407,Jeceaba,MG,Sudeste,88.66,69.58,1,0.2226,-19.08
2688,3554003,Tatuí,SP,Sudeste,53.92,55.87,0,0.2226,1.95
2689,3124005,Ervália,MG,Sudeste,85.0,58.71,1,0.2228,-26.29
2690,3143005,Monte Belo,MG,Sudeste,80.85,55.11,1,0.2229,-25.74
2691,2102374,Cachoeira Grande,MA,Nordeste,56.05,47.28,1,0.2232,-8.77
2692,5209101,Goiatuba,GO,Centro-Oeste,77.63,70.09,1,0.2233,-7.54
2693,2515203,São Sebastião do Umbuzeiro,PB,Nordeste,69.29,80.0,0,0.2235,10.71
2694,3171006,Vazante,MG,Sudeste,65.3,49.64,1,0.2235,-15.66
2695,4215653,Santa Rosa do Sul,SC,Sul,73.62,59.55,1,0.2236,-14.07
2696,3556503,Várzea Paulista,SP,Sudeste,53.24,53.85,0,0.2236,0.61
2697,3127206,Funilândia,MG,Sudeste,68.6,56.12,1,0.2236,-12.48
2698,3123908,Entre Rios de Minas,MG,Sudeste,88.18,80.0,1,0.2242,-8.18
2699,5210000,Inhumas,GO,Centro-Oeste,87.57,80.0,1,0.2245,-7.57
2700,4203709,Canelinha,SC,Sul,41.17,62.71,0,0.2246,21.54
2701,4204509,Corupá,SC,Sul,79.7,64.27,1,0.2246,-15.43
2702,3525300,Jaú,SP,Sudeste,54.89,63.12,0,0.2246,8.23
2703,2500775,Aparecida,PB,Nordeste,62.41,48.47,1,0.2247,-13.94
2704,2202653,Caxingó,PI,Nordeste,46.21,27.47,1,0.2247,-18.74
2705,2200905,Aroazes,PI,Nordeste,30.0,61.39,0,0.2248,31.39
2706,3537305,Penápolis,SP,Sudeste,63.0,63.79,0,0.2248,0.79
2707,3159803,Santa Vitória,MG,Sudeste,62.91,72.24,0,0.2249,9.33
2708,3501905,Amparo,SP,Sudeste,62.39,56.97,1,0.2249,-5.42
2709,3155702,Rio Piracicaba,MG,Sudeste,79.95,77.46,1,0.2249,-2.49
2710,3117009,Comercinho,MG,Sudeste,68.38,61.87,1,0.225,-6.51
2711,3146909,Papagaios,MG,Sudeste,89.24,52.46,1,0.2252,-36.78
2712,3124906,Eugenópolis,MG,Sudeste,68.59,60.4,1,0.2255,-8.19
2713,3502754,Araçariguama,SP,Sudeste,54.04,55.05,0,0.2255,1.01
2714,4107900,Floresta,PR,Sul,74.01,76.93,0,0.2255,2.92
2715,5221197,Terezópolis de Goiás,GO,Centro-Oeste,71.39,61.52,1,0.2255,-9.87
2716,3524303,Jaboticabal,SP,Sudeste,57.94,57.48,1,0.2256,-0.46
2717,4215505,Santa Cecília,SC,Sul,57.41,68.59,0,0.2258,11.18
2718,5211800,Jaraguá,GO,Centro-Oeste,83.96,80.0,1,0.226,-3.96
2719,3204609,Santa Teresa,ES,Sudeste,82.52,80.0,1,0.226,-2.52
2720,3133709,Itatiaiuçu,MG,Sudeste,79.41,73.57,1,0.2261,-5.84
2721,3543303,Ribeirão Pires,SP,Sudeste,67.0,66.91,1,0.2261,-0.09
2722,4204905,Descanso,SC,Sul,64.35,80.0,0,0.2264,15.65
2723,3130309,Iguatama,MG,Sudeste,94.08,80.0,1,0.2268,-14.08
2724,3203106,Jerônimo Monteiro,ES,Sudeste,77.2,71.71,1,0.2268,-5.49
2725,3121209,Delfinópolis,MG,Sudeste,68.3,79.34,0,0.227,11.04
2726,2100204,Alcântara,MA,Nordeste,70.97,74.47,0,0.227,3.5
2727,3543907,Rio Claro,SP,Sudeste,54.59,55.16,0,0.2271,0.57
2728,2209955,São João da Varjota,PI,Nordeste,86.96,58.01,1,0.2271,-28.95
2729,5204250,Cachoeira Dourada,GO,Centro-Oeste,79.19,73.68,1,0.2273,-5.51
2730,3530805,Mogi Mirim,SP,Sudeste,57.7,58.13,0,0.2273,0.43
2731,4217006,São Ludgero,SC,Sul,68.64,68.15,1,0.2273,-0.49
2732,4111902,Jaguapitã,PR,Sul,62.26,76.81,0,0.2274,14.55
2733,3154309,Resplendor,MG,Sudeste,61.12,72.87,0,0.2277,11.75
2734,3104304,Areado,MG,Sudeste,88.09,72.21,1,0.2278,-15.88
2735,3117108,Conceição da Aparecida,MG,Sudeste,78.53,72.31,1,0.2281,-6.22
2736,5104542,Itanhangá,MT,Centro-Oeste,77.99,80.0,0,0.2282,2.01
2737,3204203,Piúma,ES,Sudeste,70.65,65.36,1,0.2282,-5.29
2738,4207403,Imbuia,SC,Sul,79.52,67.27,1,0.2282,-12.25
2739,4202438,Bocaina do Sul,SC,Sul,28.06,45.49,0,0.2284,17.43
2740,3149101,Pedralva,MG,Sudeste,85.5,55.01,1,0.2285,-30.49
2741,3134905,Jacutinga,MG,Sudeste,79.14,63.18,1,0.2286,-15.96
2742,3150158,Piedade de Caratinga,MG,Sudeste,74.09,57.33,1,0.2287,-16.76
2743,3109303,Buritis,MG,Sudeste,63.51,56.75,1,0.2287,-6.76
2744,3104601,Astolfo Dutra,MG,Sudeste,88.29,75.66,1,0.2288,-12.63
2745,4210407,Maracajá,SC,Sul,61.81,62.07,0,0.2288,0.26
2746,2203230,Currais,PI,Nordeste,92.5,80.0,1,0.2289,-12.5
2747,3102308,Alvinópolis,MG,Sudeste,80.55,54.12,1,0.2289,-26.43
2748,3168101,Tapira,MG,Sudeste,79.68,60.07,1,0.2289,-19.61
2749,3142205,Miraí,MG,Sudeste,78.13,80.0,0,0.229,1.87
2750,4208104,Itaiópolis,SC,Sul,55.99,67.88,0,0.229,11.89
2751,4119954,Pontal do Paraná,PR,Sul,61.28,72.58,0,0.2291,11.3
2752,4213153,Planalto Alegre,SC,Sul,90.38,79.63,1,0.2292,-10.75
2753,2502052,Bernardino Batista,PB,Nordeste,93.94,64.46,1,0.2293,-29.48
2754,3148608,Peçanha,MG,Sudeste,74.72,67.16,1,0.2293,-7.56
2755,3145505,Olímpio Noronha,MG,Sudeste,94.29,65.19,1,0.2293,-29.1
2756,3525706,José Bonifácio,SP,Sudeste,59.52,59.8,0,0.2295,0.28
2757,3529302,Matão,SP,Sudeste,71.72,66.95,1,0.2295,-4.77
2758,3106002,Bela Vista de Minas,MG,Sudeste,73.01,66.46,1,0.2298,-6.55
2759,3509601,Campo Limpo Paulista,SP,Sudeste,48.77,54.81,0,0.23,6.04
2760,3556701,Vinhedo,SP,Sudeste,56.12,56.12,1,0.2301,0.0
2761,3137502,Lagoa Formosa,MG,Sudeste,82.01,63.75,1,0.2301,-18.26
2762,3143500,Morada Nova de Minas,MG,Sudeste,64.5,80.0,0,0.2301,15.5
2763,3170578,Vargem Alegre,MG,Sudeste,83.44,80.0,1,0.2301,-3.44
2764,2513851,Santo André,PB,Nordeste,35.81,50.76,0,0.2302,14.95
2765,3102001,Alterosa,MG,Sudeste,85.54,64.6,1,0.2304,-20.94
2766,3145851,Oratórios,MG,Sudeste,82.24,74.81,1,0.2304,-7.43
2767,3119302,Coromandel,MG,Sudeste,78.77,47.93,1,0.2304,-30.84
2768,4204707,Cunha Porã,SC,Sul,74.18,80.0,0,0.2305,5.82
2769,3100104,Abadia dos Dourados,MG,Sudeste,96.07,64.48,1,0.2312,-31.59
2770,3137536,Lagoa Grande,MG,Sudeste,76.48,80.0,0,0.2312,3.52
2771,3166303,Sericita,MG,Sudeste,84.85,70.39,1,0.2312,-14.46
2772,1101203,Ministro Andreazza,RO,Norte,69.17,73.67,0,0.2317,4.5
2773,3125952,Fervedouro,MG,Sudeste,76.31,68.38,1,0.2317,-7.93
2774,1303601,Santa Isabel do Rio Negro,AM,Norte,36.99,33.91,1,0.2317,-3.08
2775,2111904,Sucupira do Norte,MA,Nordeste,60.0,54.91,1,0.2318,-5.09
2776,3522406,Itapeva,SP,Sudeste,56.2,57.76,0,0.2318,1.56
2777,4128807,Xambrê,PR,Sul,55.19,74.79,0,0.2318,19.6
2778,3149200,Pedrinópolis,MG,Sudeste,79.95,63.06,1,0.2319,-16.89
2779,5203302,Bela Vista de Goiás,GO,Centro-Oeste,62.27,64.32,0,0.232,2.05
2780,3166709,Serra dos Aimorés,MG,Sudeste,65.83,56.46,1,0.2321,-9.37
2781,5220009,São João d'Aliança,GO,Centro-Oeste,89.53,80.0,1,0.2323,-9.53
2782,2205854,Madeiro,PI,Nordeste,55.88,65.01,0,0.2323,9.13
2783,3169208,Tombos,MG,Sudeste,80.55,60.67,1,0.2323,-19.88
2784,3114501,Carmópolis de Minas,MG,Sudeste,81.68,77.39,1,0.2324,-4.29
2785,3109204,Buenópolis,MG,Sudeste,75.91,80.0,0,0.2324,4.09
2786,3527306,Louveira,SP,Sudeste,58.25,58.84,0,0.2324,0.59
2787,3528502,Mairiporã,SP,Sudeste,63.31,59.15,1,0.2325,-4.16
2788,3516408,Franco da Rocha,SP,Sudeste,48.3,55.69,0,0.2326,7.39
2789,3153400,Presidente Olegário,MG,Sudeste,78.27,77.76,1,0.2327,-0.51
2790,2211357,Várzea Branca,PI,Nordeste,31.25,33.18,0,0.2327,1.93
2791,3127057,Fronteira dos Vales,MG,Sudeste,65.19,43.82,1,0.2327,-21.37
2792,5108956,Nova Monte Verde,MT,Centro-Oeste,92.37,77.58,1,0.2328,-14.79
2793,2112852,Vila Nova dos Martírios,MA,Nordeste,74.55,80.0,0,0.233,5.45
2794,3169000,Tocantins,MG,Sudeste,71.46,61.96,1,0.233,-9.5
2795,2205102,Itaueira,PI,Nordeste,85.9,32.37,1,0.2331,-53.53
2796,3135803,Jequitinhonha,MG,Sudeste,61.47,49.76,1,0.2331,-11.71
2797,2200707,Anísio de Abreu,PI,Nordeste,57.02,51.99,1,0.2332,-5.03
2798,5221700,Uruana,GO,Centro-Oeste,97.73,76.25,1,0.2333,-21.48
2799,3120201,Cristais,MG,Sudeste,86.07,69.33,1,0.2334,-16.74
2800,2201770,Boa Hora,PI,Nordeste,47.16,62.26,0,0.2334,15.1
2801,5200134,Acreúna,GO,Centro-Oeste,81.48,62.06,1,0.2335,-19.42
2802,4205308,Faxinal dos Guedes,SC,Sul,66.52,57.2,1,0.2335,-9.32
2803,2508703,Mãe d'Água,PB,Nordeste,63.64,71.59,0,0.2336,7.95
2804,3138682,Luislândia,MG,Sudeste,78.7,54.93,1,0.2337,-23.77
2805,5102793,Carlinda,MT,Centro-Oeste,98.95,48.49,1,0.2338,-50.46
2806,3161007,São Domingos do Prata,MG,Sudeste,84.25,70.8,1,0.2338,-13.45
2807,3131158,Ipaba,MG,Sudeste,77.71,65.76,1,0.2339,-11.95
2808,4203501,Campo Erê,SC,Sul,48.28,64.05,0,0.2341,15.77
2809,3101805,Alpercata,MG,Sudeste,70.83,51.63,1,0.2341,-19.2
2810,3503901,Arujá,SP,Sudeste,60.67,55.66,1,0.2342,-5.01
2811,3171600,Virgem da Lapa,MG,Sudeste,85.1,55.04,1,0.2342,-30.06
2812,3166907,Serrania,MG,Sudeste,80.88,66.47,1,0.2343,-14.41
2813,2102200,Buriti,MA,Nordeste,28.95,50.62,0,0.2344,21.67
2814,3111101,Campina Verde,MG,Sudeste,75.03,77.67,0,0.2344,2.64
2815,3125705,Felixlândia,MG,Sudeste,75.1,56.65,1,0.2345,-18.45
2816,5207253,Doverlândia,GO,Centro-Oeste,83.34,78.47,1,0.2345,-4.87
2817,3527207,Lorena,SP,Sudeste,47.82,48.46,0,0.2346,0.64
2818,3134806,Jacuí,MG,Sudeste,85.13,72.3,1,0.2346,-12.83
2819,4104204,Campo Largo,PR,Sul,69.19,74.37,0,0.2347,5.18
2820,1303536,Presidente Figueiredo,AM,Norte,35.31,41.0,0,0.2347,5.69
2821,3102852,Angelândia,MG,Sudeste,84.97,63.08,1,0.2347,-21.89
2822,3156106,Ritápolis,MG,Sudeste,81.94,66.87,1,0.2349,-15.07
2823,4211009,Mondaí,SC,Sul,57.95,70.43,0,0.2349,12.48
2824,3132602,Itamarati de Minas,MG,Sudeste,73.68,53.26,1,0.2349,-20.42
2825,1304302,Urucará,AM,Norte,74.89,60.83,1,0.235,-14.06
2826,2105450,Jatobá,MA,Nordeste,68.34,73.93,0,0.2351,5.59
2827,3144003,Mutum,MG,Sudeste,79.68,64.53,1,0.2351,-15.15
2828,3143203,Monte Santo de Minas,MG,Sudeste,61.59,48.17,1,0.2352,-13.42
2829,4212205,Papanduva,SC,Sul,69.31,72.03,0,0.2354,2.72
2830,4117602,Palmas,PR,Sul,54.27,59.7,0,0.2355,5.43
2831,4303103,Cachoeirinha,RS,Sul,40.5,61.68,0,0.2355,21.18
2832,3525102,Jardinópolis,SP,Sudeste,45.42,61.9,0,0.2355,16.48
2833,3127602,Gouveia,MG,Sudeste,91.11,75.13,1,0.2356,-15.98
2834,2107258,Nova Colinas,MA,Nordeste,77.14,80.0,0,0.2359,2.86
2835,3126752,Franciscópolis,MG,Sudeste,70.75,80.0,0,0.2361,9.25
2836,5107750,Salto do Céu,MT,Centro-Oeste,97.49,80.0,1,0.2361,-17.49
2837,5103361,Conquista D'Oeste,MT,Centro-Oeste,69.46,47.02,1,0.2361,-22.44
2838,2201101,Avelino Lopes,PI,Nordeste,44.97,47.14,0,0.2362,2.17
2839,3118403,Conselheiro Pena,MG,Sudeste,54.72,69.02,0,0.2364,14.3
2840,5216809,Petrolina de Goiás,GO,Centro-Oeste,85.41,62.71,1,0.2364,-22.7
2841,3539103,Pirapora do Bom Jesus,SP,Sudeste,40.79,49.33,0,0.2364,8.54
2842,5209903,Iaciara,GO,Centro-Oeste,65.45,66.63,0,0.2365,1.18
2843,3127388,Goianá,MG,Sudeste,80.51,75.76,1,0.2367,-4.75
2844,3155108,Rio do Prado,MG,Sudeste,76.19,57.42,1,0.2367,-18.77
2845,5200100,Abadiânia,GO,Centro-Oeste,79.39,79.11,1,0.2369,-0.28
2846,3506102,Bebedouro,SP,Sudeste,55.75,53.82,1,0.2369,-1.93
2847,3110202,Cajuri,MG,Sudeste,69.57,66.8,1,0.237,-2.77
2848,5216452,Perolândia,GO,Centro-Oeste,77.78,77.97,0,0.237,0.19
2849,3204401,Rio Novo do Sul,ES,Sudeste,77.38,78.33,0,0.2371,0.95
2850,3112109,Caparaó,MG,Sudeste,67.92,63.44,1,0.2371,-4.48
2851,2107209,Nina Rodrigues,MA,Nordeste,46.83,57.54,0,0.2372,10.71
2852,3134103,Itueta,MG,Sudeste,78.77,59.6,1,0.2374,-19.17
2853,3101904,Alpinópolis,MG,Sudeste,78.56,48.26,1,0.2374,-30.3
2854,2202251,Canavieira,PI,Nordeste,86.82,55.53,1,0.2374,-31.29
2855,2502300,Bom Sucesso,PB,Nordeste,45.24,67.77,0,0.2375,22.53
2856,3114303,Carmo do Paranaíba,MG,Sudeste,86.35,71.94,1,0.2375,-14.41
2857,3503802,Artur Nogueira,SP,Sudeste,54.41,55.03,0,0.2378,0.62
2858,3130507,Ilicínea,MG,Sudeste,65.15,51.49,1,0.2378,-13.66
2859,3530508,Mococa,SP,Sudeste,70.42,51.87,1,0.2378,-18.55
2860,4218350,Treviso,SC,Sul,56.3,70.42,0,0.2378,14.12
2861,3507001,Boituva,SP,Sudeste,69.83,64.65,1,0.2379,-5.18
2862,3526803,Lençóis Paulista,SP,Sudeste,63.65,64.4,0,0.2381,0.75
2863,2206050,Massapê do Piauí,PI,Nordeste,60.66,51.46,1,0.2383,-9.2
2864,3115805,Centralina,MG,Sudeste,91.99,78.54,1,0.2384,-13.45
2865,3154705,Ribeirão Vermelho,MG,Sudeste,80.2,48.75,1,0.2384,-31.45
2866,1100031,Cabixi,RO,Norte,75.88,70.85,1,0.2387,-5.03
2867,3540606,Porto Feliz,SP,Sudeste,70.08,74.61,0,0.2387,4.53
2868,4316907,Santa Maria,RS,Sul,40.3,67.72,0,0.2388,27.42
2869,4218400,Treze de Maio,SC,Sul,62.38,73.15,0,0.2388,10.77
2870,2505501,Vista Serrana,PB,Nordeste,58.31,49.87,1,0.2388,-8.44
2871,4202602,Bom Retiro,SC,Sul,46.31,39.4,1,0.2388,-6.91
2872,5200605,Alto Paraíso de Goiás,GO,Centro-Oeste,60.2,80.0,0,0.2389,19.8
2873,3130200,Igaratinga,MG,Sudeste,79.48,70.67,1,0.2389,-8.81
2874,5201801,Aragoiânia,GO,Centro-Oeste,62.84,59.12,1,0.2389,-3.72
2875,3110608,Cambuí,MG,Sudeste,81.94,67.59,1,0.2389,-14.35
2876,2203206,Curimatá,PI,Nordeste,81.77,70.09,1,0.239,-11.68
2877,2111763,Senador La Rocque,MA,Nordeste,64.13,39.21,1,0.239,-24.92
2878,3153806,Queluzito,MG,Sudeste,95.0,64.59,1,0.239,-30.41
2879,5209408,Guarani de Goiás,GO,Centro-Oeste,64.58,39.09,1,0.2395,-25.49
2880,3160801,São Bento Abade,MG,Sudeste,76.67,61.84,1,0.2396,-14.83
2881,3122009,Divino,MG,Sudeste,68.51,54.23,1,0.2396,-14.28
2882,2205276,Jatobá do Piauí,PI,Nordeste,95.24,74.79,1,0.2397,-20.45
2883,4201208,Antônio Carlos,SC,Sul,73.55,75.32,0,0.2397,1.77
2884,3170503,Urucânia,MG,Sudeste,81.2,59.62,1,0.2398,-21.58
2885,4109807,Ibiporã,PR,Sul,64.9,74.39,0,0.2398,9.49
2886,3524907,Jambeiro,SP,Sudeste,56.89,62.36,0,0.2399,5.47
2887,5217302,Pirenópolis,GO,Centro-Oeste,64.06,74.01,0,0.2399,9.95
2888,3517208,Guaiçara,SP,Sudeste,60.0,55.48,1,0.24,-4.52
2889,3123858,Entre Folhas,MG,Sudeste,77.45,78.84,0,0.2401,1.39
2890,2206100,Matias Olímpio,PI,Nordeste,52.06,31.65,1,0.2401,-20.41
2891,4217501,Seara,SC,Sul,62.5,80.0,0,0.2401,17.5
2892,2205409,Joaquim Pires,PI,Nordeste,81.27,59.6,1,0.2401,-21.67
2893,3149705,Perdigão,MG,Sudeste,80.71,80.0,1,0.2401,-0.71
2894,3523206,Itararé,SP,Sudeste,53.17,59.9,0,0.2402,6.73
2895,3200508,Apiacá,ES,Sudeste,62.88,61.98,1,0.2403,-0.9
2896,3146701,Palma,MG,Sudeste,75.61,34.19,1,0.2404,-41.42
2897,3549102,São João da Boa Vista,SP,Sudeste,61.6,58.79,1,0.2405,-2.81
2898,5107198,Ribeirãozinho,MT,Centro-Oeste,52.72,54.05,0,0.2406,1.33
2899,3171154,Vermelho Novo,MG,Sudeste,81.82,74.55,1,0.2407,-7.27
2900,3168309,Taquaraçu de Minas,MG,Sudeste,94.4,68.34,1,0.2407,-26.06
2901,3166808,Serra do Salitre,MG,Sudeste,72.87,63.21,1,0.2411,-9.66
2902,3149150,Pedras de Maria da Cruz,MG,Sudeste,46.09,35.81,1,0.2411,-10.28
2903,2208650,Queimada Nova,PI,Nordeste,67.42,63.49,1,0.2411,-3.93
2904,3165578,Senador Amaral,MG,Sudeste,63.76,71.75,0,0.2413,7.99
2905,3113602,Careaçu,MG,Sudeste,74.18,80.0,0,0.2415,5.82
2906,3128808,Guidoval,MG,Sudeste,58.58,64.83,0,0.2415,6.25
2907,3117900,Congonhal,MG,Sudeste,83.44,74.47,1,0.2415,-8.97
2908,3554805,Tremembé,SP,Sudeste,54.73,48.77,1,0.2416,-5.96
2909,3130051,Icaraí de Minas,MG,Sudeste,75.59,58.3,1,0.2416,-17.29
2910,2203503,Elesbão Veloso,PI,Nordeste,51.08,55.01,0,0.2417,3.93
2911,2111953,Sucupira do Riachão,MA,Nordeste,80.65,76.09,1,0.2418,-4.56
2912,3167608,Simonésia,MG,Sudeste,72.42,67.98,1,0.2419,-4.44
2913,3505609,Barrinha,SP,Sudeste,51.43,59.52,0,0.2421,8.09
2914,2108009,Pastos Bons,MA,Nordeste,64.01,75.06,0,0.2422,11.05
2915,3118809,Coração de Jesus,MG,Sudeste,79.4,67.95,1,0.2423,-11.45
2916,3147600,Passa Quatro,MG,Sudeste,80.38,80.0,1,0.2427,-0.38
2917,3170909,Varzelândia,MG,Sudeste,69.33,52.18,1,0.2428,-17.15
2918,3539806,Poá,SP,Sudeste,51.72,58.69,0,0.2428,6.97
2919,4104006,Campina Grande do Sul,PR,Sul,66.84,71.94,0,0.2429,5.1
2920,4201505,Armazém,SC,Sul,78.79,72.02,1,0.2429,-6.77
2921,3145109,Nova Resende,MG,Sudeste,86.57,71.01,1,0.243,-15.56
2922,2110401,São Benedito do Rio Preto,MA,Nordeste,38.29,52.21,0,0.243,13.92
2923,3202652,Irupi,ES,Sudeste,81.49,69.44,1,0.243,-12.05
2924,3108404,Botelhos,MG,Sudeste,84.86,67.86,1,0.2432,-17.0
2925,3156502,Rubelita,MG,Sudeste,76.83,80.0,0,0.2433,3.17
2926,3170008,Ubaí,MG,Sudeste,61.54,71.8,0,0.2433,10.26
2927,3109451,Cabeceira Grande,MG,Sudeste,54.59,46.7,1,0.2434,-7.89
2928,1101484,São Felipe D'Oeste,RO,Norte,78.36,57.76,1,0.2437,-20.6
2929,4211603,Nova Veneza,SC,Sul,73.25,71.23,1,0.2437,-2.02
2930,3162708,São João do Paraíso,MG,Sudeste,87.33,71.98,1,0.2438,-15.35
2931,5105309,Luciara,MT,Centro-Oeste,46.43,44.17,1,0.2439,-2.26
2932,3167400,Silvianópolis,MG,Sudeste,87.91,58.35,1,0.2439,-29.56
2933,3119609,Coronel Pacheco,MG,Sudeste,59.91,80.0,0,0.2439,20.09
2934,3126703,Francisco Sá,MG,Sudeste,43.35,47.71,0,0.244,4.36
2935,3155603,Rio Pardo de Minas,MG,Sudeste,87.03,74.39,1,0.2441,-12.64
2936,3136009,Joaíma,MG,Sudeste,61.92,48.92,1,0.2442,-13.0
2937,2205250,Jardim do Mulato,PI,Nordeste,77.0,61.92,1,0.2443,-15.08
2938,3150570,Pintópolis,MG,Sudeste,64.82,53.21,1,0.2443,-11.61
2939,3525201,Jarinu,SP,Sudeste,44.07,53.9,0,0.2443,9.83
2940,3507803,Brodowski,SP,Sudeste,54.27,58.03,0,0.2445,3.76
2941,3204054,Pedro Canário,ES,Sudeste,81.35,70.99,1,0.2447,-10.36
2942,3117876,Confins,MG,Sudeste,69.15,57.07,1,0.2447,-12.08
2943,5218102,Portelândia,GO,Centro-Oeste,76.08,72.99,1,0.2448,-3.09
2944,5106281,Novo São Joaquim,MT,Centro-Oeste,94.16,62.33,1,0.2448,-31.83
2945,3139102,Madre de Deus de Minas,MG,Sudeste,71.05,71.14,0,0.2449,0.09
2946,2105989,Lajeado Novo,MA,Nordeste,65.92,63.83,1,0.2449,-2.09
2947,3142601,Monsenhor Paulo,MG,Sudeste,78.89,65.54,1,0.2452,-13.35
2948,2203404,Dom Expedito Lopes,PI,Nordeste,76.45,77.56,0,0.2452,1.11
2949,2202455,Capitão Gervásio Oliveira,PI,Nordeste,77.36,67.7,1,0.2455,-9.66
2950,3122207,Divinolândia de Minas,MG,Sudeste,87.1,69.54,1,0.2456,-17.56
2951,3511300,Cedral,SP,Sudeste,55.73,74.02,0,0.2456,18.29
2952,3162807,São João Evangelista,MG,Sudeste,70.27,80.0,0,0.2456,9.73
2953,3112059,Cantagalo,MG,Sudeste,65.99,63.46,1,0.2456,-2.53
2954,2109239,Presidente Médici,MA,Nordeste,74.73,76.15,0,0.2456,1.42
2955,2517209,Vieirópolis,PB,Nordeste,64.36,35.36,1,0.2457,-29.0
2956,4317301,Santa Vitória do Palmar,RS,Sul,46.0,59.99,0,0.2458,13.99
2957,4305108,Caxias do Sul,RS,Sul,43.6,70.89,0,0.2458,27.29
2958,2108405,Peri Mirim,MA,Nordeste,61.02,42.07,1,0.2459,-18.95
2959,2202752,Colônia do Gurguéia,PI,Nordeste,89.29,58.67,1,0.2459,-30.62
2960,3110103,Caiana,MG,Sudeste,76.5,62.1,1,0.246,-14.4
2961,4118501,Pato Branco,PR,Sul,71.14,78.48,0,0.2462,7.34
2962,3205069,Venda Nova do Imigrante,ES,Sudeste,87.97,80.0,1,0.2465,-7.97
2963,5220207,São Miguel do Araguaia,GO,Centro-Oeste,91.4,80.0,1,0.2468,-11.4
2964,2107308,Nova Iorque,MA,Nordeste,51.24,77.81,0,0.2469,26.57
2965,3524105,Ituverava,SP,Sudeste,49.94,53.56,0,0.247,3.62
2966,3150109,Piau,MG,Sudeste,75.58,36.74,1,0.2472,-38.84
2967,3539301,Pirassununga,SP,Sudeste,56.4,51.43,1,0.2473,-4.97
2968,4117214,Nova Santa Bárbara,PR,Sul,79.18,80.0,0,0.2473,0.82
2969,2200459,Alvorada do Gurguéia,PI,Nordeste,41.74,70.23,0,0.2473,28.49
2970,3156007,Rio Vermelho,MG,Sudeste,64.55,49.66,1,0.2473,-14.89
2971,5208152,Gameleira de Goiás,GO,Centro-Oeste,79.76,80.0,0,0.2474,0.24
2972,3539202,Pirapozinho,SP,Sudeste,69.44,75.83,0,0.2474,6.39
2973,5221601,Uruaçu,GO,Centro-Oeste,77.83,71.02,1,0.2476,-6.81
2974,3501152,Alumínio,SP,Sudeste,53.68,53.71,0,0.2478,0.03
2975,3142700,Montalvânia,MG,Sudeste,66.9,53.65,1,0.2478,-13.25
2976,5106273,Novo Horizonte do Norte,MT,Centro-Oeste,69.12,65.77,1,0.2478,-3.35
2977,3145455,Olhos-d'Água,MG,Sudeste,90.16,70.12,1,0.2478,-20.04
2978,3513702,Descalvado,SP,Sudeste,80.62,62.78,1,0.2481,-17.84
2979,2103125,Central do Maranhão,MA,Nordeste,84.42,80.0,1,0.2481,-4.42
2980,3144706,Nova Era,MG,Sudeste,72.22,63.58,1,0.2481,-8.64
2981,4213807,Praia Grande,SC,Sul,71.88,67.96,1,0.2482,-3.92
2982,2202711,Cocal de Telha,PI,Nordeste,59.56,69.55,0,0.2483,9.99
2983,3544004,Rio das Pedras,SP,Sudeste,58.5,67.48,0,0.2484,8.98
2984,3505906,Batatais,SP,Sudeste,58.95,64.07,0,0.2484,5.12
2985,3101300,Alagoa,MG,Sudeste,89.66,69.11,1,0.2486,-20.55
2986,3129608,Ibiaí,MG,Sudeste,76.41,60.78,1,0.2487,-15.63
2987,2201176,Barra D'Alcântara,PI,Nordeste,93.18,64.23,1,0.2488,-28.95
2988,2202117,Campo Alegre do Fidalgo,PI,Nordeste,59.33,44.96,1,0.2488,-14.37
2989,2514651,São José do Brejo do Cruz,PB,Nordeste,30.0,46.27,0,0.2488,16.27
2990,3144375,Natalândia,MG,Sudeste,64.21,54.28,1,0.2488,-9.93
2991,3125309,Faria Lemos,MG,Sudeste,69.23,21.31,1,0.2489,-47.92
2992,5211206,Itapuranga,GO,Centro-Oeste,85.1,80.0,1,0.2489,-5.1
2993,2202737,Coivaras,PI,Nordeste,94.47,78.41,1,0.249,-16.06
2994,4217253,São Pedro de Alcântara,SC,Sul,61.13,74.91,0,0.2492,13.78
2995,3557006,Votorantim,SP,Sudeste,54.69,53.97,1,0.2492,-0.72
2996,3142403,Moema,MG,Sudeste,81.94,80.0,1,0.2495,-1.94
2997,3132206,Itaguara,MG,Sudeste,90.91,60.81,1,0.2496,-30.1
2998,3203403,Mimoso do Sul,ES,Sudeste,65.32,69.97,0,0.2499,4.65
2999,3203007,Iúna,ES,Sudeste,70.08,73.2,0,0.2499,3.12
3000,5105002,Jauru,MT,Centro-Oeste,74.68,52.12,1,0.25,-22.56
3001,2209203,Santa Filomena,PI,Nordeste,62.47,34.92,1,0.2501,-27.55
3002,2101103,Axixá,MA,Nordeste,71.88,80.0,0,0.2501,8.12
3003,3546801,Santa Isabel,SP,Sudeste,67.17,73.45,0,0.2502,6.28
3004,4215752,São Bernardino,SC,Sul,69.54,80.0,0,0.2502,10.46
3005,4210050,Macieira,SC,Sul,56.25,80.0,0,0.2503,23.75
3006,3556453,Vargem Grande Paulista,SP,Sudeste,64.59,60.02,1,0.2503,-4.57
3007,1300102,Anori,AM,Norte,75.32,76.6,0,0.2504,1.28
3008,2210409,São Miguel do Tapuio,PI,Nordeste,45.19,36.96,1,0.2505,-8.23
3009,3506607,Biritiba-Mirim,SP,Sudeste,52.19,48.54,1,0.2505,-3.65
3010,4304663,Capão do Leão,RS,Sul,29.8,53.81,0,0.2506,24.01
3011,2200509,Amarante,PI,Nordeste,32.94,29.44,1,0.2508,-3.5
3012,3504404,Avanhandava,SP,Sudeste,77.37,72.36,1,0.2509,-5.01
3013,3120409,Cristiano Otoni,MG,Sudeste,89.96,73.35,1,0.2511,-16.61
3014,3129301,Iapu,MG,Sudeste,67.68,43.66,1,0.2511,-24.02
3015,5205307,Cavalcante,GO,Centro-Oeste,84.5,63.47,1,0.2511,-21.03
3016,3130002,Ibituruna,MG,Sudeste,83.33,63.8,1,0.2512,-19.53
3017,2205300,Jerumenha,PI,Nordeste,75.31,33.53,1,0.2513,-41.78
3018,3106804,Bias Fortes,MG,Sudeste,100.0,70.55,1,0.2516,-29.45
3019,3549706,São José do Rio Pardo,SP,Sudeste,67.62,52.98,1,0.2517,-14.64
3020,3120300,Cristália,MG,Sudeste,54.17,33.57,1,0.2517,-20.6
3021,5203559,Bonfinópolis,GO,Centro-Oeste,86.32,61.67,1,0.2518,-24.65
3022,3524006,Itupeva,SP,Sudeste,48.94,50.55,0,0.2519,1.61
3023,3129707,Ibiraci,MG,Sudeste,76.93,39.73,1,0.252,-37.2
3024,3205010,Sooretama,ES,Sudeste,70.81,69.28,1,0.2521,-1.53
3025,3170305,Umburatiba,MG,Sudeste,52.43,66.38,0,0.2524,13.95
3026,4128104,Umuarama,PR,Sul,63.1,66.74,0,0.2525,3.64
3027,3557105,Votuporanga,SP,Sudeste,61.66,54.68,1,0.2526,-6.98
3028,2203271,Curral Novo do Piauí,PI,Nordeste,48.34,22.86,1,0.2526,-25.48
3029,4116208,Morretes,PR,Sul,59.7,70.28,0,0.2527,10.58
3030,2210805,Simplício Mendes,PI,Nordeste,67.45,80.0,0,0.2527,12.55
3031,4126504,Sertanópolis,PR,Sul,61.98,68.91,0,0.2527,6.93
3032,3509700,Campos do Jordão,SP,Sudeste,57.12,55.98,1,0.2529,-1.14
3033,3501301,Álvares Machado,SP,Sudeste,72.19,58.23,1,0.2531,-13.96
3034,4216354,São João do Itaperiú,SC,Sul,64.01,59.22,1,0.2531,-4.79
3035,3164431,São Sebastião da Vargem Alegre,MG,Sudeste,93.1,57.79,1,0.2531,-35.31
3036,2210201,São José do Piauí,PI,Nordeste,97.06,80.0,1,0.2532,-17.06
3037,5211305,Itarumã,GO,Centro-Oeste,83.26,77.21,1,0.2534,-6.05
3038,2104305,Godofredo Viana,MA,Nordeste,88.4,80.0,1,0.2534,-8.4
3039,4208005,Itá,SC,Sul,72.01,70.81,1,0.2535,-1.2
3040,3538006,Pindamonhangaba,SP,Sudeste,63.8,58.74,1,0.2535,-5.06
3041,2202554,Caridade do Piauí,PI,Nordeste,58.14,64.49,0,0.2536,6.35
3042,3103900,Araújos,MG,Sudeste,88.5,74.92,1,0.2536,-13.58
3043,3103603,Arantina,MG,Sudeste,57.09,75.76,0,0.2538,18.67
3044,3128907,Guimarânia,MG,Sudeste,85.1,63.8,1,0.2538,-21.3
3045,3114600,Carrancas,MG,Sudeste,89.76,71.89,1,0.2539,-17.87
3046,2111532,São Pedro da Água Branca,MA,Nordeste,55.64,39.87,1,0.254,-15.77
3047,3143807,Munhoz,MG,Sudeste,82.36,78.23,1,0.2543,-4.13
3048,3550704,São Sebastião,SP,Sudeste,44.38,45.57,0,0.2543,1.19
3049,2204709,Inhuma,PI,Nordeste,67.52,59.47,1,0.2544,-8.05
3050,4102802,Bela Vista do Paraíso,PR,Sul,54.88,64.18,0,0.2546,9.3
3051,3142908,Monte Azul,MG,Sudeste,67.01,80.0,0,0.2546,12.99
3052,3202306,Guaçuí,ES,Sudeste,76.71,74.96,1,0.2546,-1.75
3053,5217104,Piracanjuba,GO,Centro-Oeste,71.69,69.9,1,0.255,-1.79
3054,3510906,Cássia dos Coqueiros,SP,Sudeste,75.0,69.29,1,0.2553,-5.71
3055,3144656,Ninheira,MG,Sudeste,77.17,54.31,1,0.2554,-22.86
3056,3518107,Guarantã,SP,Sudeste,47.49,69.04,0,0.2554,21.55
3057,4111258,Itaperuçu,PR,Sul,52.37,60.35,0,0.2555,7.98
3058,2211407,Várzea Grande,PI,Nordeste,76.19,80.0,0,0.2557,3.81
3059,3533007,Nova Granada,SP,Sudeste,59.94,64.31,0,0.2557,4.37
3060,4215307,Salete,SC,Sul,67.36,78.29,0,0.2559,10.93
3061,3200300,Alfredo Chaves,ES,Sudeste,87.55,75.35,1,0.256,-12.2
3062,5204409,Caiapônia,GO,Centro-Oeste,84.82,77.1,1,0.256,-7.72
3063,5205802,Corumbá de Goiás,GO,Centro-Oeste,80.7,73.34,1,0.2562,-7.36
3064,3506508,Birigui,SP,Sudeste,78.13,72.5,1,0.2562,-5.63
3065,3112000,Candeias,MG,Sudeste,90.37,80.0,1,0.2563,-10.37
3066,4212056,Palmeira,SC,Sul,57.22,69.23,0,0.2566,12.01
3067,2210979,Tanque do Piauí,PI,Nordeste,50.0,61.92,0,0.2566,11.92
3068,4301602,Bagé,RS,Sul,43.3,64.98,0,0.2566,21.68
3069,4108908,Guairaçá,PR,Sul,80.71,73.72,1,0.2567,-6.99
3070,5200852,Americano do Brasil,GO,Centro-Oeste,78.87,75.18,1,0.2567,-3.69
3071,3531902,Morro Agudo,SP,Sudeste,45.3,59.31,0,0.2569,14.01
3072,3522901,Itapuí,SP,Sudeste,53.04,41.78,1,0.2569,-11.26
3073,2504108,Carrapateira,PB,Nordeste,91.67,70.72,1,0.2569,-20.95
3074,2108801,Pirapemas,MA,Nordeste,42.38,80.0,0,0.257,37.62
3075,3200904,Barra de São Francisco,ES,Sudeste,87.1,78.66,1,0.257,-8.44
3076,5220603,Silvânia,GO,Centro-Oeste,91.2,80.0,1,0.2572,-11.2
3077,3115359,Catas Altas,MG,Sudeste,71.35,69.4,1,0.2572,-1.95
3078,4218509,Treze Tílias,SC,Sul,71.92,75.2,0,0.2573,3.28
3079,3131802,Itabirinha,MG,Sudeste,83.44,67.27,1,0.2573,-16.17
3080,2108058,Paulino Neves,MA,Nordeste,68.89,67.34,1,0.2575,-1.55
3081,3133105,Itanhandu,MG,Sudeste,79.94,80.0,0,0.2576,0.06
3082,3556404,Vargem Grande do Sul,SP,Sudeste,61.51,71.16,0,0.2577,9.65
3083,2205532,Jurema,PI,Nordeste,98.36,80.0,1,0.2578,-18.36
3084,3160108,Santo Antônio do Grama,MG,Sudeste,94.3,80.0,1,0.2579,-14.3
3085,3524204,Jaborandi,SP,Sudeste,67.19,80.0,0,0.258,12.81
3086,5103809,Figueirópolis D'Oeste,MT,Centro-Oeste,58.78,80.0,0,0.2583,21.22
3087,3138807,Luz,MG,Sudeste,86.87,58.68,1,0.2584,-28.19
3088,2514008,São João do Cariri,PB,Nordeste,60.71,36.7,1,0.2587,-24.01
3089,3165404,Sapucaí-Mirim,MG,Sudeste,75.07,57.41,1,0.2588,-17.66
3090,4208401,Itapiranga,SC,Sul,81.61,72.9,1,0.2589,-8.71
3091,3136603,Nova União,MG,Sudeste,92.79,53.22,1,0.2591,-39.57
3092,2204006,Francinópolis,PI,Nordeste,84.21,78.27,1,0.2591,-5.94
3093,3104502,Arinos,MG,Sudeste,48.56,50.89,0,0.2592,2.33
3094,3504503,Avaré,SP,Sudeste,52.47,61.23,0,0.2593,8.76
3095,3500402,Águas da Prata,SP,Sudeste,61.82,67.26,0,0.2594,5.44
3096,2203453,Dom Inocêncio,PI,Nordeste,87.27,80.0,1,0.2595,-7.27
3097,3546405,Santa Cruz do Rio Pardo,SP,Sudeste,70.73,57.25,1,0.2595,-13.48
3098,3114006,Carmo da Mata,MG,Sudeste,68.1,79.19,0,0.2596,11.09
3099,3111705,Canaã,MG,Sudeste,85.85,76.58,1,0.2598,-9.27
3100,3131505,Ipuiúna,MG,Sudeste,63.82,57.35,1,0.2598,-6.47
3101,4127601,Tijucas do Sul,PR,Sul,68.4,78.94,0,0.2598,10.54
3102,3150539,Pingo-d'Água,MG,Sudeste,81.43,41.49,1,0.2598,-39.94
3103,3547700,Santo Anastácio,SP,Sudeste,79.01,79.99,0,0.26,0.98
3104,3130705,Indianópolis,MG,Sudeste,53.9,49.02,1,0.2602,-4.88
3105,2206704,Nazaré do Piauí,PI,Nordeste,39.0,52.31,0,0.2603,13.31
3106,3201100,Bom Jesus do Norte,ES,Sudeste,67.33,69.22,0,0.2603,1.89
3107,3114550,Carneirinho,MG,Sudeste,64.51,56.8,1,0.2604,-7.71
3108,3515509,Fernandópolis,SP,Sudeste,60.91,61.33,0,0.2608,0.42
3109,3131109,Inimutaba,MG,Sudeste,77.8,46.85,1,0.2608,-30.95
3110,5203906,Buriti Alegre,GO,Centro-Oeste,64.95,70.78,0,0.2608,5.83
3111,5104500,Indiavaí,MT,Centro-Oeste,67.61,50.4,1,0.261,-17.21
3112,3109501,Cabo Verde,MG,Sudeste,86.58,73.25,1,0.2612,-13.33
3113,2109601,Rosário,MA,Nordeste,57.6,60.53,0,0.2612,2.93
3114,2211308,Valença do Piauí,PI,Nordeste,42.13,56.58,0,0.2612,14.45
3115,3531506,Monte Azul Paulista,SP,Sudeste,55.38,74.01,0,0.2613,18.63
3116,2101251,Bacabeira,MA,Nordeste,53.73,56.2,0,0.2614,2.47
3117,3135506,Jequeri,MG,Sudeste,85.23,61.2,1,0.2616,-24.03
3118,3128105,Guapé,MG,Sudeste,80.4,62.11,1,0.2618,-18.29
3119,3204302,Presidente Kennedy,ES,Sudeste,69.85,70.22,0,0.2623,0.37
3120,4212270,Passos Maia,SC,Sul,68.75,54.31,1,0.2624,-14.44
3121,4211652,Novo Horizonte,SC,Sul,86.57,80.0,1,0.2626,-6.57
3122,3140506,Martinho Campos,MG,Sudeste,78.23,60.0,1,0.2629,-18.23
3123,3500501,Águas de Lindóia,SP,Sudeste,44.23,64.46,0,0.2629,20.23
3124,3519303,Ibaté,SP,Sudeste,68.78,57.31,1,0.2631,-11.47
3125,3127800,Grão Mogol,MG,Sudeste,86.04,72.9,1,0.2631,-13.14
3126,3502507,Aparecida,SP,Sudeste,53.75,49.33,1,0.2631,-4.42
3127,3506904,Bofete,SP,Sudeste,69.75,51.32,1,0.2631,-18.43
3128,2105005,Humberto de Campos,MA,Nordeste,59.22,64.63,0,0.2632,5.41
3129,3139904,Maria da Fé,MG,Sudeste,78.16,64.13,1,0.2633,-14.03
3130,5107404,São Pedro da Cipa,MT,Centro-Oeste,76.26,74.0,1,0.2633,-2.26
3131,3133501,Itapecerica,MG,Sudeste,85.54,73.56,1,0.2633,-11.98
3132,3123700,Engenheiro Caldas,MG,Sudeste,63.03,61.83,1,0.2636,-1.2
3133,2304400,Fortaleza,CE,Nordeste,75.03,74.95,1,0.2637,-0.08
3134,3513405,Cruzeiro,SP,Sudeste,55.99,45.68,1,0.2637,-10.31
3135,3510203,Capão Bonito,SP,Sudeste,74.63,65.3,1,0.2638,-9.33
3136,4101507,Arapongas,PR,Sul,70.97,76.59,0,0.264,5.62
3137,5207808,Firminópolis,GO,Centro-Oeste,70.8,77.31,0,0.2641,6.51
3138,4206207,Gravatal,SC,Sul,66.2,57.16,1,0.2641,-9.04
3139,5220108,São Luís de Montes Belos,GO,Centro-Oeste,76.27,68.7,1,0.2642,-7.57
3140,2207405,Palmeira do Piauí,PI,Nordeste,72.22,72.28,0,0.2643,0.06
3141,3107505,Bom Jardim de Minas,MG,Sudeste,60.13,52.98,1,0.2644,-7.15
3142,5214606,Niquelândia,GO,Centro-Oeste,80.22,73.95,1,0.2644,-6.27
3143,5204854,Campo Limpo de Goiás,GO,Centro-Oeste,84.62,80.0,1,0.2644,-4.62
3144,4109906,Icaraíma,PR,Sul,51.76,74.31,0,0.2645,22.55
3145,3541307,Presidente Epitácio,SP,Sudeste,72.17,53.56,1,0.2645,-18.61
3146,3161304,São Francisco de Sales,MG,Sudeste,73.5,77.07,0,0.2645,3.57
3147,3124500,Estiva,MG,Sudeste,81.08,73.63,1,0.2645,-7.45
3148,3127370,Goiabeira,MG,Sudeste,91.43,69.73,1,0.2646,-21.7
3149,3204559,Santa Maria de Jetibá,ES,Sudeste,85.41,80.0,1,0.2646,-5.41
3150,2205003,Itainópolis,PI,Nordeste,73.67,75.05,0,0.2647,1.38
3151,3200706,Atilio Vivacqua,ES,Sudeste,77.52,75.4,1,0.2649,-2.12
3152,3126406,Fortuna de Minas,MG,Sudeste,90.83,62.69,1,0.2651,-28.14
3153,5101001,Araguaiana,MT,Centro-Oeste,91.53,80.0,1,0.2651,-11.53
3154,3108909,Brazópolis,MG,Sudeste,79.14,55.66,1,0.2654,-23.48
3155,3542602,Registro,SP,Sudeste,63.81,56.89,1,0.2655,-6.92
3156,5201454,Aparecida do Rio Doce,GO,Centro-Oeste,87.09,62.97,1,0.2655,-24.12
3157,2201739,Betânia do Piauí,PI,Nordeste,82.76,48.5,1,0.2657,-34.26
3158,2205953,Marcolândia,PI,Nordeste,89.66,80.0,1,0.2658,-9.66
3159,3130556,Imbé de Minas,MG,Sudeste,88.46,67.94,1,0.2658,-20.52
3160,3123106,Dores de Guanhães,MG,Sudeste,72.49,48.52,1,0.2659,-23.97
3161,3121506,Desterro do Melo,MG,Sudeste,96.43,70.08,1,0.2659,-26.35
3162,4127700,Toledo,PR,Sul,81.69,79.64,1,0.2663,-2.05
3163,3555604,Uchoa,SP,Sudeste,87.56,50.47,1,0.2664,-37.09
3164,3534708,Ourinhos,SP,Sudeste,53.77,55.25,0,0.2664,1.48
3165,3147709,Passa Tempo,MG,Sudeste,78.42,80.0,0,0.2664,1.58
3166,4217105,São Martinho,SC,Sul,56.74,69.93,0,0.2665,13.19
3167,3142106,Miradouro,MG,Sudeste,75.29,52.6,1,0.2666,-22.69
3168,4105508,Cianorte,PR,Sul,74.95,79.62,0,0.2667,4.67
3169,5200555,Alto Horizonte,GO,Centro-Oeste,72.47,68.81,1,0.2668,-3.66
3170,3201407,Castelo,ES,Sudeste,82.7,73.43,1,0.2669,-9.27
3171,3130606,Inconfidentes,MG,Sudeste,86.18,80.0,1,0.267,-6.18
3172,3151701,Poço Fundo,MG,Sudeste,70.92,80.0,0,0.267,9.08
3173,3128600,Guarda-Mor,MG,Sudeste,51.62,79.19,0,0.2672,27.57
3174,2202604,Castelo do Piauí,PI,Nordeste,82.63,75.84,1,0.2672,-6.79
3175,5201306,Anicuns,GO,Centro-Oeste,98.09,80.0,1,0.2672,-18.09
3176,4216255,São João do Oeste,SC,Sul,92.42,80.0,1,0.2673,-12.42
3177,3156304,Rodeiro,MG,Sudeste,81.95,50.42,1,0.2673,-31.53
3178,3112802,Capitólio,MG,Sudeste,84.65,80.0,1,0.2675,-4.65
3179,3203908,Nova Venécia,ES,Sudeste,83.55,80.0,1,0.2677,-3.55
3180,3163003,São José da Safira,MG,Sudeste,52.73,73.69,0,0.2677,20.96
3181,3168804,Tiradentes,MG,Sudeste,68.34,65.18,1,0.2677,-3.16
3182,3520103,Igarapava,SP,Sudeste,55.6,52.47,1,0.2678,-3.13
3183,2210706,Simões,PI,Nordeste,86.03,70.36,1,0.2679,-15.67
3184,3169703,Turmalina,MG,Sudeste,82.52,58.26,1,0.2679,-24.26
3185,3101003,Águas Vermelhas,MG,Sudeste,74.46,48.71,1,0.2679,-25.75
3186,3120003,Córrego Novo,MG,Sudeste,62.81,52.11,1,0.2679,-10.7
3187,5210802,Itajá,GO,Centro-Oeste,82.86,80.0,1,0.268,-2.86
3188,5204300,Caçu,GO,Centro-Oeste,91.38,74.28,1,0.2681,-17.1
3189,5203500,Bom Jesus de Goiás,GO,Centro-Oeste,81.51,76.39,1,0.2682,-5.12
3190,3509007,Caieiras,SP,Sudeste,52.16,49.69,1,0.2684,-2.47
3191,1301159,Careiro da Várzea,AM,Norte,32.97,44.52,0,0.2686,11.55
3192,3520806,Inúbia Paulista,SP,Sudeste,94.72,80.0,1,0.2687,-14.72
3193,2202851,Coronel José Dias,PI,Nordeste,61.36,64.26,0,0.2688,2.9
3194,3157302,Santa Bárbara do Tugúrio,MG,Sudeste,90.92,55.44,1,0.269,-35.48
3195,2510709,Passagem,PB,Nordeste,66.67,79.59,0,0.2691,12.92
3196,3169802,Turvolândia,MG,Sudeste,67.31,64.7,1,0.2694,-2.61
3197,5220264,São Miguel do Passa Quatro,GO,Centro-Oeste,67.1,80.0,0,0.2694,12.9
3198,3540804,Potirendaba,SP,Sudeste,62.55,63.91,0,0.2696,1.36
3199,3509403,Cajuru,SP,Sudeste,54.99,73.07,0,0.2697,18.08
3200,4127304,Terra Rica,PR,Sul,81.46,70.78,1,0.2697,-10.68
3201,4118857,Perobal,PR,Sul,70.19,61.32,1,0.2698,-8.87
3202,4211405,Nova Erechim,SC,Sul,72.86,70.89,1,0.2699,-1.97
3203,4114104,Mandaguaçu,PR,Sul,62.29,63.44,0,0.2699,1.15
3204,3106408,Belo Vale,MG,Sudeste,97.32,80.0,1,0.2699,-17.32
3205,3124401,Espírito Santo do Dourado,MG,Sudeste,66.53,68.68,0,0.27,2.15
3206,5215009,Nova Veneza,GO,Centro-Oeste,76.22,80.0,0,0.27,3.78
3207,3104106,Arceburgo,MG,Sudeste,82.63,80.0,1,0.2701,-2.63
3208,3134301,Itumirim,MG,Sudeste,82.59,62.66,1,0.2704,-19.93
3209,3148806,Pedra do Anta,MG,Sudeste,85.51,80.0,1,0.2704,-5.51
3210,3527009,Lindóia,SP,Sudeste,61.13,77.54,0,0.2706,16.41
3211,4313409,Novo Hamburgo,RS,Sul,37.0,65.27,0,0.2707,28.27
3212,4118006,Paraíso do Norte,PR,Sul,67.76,75.67,0,0.2707,7.91
3213,5209952,Indiara,GO,Centro-Oeste,82.75,69.23,1,0.2708,-13.52
3214,3129202,Heliodora,MG,Sudeste,67.59,53.53,1,0.2708,-14.06
3215,4203402,Campo Belo do Sul,SC,Sul,45.29,47.83,0,0.2708,2.54
3216,3502200,Angatuba,SP,Sudeste,59.71,53.44,1,0.2709,-6.27
3217,3113800,Carmésia,MG,Sudeste,62.5,36.86,1,0.2712,-25.64
3218,3120102,Couto de Magalhães de Minas,MG,Sudeste,77.52,53.63,1,0.2713,-23.89
3219,3142007,Mirabela,MG,Sudeste,54.27,62.46,0,0.2713,8.19
3220,4124707,São Jerônimo da Serra,PR,Sul,71.33,80.0,0,0.2713,8.67
3221,4314100,Passo Fundo,RS,Sul,36.5,62.1,0,0.2714,25.6
3222,1101476,Primavera de Rondônia,RO,Norte,57.63,80.0,0,0.2715,22.37
3223,4202206,Benedito Novo,SC,Sul,70.47,64.47,1,0.2715,-6.0
3224,3513207,Cristais Paulista,SP,Sudeste,49.46,54.91,0,0.2717,5.45
3225,2200301,Alto Longá,PI,Nordeste,82.41,80.0,1,0.2717,-2.41
3226,3515152,Engenheiro Coelho,SP,Sudeste,47.86,57.75,0,0.2718,9.89
3227,3533601,Nuporanga,SP,Sudeste,64.88,71.14,0,0.2721,6.26
3228,2205599,Lagoa do Sítio,PI,Nordeste,62.96,18.93,1,0.2722,-44.03
3229,3500709,Agudos,SP,Sudeste,64.6,61.01,1,0.2722,-3.59
3230,5210901,Itapaci,GO,Centro-Oeste,85.28,79.01,1,0.2724,-6.27
3231,2513356,Santa Inês,PB,Nordeste,39.01,57.18,0,0.2725,18.17
3232,3540903,Pradópolis,SP,Sudeste,62.53,75.13,0,0.2726,12.6
3233,4207650,Iporã do Oeste,SC,Sul,89.65,80.0,1,0.2726,-9.65
3234,3536703,Pederneiras,SP,Sudeste,46.77,43.06,1,0.2727,-3.71
3235,5213509,Monte Alegre de Goiás,GO,Centro-Oeste,81.87,74.82,1,0.2728,-7.05
3236,4207700,Ipumirim,SC,Sul,62.84,58.28,1,0.2728,-4.56
3237,3200102,Afonso Cláudio,ES,Sudeste,91.7,80.0,1,0.2729,-11.7
3238,3158300,Santana da Vargem,MG,Sudeste,87.88,67.34,1,0.273,-20.54
3239,4207908,Irineópolis,SC,Sul,79.25,73.1,1,0.273,-6.15
3240,3120839,Cuparaque,MG,Sudeste,69.0,80.0,0,0.2732,11.0
3241,3550803,São Sebastião da Grama,SP,Sudeste,68.66,67.26,1,0.2732,-1.4
3242,1300144,Apuí,AM,Norte,64.17,60.64,1,0.2734,-3.53
3243,3515103,Embu-Guaçu,SP,Sudeste,57.38,51.94,1,0.2735,-5.44
3244,3108255,Bonito de Minas,MG,Sudeste,44.78,66.87,0,0.2735,22.09
3245,4121000,Querência do Norte,PR,Sul,50.32,50.89,0,0.2737,0.57
3246,4100905,Amaporã,PR,Sul,76.71,73.16,1,0.2737,-3.55
3247,3111309,Campo do Meio,MG,Sudeste,76.54,69.55,1,0.2737,-6.99
3248,3549508,São José da Bela Vista,SP,Sudeste,50.38,52.91,0,0.2738,2.53
3249,4219150,Vargem,SC,Sul,69.58,80.0,0,0.2739,10.42
3250,3530300,Mirassol,SP,Sudeste,61.57,69.6,0,0.274,8.03
3251,1301001,Carauari,AM,Norte,61.24,52.7,1,0.2742,-8.54
3252,3107802,Bom Jesus do Galho,MG,Sudeste,77.48,80.0,0,0.2743,2.52
3253,5108857,Nova Marilândia,MT,Centro-Oeste,80.62,49.91,1,0.2743,-30.71
3254,4213104,Piratuba,SC,Sul,83.99,80.0,1,0.2743,-3.99
3255,3126208,Formoso,MG,Sudeste,80.63,64.21,1,0.2746,-16.42
3256,3520400,Ilhabela,SP,Sudeste,43.27,49.92,0,0.2746,6.65
3257,2413409,Serra Negra do Norte,RN,Nordeste,31.59,33.05,0,0.2748,1.46
3258,5218052,Porteirão,GO,Centro-Oeste,75.38,80.0,0,0.2749,4.62
3259,3105004,Baldim,MG,Sudeste,89.89,75.13,1,0.2749,-14.76
3260,3138500,Liberdade,MG,Sudeste,71.21,60.12,1,0.275,-11.09
3261,3544103,Rio Grande da Serra,SP,Sudeste,61.8,38.67,1,0.275,-23.13
3262,3168408,Tarumirim,MG,Sudeste,76.05,71.59,1,0.275,-4.46
3263,5214101,Mutunópolis,GO,Centro-Oeste,100.0,80.0,1,0.2751,-20.0
3264,1100601,Cacaulândia,RO,Norte,78.84,58.84,1,0.2752,-20.0
3265,3502101,Andradina,SP,Sudeste,65.48,60.79,1,0.2753,-4.69
3266,3109105,Bueno Brandão,MG,Sudeste,82.56,65.8,1,0.2754,-16.76
3267,3141009,Mato Verde,MG,Sudeste,71.71,70.78,1,0.2755,-0.93
3268,4216701,São José do Cedro,SC,Sul,82.26,76.92,1,0.2756,-5.34
3269,2202075,Cajazeiras do Piauí,PI,Nordeste,75.0,80.0,0,0.2757,5.0
3270,3554508,Tietê,SP,Sudeste,62.5,53.53,1,0.2757,-8.97
3271,4318309,São Gabriel,RS,Sul,39.1,64.25,0,0.2757,25.15
3272,3516705,Garça,SP,Sudeste,57.27,56.55,1,0.2758,-0.72
3273,2105948,Lago dos Rodrigues,MA,Nordeste,92.3,80.0,1,0.2758,-12.3
3274,5203807,Britânia,GO,Centro-Oeste,92.82,80.0,1,0.276,-12.82
3275,2112001,Tasso Fragoso,MA,Nordeste,54.9,50.74,1,0.2761,-4.16
3276,3137403,Lagoa Dourada,MG,Sudeste,87.23,66.55,1,0.2761,-20.68
3277,2202059,Cabeceiras do Piauí,PI,Nordeste,52.34,26.93,1,0.2762,-25.41
3278,5213087,Minaçu,GO,Centro-Oeste,81.44,76.32,1,0.2762,-5.12
3279,3130804,Ingaí,MG,Sudeste,87.27,56.85,1,0.2763,-30.42
3280,2513943,São Domingos do Cariri,PB,Nordeste,100.0,80.0,1,0.2765,-20.0
3281,4205001,Dionísio Cerqueira,SC,Sul,69.14,63.02,1,0.2767,-6.12
3282,4321329,Taquaruçu do Sul,RS,Sul,82.9,80.0,1,0.2767,-2.9
3283,3519402,Ibirá,SP,Sudeste,61.64,72.56,0,0.2769,10.92
3284,3202504,Ibiraçu,ES,Sudeste,81.16,69.69,1,0.2769,-11.47
3285,4217303,Saudades,SC,Sul,82.27,80.0,1,0.2771,-2.27
3286,2509370,Mato Grosso,PB,Nordeste,18.18,46.27,0,0.2771,28.09
3287,4104253,Campo Magro,PR,Sul,57.97,63.18,0,0.2774,5.21
3288,4201901,Aurora,SC,Sul,76.68,65.45,1,0.2775,-11.23
3289,4210308,Major Vieira,SC,Sul,74.01,70.82,1,0.2777,-3.19
3290,3122355,Divisa Alegre,MG,Sudeste,62.69,55.72,1,0.2779,-6.97
3291,3536208,Pariquera-Açu,SP,Sudeste,61.36,67.0,0,0.278,5.64
3292,5204805,Campo Alegre de Goiás,GO,Centro-Oeste,77.6,79.91,0,0.278,2.31
3293,5211008,Itapirapuã,GO,Centro-Oeste,73.21,41.17,1,0.2781,-32.04
3294,3120508,Cristina,MG,Sudeste,81.73,59.84,1,0.2781,-21.89
3295,2103109,Cedral,MA,Nordeste,66.85,71.43,0,0.2782,4.58
3296,5207402,Edéia,GO,Centro-Oeste,72.29,80.0,0,0.2782,7.71
3297,3150901,Piranguçu,MG,Sudeste,78.97,68.5,1,0.2783,-10.47
3298,3555505,Ubirajara,SP,Sudeste,56.25,53.91,1,0.2784,-2.34
3299,1300086,Anamã,AM,Norte,63.84,40.16,1,0.2785,-23.68
3300,4112801,Joaquim Távora,PR,Sul,85.12,80.0,1,0.2787,-5.12
3301,4123857,Santa Maria do Oeste,PR,Sul,70.26,76.81,0,0.2787,6.55
3302,4215356,Saltinho,SC,Sul,75.29,80.0,0,0.2788,4.71
3303,4122701,Sabáudia,PR,Sul,78.98,80.0,0,0.2789,1.02
3304,5213053,Mimoso de Goiás,GO,Centro-Oeste,80.0,68.83,1,0.2789,-11.17
3305,4211454,Nova Itaberaba,SC,Sul,71.17,69.44,1,0.279,-1.73
3306,4202131,Bela Vista do Toldo,SC,Sul,81.95,80.0,1,0.279,-1.95
3307,3119203,Coroaci,MG,Sudeste,73.42,60.17,1,0.279,-13.25
3308,5106190,Nova Santa Helena,MT,Centro-Oeste,75.07,79.33,0,0.2791,4.26
3309,3546702,Santa Gertrudes,SP,Sudeste,64.05,63.03,1,0.2792,-1.02
3310,3545308,Salto de Pirapora,SP,Sudeste,46.83,49.9,0,0.2793,3.07
3311,4110953,Itaipulândia,PR,Sul,84.64,80.0,1,0.2793,-4.64
3312,3519600,Ibitinga,SP,Sudeste,49.2,54.7,0,0.2793,5.5
3313,3126000,Florestal,MG,Sudeste,85.73,60.94,1,0.2793,-24.79
3314,3150000,Pescador,MG,Sudeste,77.59,80.0,0,0.2794,2.41
3315,3201605,Conceição da Barra,ES,Sudeste,67.91,74.67,0,0.2797,6.76
3316,3508009,Buri,SP,Sudeste,63.24,53.99,1,0.2798,-9.25
3317,3538204,Pinhalzinho,SP,Sudeste,78.79,78.39,1,0.2799,-0.4
3318,3106606,Bertópolis,MG,Sudeste,85.02,62.87,1,0.2799,-22.15
3319,2200103,Agricolândia,PI,Nordeste,60.23,39.55,1,0.28,-20.68
3320,2607109,Ingazeira,PE,Nordeste,89.89,78.78,1,0.2801,-11.11
3321,4124905,São João do Caiuá,PR,Sul,93.06,80.0,1,0.2802,-13.06
3322,3158904,Santana do Manhuaçu,MG,Sudeste,77.24,80.0,0,0.2803,2.76
3323,3139706,Maravilhas,MG,Sudeste,76.79,71.64,1,0.2803,-5.15
3324,2206654,Morro Cabeça no Tempo,PI,Nordeste,19.39,30.91,0,0.2806,11.52
3325,5202809,Avelinópolis,GO,Centro-Oeste,100.0,72.79,1,0.2808,-27.21
3326,3147808,Passa-Vinte,MG,Sudeste,77.27,64.23,1,0.2809,-13.04
3327,3154507,Riacho dos Machados,MG,Sudeste,70.0,69.55,1,0.2809,-0.45
3328,3129400,Ibertioga,MG,Sudeste,87.87,80.0,1,0.2809,-7.87
3329,3166105,Senhora do Porto,MG,Sudeste,56.52,52.0,1,0.2811,-4.52
3330,3203346,Marechal Floriano,ES,Sudeste,86.57,78.47,1,0.2812,-8.1
3331,3131000,Inhaúma,MG,Sudeste,77.62,52.36,1,0.2812,-25.26
3332,5222302,Vila Propício,GO,Centro-Oeste,79.46,75.29,1,0.2812,-4.17
3333,2101509,Barão de Grajaú,MA,Nordeste,51.56,47.68,1,0.2813,-3.88
3334,3158201,Santa Maria do Suaçuí,MG,Sudeste,83.52,64.62,1,0.2814,-18.9
3335,4104907,Castro,PR,Sul,74.56,75.14,0,0.2814,0.58
3336,3138658,Lontra,MG,Sudeste,78.07,66.64,1,0.2815,-11.43
3337,3203056,Jaguaré,ES,Sudeste,80.31,73.41,1,0.2815,-6.9
3338,3519709,Ibiúna,SP,Sudeste,53.06,50.42,1,0.2818,-2.64
3339,2210938,Sussuapara,PI,Nordeste,55.84,34.28,1,0.2818,-21.56
3340,4215109,Rodeio,SC,Sul,67.61,60.87,1,0.282,-6.74
3341,5208905,Goiás,GO,Centro-Oeste,87.52,69.49,1,0.2821,-18.03
3342,2201002,Arraial,PI,Nordeste,98.15,80.0,1,0.2824,-18.15
3343,4110003,Iguaraçu,PR,Sul,58.96,55.71,1,0.2824,-3.25
3344,2512606,Quixabá,PB,Nordeste,45.45,70.95,0,0.2826,25.5
3345,2106102,Loreto,MA,Nordeste,66.12,45.2,1,0.2827,-20.92
3346,3515129,Emilianópolis,SP,Sudeste,88.58,53.16,1,0.2829,-35.42
3347,3524808,Jales,SP,Sudeste,70.53,59.42,1,0.2829,-11.11
3348,5221502,Turvânia,GO,Centro-Oeste,80.7,73.74,1,0.2831,-6.96
3349,3505203,Bariri,SP,Sudeste,72.3,67.3,1,0.2831,-5.0
3350,2202778,Colônia do Piauí,PI,Nordeste,42.87,63.22,0,0.2834,20.35
3351,3541901,Queluz,SP,Sudeste,68.79,64.92,1,0.2834,-3.87
3352,5007976,Taquarussu,MS,Centro-Oeste,85.45,79.02,1,0.2835,-6.43
3353,3116308,Cipotânea,MG,Sudeste,80.5,74.17,1,0.2837,-6.33
3354,3545001,Salesópolis,SP,Sudeste,65.52,67.15,0,0.2837,1.63
3355,3519501,Ibirarema,SP,Sudeste,71.85,80.0,0,0.2838,8.15
3356,5215306,Orizona,GO,Centro-Oeste,77.75,80.0,0,0.284,2.25
3357,5101209,Araguainha,MT,Centro-Oeste,100.0,29.4,1,0.284,-70.6
3358,3100807,Aguanil,MG,Sudeste,88.68,80.0,1,0.284,-8.68
3359,5205521,Colinas do Sul,GO,Centro-Oeste,58.9,65.56,0,0.2842,6.66
3360,3146503,Pains,MG,Sudeste,86.83,69.54,1,0.2844,-17.29
3361,4209854,Lindóia do Sul,SC,Sul,84.61,80.0,1,0.2844,-4.61
3362,5216304,Paranaiguara,GO,Centro-Oeste,97.01,80.0,1,0.2844,-17.01
3363,4215208,Romelândia,SC,Sul,78.04,56.69,1,0.2844,-21.35
3364,3163102,São José da Varginha,MG,Sudeste,82.68,59.26,1,0.2845,-23.42
3365,3158805,Santana do Jacaré,MG,Sudeste,86.67,76.82,1,0.2846,-9.85
3366,3526407,Laranjal Paulista,SP,Sudeste,59.37,58.49,1,0.2848,-0.88
3367,4101200,Antonina,PR,Sul,63.75,68.53,0,0.2849,4.78
3368,5210208,Iporá,GO,Centro-Oeste,83.04,78.6,1,0.285,-4.44
3369,3514809,Eldorado,SP,Sudeste,75.19,65.24,1,0.285,-9.95
3370,3501707,Américo Brasiliense,SP,Sudeste,71.18,68.63,1,0.2851,-2.55
3371,4203303,Campo Alegre,SC,Sul,59.82,68.68,0,0.2852,8.86
3372,3517406,Guaíra,SP,Sudeste,53.49,59.03,0,0.2853,5.54
3373,2111102,São João dos Patos,MA,Nordeste,55.16,57.94,0,0.2855,2.78
3374,3205036,Vargem Alta,ES,Sudeste,72.05,72.36,0,0.2855,0.31
3375,3164902,São Sebastião do Rio Verde,MG,Sudeste,91.3,70.28,1,0.2856,-21.02
3376,3162203,São João Batista do Glória,MG,Sudeste,84.26,80.0,1,0.2857,-4.26
3377,4212106,Palmitos,SC,Sul,64.28,61.82,1,0.2857,-2.46
3378,3507100,Bom Jesus dos Perdões,SP,Sudeste,53.92,71.48,0,0.2858,17.56
3379,3539509,Pitangueiras,SP,Sudeste,67.24,65.71,1,0.2859,-1.53
3380,3538105,Pindorama,SP,Sudeste,63.37,51.97,1,0.2859,-11.4
3381,2106300,Magalhães de Almeida,MA,Nordeste,82.04,56.28,1,0.286,-25.76
3382,3503604,Areiópolis,SP,Sudeste,75.02,73.52,1,0.286,-1.5
3383,3161205,São Francisco de Paula,MG,Sudeste,90.73,78.86,1,0.2861,-11.87
3384,4126306,Sengés,PR,Sul,81.96,80.0,1,0.2861,-1.96
3385,3153103,Presidente Bernardes,MG,Sudeste,88.0,60.93,1,0.2862,-27.07
3386,3123809,Engenheiro Navarro,MG,Sudeste,76.22,50.36,1,0.2864,-25.86
3387,3515186,Espírito Santo do Pinhal,SP,Sudeste,75.49,67.8,1,0.2864,-7.69
3388,3165909,Senador Modestino Gonçalves,MG,Sudeste,90.34,76.11,1,0.2864,-14.23
3389,3161809,São Gonçalo do Pará,MG,Sudeste,78.82,64.24,1,0.2865,-14.58
3390,3555000,Tupã,SP,Sudeste,55.04,55.08,0,0.2867,0.04
3391,3203809,Muqui,ES,Sudeste,75.56,66.19,1,0.2867,-9.37
3392,3511508,Cerquilho,SP,Sudeste,69.15,64.08,1,0.2868,-5.07
3393,3114907,Casa Grande,MG,Sudeste,94.12,70.55,1,0.2869,-23.57
3394,3533908,Olímpia,SP,Sudeste,74.72,64.26,1,0.2869,-10.46
3395,4114807,Marialva,PR,Sul,73.09,74.29,0,0.2869,1.2
3396,4216800,São José do Cerrito,SC,Sul,59.02,77.0,0,0.287,17.98
3397,4303004,Cachoeira do Sul,RS,Sul,40.5,61.21,0,0.2873,20.71
3398,3165008,São Tiago,MG,Sudeste,92.5,80.0,1,0.2874,-12.5
3399,5222005,Vianópolis,GO,Centro-Oeste,89.5,80.0,1,0.2874,-9.5
3400,3201902,Domingos Martins,ES,Sudeste,82.13,80.0,1,0.2875,-2.13
3401,3135605,Jequitaí,MG,Sudeste,70.71,46.21,1,0.2876,-24.5
3402,3521309,Ipuã,SP,Sudeste,63.8,77.52,0,0.2878,13.72
3403,3140605,Materlândia,MG,Sudeste,28.57,43.68,0,0.2878,15.11
3404,5203203,Barro Alto,GO,Centro-Oeste,77.88,80.0,0,0.2878,2.12
3405,5209457,Guarinos,GO,Centro-Oeste,95.65,56.95,1,0.2879,-38.7
3406,3118205,Conquista,MG,Sudeste,65.5,70.54,0,0.2879,5.04
3407,3534302,Orlândia,SP,Sudeste,57.15,50.6,1,0.288,-6.55
3408,3117801,Conceição dos Ouros,MG,Sudeste,77.03,64.92,1,0.2881,-12.11
3409,3540200,Pontal,SP,Sudeste,64.47,63.34,1,0.2882,-1.13
3410,3514908,Elias Fausto,SP,Sudeste,56.28,59.26,0,0.2882,2.98
3411,3153509,Alto Jequitibá,MG,Sudeste,78.73,55.63,1,0.2883,-23.1
3412,3536109,Pardinho,SP,Sudeste,56.51,61.43,0,0.2883,4.92
3413,4114005,Mamborê,PR,Sul,74.68,80.0,0,0.2884,5.32
3414,5205406,Ceres,GO,Centro-Oeste,94.51,80.0,1,0.2885,-14.51
3415,3105509,Barão de Monte Alto,MG,Sudeste,89.21,66.24,1,0.2885,-22.97
3416,3165503,Sardoá,MG,Sudeste,85.12,51.34,1,0.2886,-33.78
3417,3553955,Tarumã,SP,Sudeste,91.72,80.0,1,0.2888,-11.72
3418,3125002,Ewbank da Câmara,MG,Sudeste,64.41,42.36,1,0.2888,-22.05
3419,3541604,Promissão,SP,Sudeste,73.51,69.41,1,0.2891,-4.1
3420,3553708,Taquaritinga,SP,Sudeste,72.83,65.07,1,0.2895,-7.76
3421,5220157,São Luíz do Norte,GO,Centro-Oeste,85.76,76.07,1,0.2896,-9.69
3422,3126604,Francisco Dumont,MG,Sudeste,37.5,38.49,0,0.2897,0.99
3423,3511607,Cesário Lange,SP,Sudeste,51.32,59.73,0,0.2897,8.41
3424,3202553,Ibitirama,ES,Sudeste,81.82,74.85,1,0.2901,-6.97
3425,5200803,Alvorada do Norte,GO,Centro-Oeste,64.99,67.1,0,0.2902,2.11
3426,3119005,Cordislândia,MG,Sudeste,73.53,52.49,1,0.2904,-21.04
3427,4111803,Jacarezinho,PR,Sul,47.68,59.25,0,0.2904,11.57
3428,4118105,Paranacity,PR,Sul,80.03,80.0,1,0.2906,-0.03
3429,2204808,Ipiranga do Piauí,PI,Nordeste,95.83,80.0,1,0.2906,-15.83
3430,3144409,Natércia,MG,Sudeste,86.3,71.74,1,0.2906,-14.56
3431,4126603,Siqueira Campos,PR,Sul,82.88,80.0,1,0.2911,-2.88
3432,4208955,Jardinópolis,SC,Sul,77.08,80.0,0,0.2914,2.92
3433,2106672,Milagres do Maranhão,MA,Nordeste,96.86,80.0,1,0.2914,-16.86
3434,3531407,Monte Aprazível,SP,Sudeste,65.44,74.54,0,0.2914,9.1
3435,4116901,Nova Esperança,PR,Sul,74.65,75.03,0,0.2914,0.38
3436,4200804,Anchieta,SC,Sul,82.02,77.89,1,0.2915,-4.13
3437,2505907,Emas,PB,Nordeste,38.1,67.81,0,0.2915,29.71
3438,3540754,Potim,SP,Sudeste,46.58,47.02,0,0.2917,0.44
3439,2102556,Campestre do Maranhão,MA,Nordeste,61.7,67.22,0,0.292,5.52
3440,3140308,Marliéria,MG,Sudeste,70.98,64.77,1,0.2922,-6.21
3441,2109056,Porto Rico do Maranhão,MA,Nordeste,34.42,74.78,0,0.2923,40.36
3442,3108107,Bonfim,MG,Sudeste,85.95,70.99,1,0.2925,-14.96
3443,2204154,Francisco Macedo,PI,Nordeste,95.24,62.8,1,0.2925,-32.44
3444,4317103,Sant'Ana do Livramento,RS,Sul,47.9,54.72,0,0.2925,6.82
3445,3171709,Virgínia,MG,Sudeste,74.66,61.6,1,0.2926,-13.06
3446,4104709,Carlópolis,PR,Sul,66.18,74.67,0,0.2928,8.49
3447,3108008,Bom Sucesso,MG,Sudeste,83.73,69.34,1,0.2929,-14.39
3448,4112751,Jesuítas,PR,Sul,89.98,80.0,1,0.2931,-9.98
3449,4211801,Ouro,SC,Sul,82.18,73.74,1,0.2932,-8.44
3450,4213351,Ponte Alta do Norte,SC,Sul,70.19,66.7,1,0.2935,-3.49
3451,4106506,Coronel Vivida,PR,Sul,74.6,80.0,0,0.2936,5.4
3452,3550506,São Pedro do Turvo,SP,Sudeste,71.42,70.94,1,0.2937,-0.48
3453,5204003,Cabeceiras,GO,Centro-Oeste,93.81,71.31,1,0.2938,-22.5
3454,4103909,Campina da Lagoa,PR,Sul,77.67,80.0,0,0.2939,2.33
3455,4117057,Nova Laranjeiras,PR,Sul,68.33,77.85,0,0.2939,9.52
3456,3519055,Holambra,SP,Sudeste,62.59,61.93,1,0.294,-0.66
3457,3107604,Bom Jesus da Penha,MG,Sudeste,87.21,55.99,1,0.2943,-31.22
3458,3108701,Brás Pires,MG,Sudeste,81.16,58.04,1,0.2943,-23.12
3459,4219853,Zortéa,SC,Sul,57.58,67.5,0,0.2944,9.92
3460,4114203,Mandaguari,PR,Sul,81.53,80.0,1,0.2944,-1.53
3461,3533502,Novo Horizonte,SP,Sudeste,75.66,64.6,1,0.2945,-11.06
3462,5217708,Pontalina,GO,Centro-Oeste,86.03,74.41,1,0.295,-11.62
3463,3135902,Jesuânia,MG,Sudeste,81.14,65.01,1,0.2952,-16.13
3464,3529708,Miguelópolis,SP,Sudeste,29.09,66.88,0,0.2952,37.79
3465,4322400,Uruguaiana,RS,Sul,45.7,64.39,0,0.2952,18.69
3466,3540002,Pompéia,SP,Sudeste,60.32,65.04,0,0.2953,4.72
3467,4100103,Abatiá,PR,Sul,57.74,60.05,0,0.2955,2.31
3468,4106407,Cornélio Procópio,PR,Sul,73.21,77.26,0,0.2956,4.05
3469,3159100,Santana dos Montes,MG,Sudeste,94.44,64.44,1,0.2957,-30.0
3470,4201802,Atalanta,SC,Sul,72.58,72.52,1,0.2957,-0.06
3471,3136553,José Raydan,MG,Sudeste,77.36,79.22,0,0.2957,1.86
3472,4110706,Irati,PR,Sul,88.31,80.0,1,0.2958,-8.31
3473,3119955,Córrego Fundo,MG,Sudeste,96.07,71.22,1,0.2959,-24.85
3474,4120358,Pranchita,PR,Sul,79.55,80.0,0,0.2961,0.45
3475,3550100,São Manuel,SP,Sudeste,60.53,63.06,0,0.2962,2.53
3476,3531308,Monte Alto,SP,Sudeste,59.0,69.16,0,0.2963,10.16
3477,2207553,Paquetá,PI,Nordeste,49.8,80.0,0,0.2964,30.2
3478,3520004,Igaraçu do Tietê,SP,Sudeste,77.29,70.4,1,0.2964,-6.89
3479,2111748,Senador Alexandre Costa,MA,Nordeste,96.12,80.0,1,0.2964,-16.12
3480,3116159,Chapada Gaúcha,MG,Sudeste,69.39,54.23,1,0.2964,-15.16
3481,3165701,Senador Firmino,MG,Sudeste,91.79,68.56,1,0.2967,-23.23
3482,2209872,São João da Fronteira,PI,Nordeste,43.37,34.14,1,0.2967,-9.23
3483,4207577,Iomerê,SC,Sul,97.09,75.31,1,0.2968,-21.78
3484,4200507,Águas de Chapecó,SC,Sul,66.39,73.48,0,0.2968,7.09
3485,4200754,Alto Bela Vista,SC,Sul,85.18,80.0,1,0.2968,-5.18
3486,4301636,Balneário Pinhal,RS,Sul,43.6,61.97,0,0.2971,18.37
3487,4108007,Florestópolis,PR,Sul,63.48,66.94,0,0.2972,3.46
3488,5221452,Trombas,GO,Centro-Oeste,94.47,80.0,1,0.2972,-14.47
3489,5219738,Santo Antônio de Goiás,GO,Centro-Oeste,82.91,80.0,1,0.2972,-2.91
3490,3144904,Nova Módica,MG,Sudeste,89.37,80.0,1,0.2972,-9.37
3491,4204178,Cerro Negro,SC,Sul,49.84,36.07,1,0.2974,-13.77
3492,3144508,Nazareno,MG,Sudeste,85.36,80.0,1,0.2976,-5.36
3493,3204351,Rio Bananal,ES,Sudeste,83.06,75.44,1,0.2976,-7.62
3494,3204807,São José do Calçado,ES,Sudeste,62.35,75.36,0,0.2977,13.01
3495,3136900,Juruaia,MG,Sudeste,82.69,78.72,1,0.2977,-3.97
3496,2209377,Santa Rosa do Piauí,PI,Nordeste,51.64,64.16,0,0.2977,12.52
3497,3161700,São Gonçalo do Abaeté,MG,Sudeste,82.95,80.0,1,0.2977,-2.95
3498,3110806,Campanário,MG,Sudeste,47.62,64.52,0,0.298,16.9
3499,4114906,Marilândia do Sul,PR,Sul,84.99,73.34,1,0.298,-11.65
3500,3143609,Morro da Garça,MG,Sudeste,67.59,80.0,0,0.2981,12.41
3501,4100806,Alvorada do Sul,PR,Sul,72.48,71.09,1,0.2982,-1.39
3502,3108206,Bonfinópolis de Minas,MG,Sudeste,68.81,80.0,0,0.2982,11.19
3503,4108403,Francisco Beltrão,PR,Sul,76.41,79.72,0,0.2983,3.31
3504,3127354,Glaucilândia,MG,Sudeste,71.43,60.93,1,0.2983,-10.5
3505,3148400,Paulistas,MG,Sudeste,90.14,71.9,1,0.2983,-18.24
3506,4121109,Quinta do Sol,PR,Sul,74.15,77.24,0,0.2983,3.09
3507,4128302,Uniflor,PR,Sul,73.33,63.5,1,0.2984,-9.83
3508,3141702,Mesquita,MG,Sudeste,63.47,57.61,1,0.2985,-5.86
3509,3521408,Iracemápolis,SP,Sudeste,62.26,62.96,0,0.2986,0.7
3510,3148301,Paula Cândido,MG,Sudeste,91.23,58.13,1,0.2987,-33.1
3511,3152600,Pouso Alto,MG,Sudeste,79.55,78.67,1,0.2987,-0.88
3512,4113007,Jussara,PR,Sul,66.03,73.48,0,0.2988,7.45
3513,3112653,Capitão Andrade,MG,Sudeste,77.02,46.67,1,0.2988,-30.35
3514,3527603,Luís Antônio,SP,Sudeste,43.03,47.62,0,0.299,4.59
3515,5214408,Nazário,GO,Centro-Oeste,83.94,79.15,1,0.299,-4.79
3516,3143153,Monte Formoso,MG,Sudeste,82.61,54.82,1,0.2992,-27.79
3517,3536406,Paulicéia,SP,Sudeste,75.86,69.3,1,0.2998,-6.56
3518,4113502,Loanda,PR,Sul,73.8,73.6,1,0.2999,-0.2
3519,4110805,Iretama,PR,Sul,80.07,80.0,1,0.3001,-0.07
3520,3121100,Delfim Moreira,MG,Sudeste,93.02,66.18,1,0.3003,-26.84
3521,4204400,Coronel Freitas,SC,Sul,86.74,75.16,1,0.3003,-11.58
3522,4115754,Mauá da Serra,PR,Sul,80.48,80.0,1,0.3005,-0.48
3523,4215679,Santa Terezinha,SC,Sul,73.52,80.0,0,0.3008,6.48
3524,4104659,Carambeí,PR,Sul,69.2,75.84,0,0.3008,6.64
3525,3128253,Guaraciama,MG,Sudeste,80.7,48.04,1,0.3009,-32.66
3526,3542206,Rancharia,SP,Sudeste,60.02,63.34,0,0.3009,3.32
3527,2204352,Geminiano,PI,Nordeste,53.59,26.56,1,0.3009,-27.03
3528,4103800,Cambira,PR,Sul,83.63,80.0,1,0.3009,-3.63
3529,4302907,Cacequi,RS,Sul,49.6,55.58,0,0.301,5.98
3530,3102704,Cachoeira de Pajeú,MG,Sudeste,77.96,63.57,1,0.301,-14.39
3531,4217154,São Miguel da Boa Vista,SC,Sul,84.21,80.0,1,0.301,-4.21
3532,3171071,Veredinha,MG,Sudeste,77.02,65.08,1,0.3011,-11.94
3533,3156403,Romaria,MG,Sudeste,70.69,61.43,1,0.3014,-9.26
3534,3154408,Ressaquinha,MG,Sudeste,82.0,59.64,1,0.3014,-22.36
3535,4124053,Santa Terezinha de Itaipu,PR,Sul,79.46,80.0,0,0.3014,0.54
3536,3164100,São Pedro do Suaçuí,MG,Sudeste,88.29,69.13,1,0.3015,-19.16
3537,4122206,Rio Branco do Sul,PR,Sul,61.35,65.21,0,0.3015,3.86
3538,5204656,Campinaçu,GO,Centro-Oeste,81.73,71.97,1,0.3016,-9.76
3539,3553500,Tapiraí,SP,Sudeste,57.45,58.05,0,0.3017,0.6
3540,4203105,Caibi,SC,Sul,50.58,76.16,0,0.3017,25.58
3541,4120804,Quatro Barras,PR,Sul,67.24,68.92,0,0.302,1.68
3542,3147956,Patis,MG,Sudeste,85.08,77.38,1,0.302,-7.7
3543,4125704,São Miguel do Iguaçu,PR,Sul,77.84,74.57,1,0.3022,-3.27
3544,3158706,Santana do Garambéu,MG,Sudeste,87.26,52.65,1,0.3022,-34.61
3545,3503109,Arandu,SP,Sudeste,56.61,58.49,0,0.3023,1.88
3546,4114302,Mandirituba,PR,Sul,64.48,79.47,0,0.3023,14.99
3547,3102902,Antônio Carlos,MG,Sudeste,71.47,78.32,0,0.3024,6.85
3548,4201257,Apiúna,SC,Sul,70.88,66.35,1,0.3027,-4.53
3549,4310538,Itaara,RS,Sul,38.5,62.43,0,0.3028,23.93
3550,3547007,Santa Maria da Serra,SP,Sudeste,86.98,55.23,1,0.3028,-31.75
3551,2210904,Socorro do Piauí,PI,Nordeste,30.86,70.3,0,0.3028,39.44
3552,3546207,Santa Cruz da Conceição,SP,Sudeste,73.36,68.76,1,0.303,-4.6
3553,3502903,Araçoiaba da Serra,SP,Sudeste,56.16,54.42,1,0.3031,-1.74
3554,3531704,Monteiro Lobato,SP,Sudeste,50.9,68.77,0,0.3033,17.87
3555,3118106,Congonhas do Norte,MG,Sudeste,60.49,80.0,0,0.3033,19.51
3556,3161650,São Geraldo do Baixio,MG,Sudeste,76.32,72.56,1,0.3033,-3.76
3557,3506706,Boa Esperança do Sul,SP,Sudeste,55.34,48.12,1,0.3034,-7.22
3558,3200805,Baixo Guandu,ES,Sudeste,74.59,70.62,1,0.3036,-3.97
3559,5212204,Jussara,GO,Centro-Oeste,79.77,62.46,1,0.3036,-17.31
3560,3116902,Comendador Gomes,MG,Sudeste,74.3,42.41,1,0.3037,-31.89
3561,4100301,Agudos do Sul,PR,Sul,87.51,76.47,1,0.3041,-11.04
3562,3520202,Igaratá,SP,Sudeste,50.61,64.51,0,0.3045,13.9
3563,4114500,Manoel Ribas,PR,Sul,71.98,69.69,1,0.3045,-2.29
3564,2201606,Beneditinos,PI,Nordeste,68.49,77.94,0,0.3048,9.45
3565,4309308,Guaíba,RS,Sul,32.7,54.7,0,0.3052,22.0
3566,5200829,Amaralina,GO,Centro-Oeste,89.83,80.0,1,0.3053,-9.83
3567,3122470,Dom Bosco,MG,Sudeste,79.34,59.62,1,0.3053,-19.72
3568,5221809,Urutaí,GO,Centro-Oeste,66.86,78.38,0,0.3054,11.52
3569,2206001,Marcos Parente,PI,Nordeste,80.95,29.37,1,0.3055,-51.58
3570,3509254,Cajati,SP,Sudeste,57.52,62.43,0,0.3056,4.91
3571,3518602,Guariba,SP,Sudeste,78.67,71.35,1,0.3057,-7.32
3572,4219358,Vitor Meireles,SC,Sul,76.12,50.26,1,0.3057,-25.86
3573,3160900,São Brás do Suaçuí,MG,Sudeste,81.31,70.24,1,0.3058,-11.07
3574,4115101,Mariluz,PR,Sul,52.21,65.33,0,0.3059,13.12
3575,4100608,Alto Paraná,PR,Sul,70.12,67.45,1,0.3059,-2.67
3576,3205176,Vila Valério,ES,Sudeste,79.61,80.0,0,0.3059,0.39
3577,3159704,Santa Rosa da Serra,MG,Sudeste,79.88,74.06,1,0.306,-5.82
3578,5218904,Rubiataba,GO,Centro-Oeste,87.69,77.9,1,0.3061,-9.79
3579,4210035,Luzerna,SC,Sul,79.74,74.01,1,0.3062,-5.73
3580,4123402,Santa Fé,PR,Sul,64.71,62.22,1,0.3066,-2.49
3581,3129905,Ibitiúra de Minas,MG,Sudeste,78.04,44.57,1,0.3067,-33.47
3582,3536307,Patrocínio Paulista,SP,Sudeste,67.0,50.36,1,0.3068,-16.64
3583,4321600,Tramandaí,RS,Sul,40.2,58.64,0,0.3068,18.44
3584,4202859,Braço do Trombudo,SC,Sul,64.21,65.11,0,0.3069,0.9
3585,2200202,Água Branca,PI,Nordeste,91.98,80.0,1,0.307,-11.98
3586,4210209,Major Gercino,SC,Sul,76.42,56.12,1,0.3071,-20.3
3587,4316808,Santa Cruz do Sul,RS,Sul,48.4,67.32,0,0.3073,18.92
3588,3141603,Mercês,MG,Sudeste,84.85,80.0,1,0.3073,-4.85
3589,2411429,Santana do Seridó,RN,Nordeste,40.91,56.91,0,0.3074,16.0
3590,5206701,Damianópolis,GO,Centro-Oeste,83.93,72.05,1,0.3074,-11.88
3591,3114808,Carvalhos,MG,Sudeste,72.5,80.0,0,0.3074,7.5
3592,3523602,Itirapina,SP,Sudeste,69.9,62.57,1,0.3076,-7.33
3593,4103453,Cafelândia,PR,Sul,78.14,80.0,0,0.3077,1.86
3594,3552601,Tabapuã,SP,Sudeste,98.83,80.0,1,0.3077,-18.83
3595,3556909,Vista Alegre do Alto,SP,Sudeste,52.86,80.0,0,0.3078,27.14
3596,3200201,Alegre,ES,Sudeste,86.32,69.0,1,0.3079,-17.32
3597,5205059,Castelândia,GO,Centro-Oeste,91.3,80.0,1,0.3079,-11.3
3598,4112108,Jandaia do Sul,PR,Sul,68.64,77.44,0,0.3079,8.8
3599,4101002,Ampére,PR,Sul,70.06,67.87,1,0.308,-2.19
3600,3553906,Tarabai,SP,Sudeste,67.98,78.69,0,0.308,10.71
3601,3201704,Conceição do Castelo,ES,Sudeste,84.19,77.84,1,0.3081,-6.35
3602,3529203,Martinópolis,SP,Sudeste,63.56,57.49,1,0.3083,-6.07
3603,3163607,São José do Mantimento,MG,Sudeste,87.17,53.01,1,0.3083,-34.16
3604,3521150,Ipiguá,SP,Sudeste,43.3,53.23,0,0.3084,9.93
3605,4201000,Anita Garibaldi,SC,Sul,78.85,68.32,1,0.3086,-10.53
3606,4118907,Pérola,PR,Sul,62.28,78.63,0,0.3086,16.35
3607,4206405,Guaraciaba,SC,Sul,83.69,80.0,1,0.3089,-3.69
3608,3158102,Santa Maria do Salto,MG,Sudeste,52.89,52.64,1,0.3091,-0.25
3609,3519006,Herculândia,SP,Sudeste,81.08,80.0,1,0.3091,-1.08
3610,2110237,Santana do Maranhão,MA,Nordeste,54.17,80.0,0,0.3091,25.83
3611,4208609,Jaborá,SC,Sul,77.67,74.82,1,0.3091,-2.85
3612,2107902,Passagem Franca,MA,Nordeste,58.43,77.24,0,0.3091,18.81
3613,5204904,Campos Belos,GO,Centro-Oeste,75.75,67.62,1,0.3093,-8.13
3614,2201556,Bela Vista do Piauí,PI,Nordeste,89.26,64.18,1,0.3094,-25.08
3615,5210562,Itaguari,GO,Centro-Oeste,77.71,80.0,0,0.3095,2.29
3616,4122503,Roncador,PR,Sul,76.32,80.0,0,0.3096,3.68
3617,3202108,Ecoporanga,ES,Sudeste,94.08,70.94,1,0.3096,-23.14
3618,4123501,Santa Helena,PR,Sul,79.37,79.32,1,0.3097,-0.05
3619,3125804,Fernandes Tourinho,MG,Sudeste,52.38,66.17,0,0.3098,13.79
3620,4214508,Rio do Campo,SC,Sul,80.05,69.94,1,0.3099,-10.11
3621,4206108,Grão Pará,SC,Sul,70.75,67.57,1,0.3099,-3.18
3622,3547502,Santa Rita do Passa Quatro,SP,Sudeste,67.97,65.26,1,0.3101,-2.71
3623,3132800,Itambé do Mato Dentro,MG,Sudeste,83.33,78.11,1,0.3102,-5.22
3624,3551108,Sarapuí,SP,Sudeste,53.32,47.53,1,0.3103,-5.79
3625,4206603,Guarujá do Sul,SC,Sul,59.9,80.0,0,0.3105,20.1
3626,3537107,Pedreira,SP,Sudeste,94.25,80.0,1,0.3105,-14.25
3627,4117701,Palmeira,PR,Sul,65.93,72.95,0,0.3107,7.02
3628,5208400,Goianápolis,GO,Centro-Oeste,68.02,75.26,0,0.3107,7.24
3629,3163508,São José do Jacuri,MG,Sudeste,81.45,59.37,1,0.3108,-22.08
3630,4316402,Rosário do Sul,RS,Sul,36.7,41.94,0,0.3108,5.24
3631,2111573,São Pedro dos Crentes,MA,Nordeste,59.47,46.51,1,0.311,-12.96
3632,3159209,Santa Rita de Caldas,MG,Sudeste,92.49,80.0,1,0.311,-12.49
3633,3204708,São Gabriel da Palha,ES,Sudeste,80.69,73.64,1,0.3112,-7.05
3634,3527702,Luiziânia,SP,Sudeste,54.95,58.85,0,0.3112,3.9
3635,5108352,Vale de São Domingos,MT,Centro-Oeste,23.86,53.92,0,0.3113,30.06
3636,3116100,Chapada do Norte,MG,Sudeste,66.15,47.26,1,0.3114,-18.89
3637,4210803,Meleiro,SC,Sul,48.04,58.99,0,0.3115,10.95
3638,3123403,Doresópolis,MG,Sudeste,66.67,44.9,1,0.3116,-21.77
3639,4112009,Jaguariaíva,PR,Sul,79.14,80.0,0,0.3117,0.86
3640,2203354,Dirceu Arcoverde,PI,Nordeste,11.96,40.14,0,0.3117,28.18
3641,3157609,Santa Fé de Minas,MG,Sudeste,72.51,40.26,1,0.3118,-32.25
3642,4108601,Goioerê,PR,Sul,63.77,72.0,0,0.3118,8.23
3643,3545605,Santa Adélia,SP,Sudeste,64.33,63.89,1,0.3121,-0.44
3644,4216107,São Domingos,SC,Sul,78.82,78.68,1,0.3121,-0.14
3645,3171907,Virgolândia,MG,Sudeste,70.97,80.0,0,0.3123,9.03
3646,3112208,Capela Nova,MG,Sudeste,77.37,80.0,0,0.3123,2.63
3647,3111903,Cana Verde,MG,Sudeste,93.33,55.6,1,0.3125,-37.73
3648,2506509,Gurjão,PB,Nordeste,100.0,74.35,1,0.3125,-25.65
3649,2200608,Angical do Piauí,PI,Nordeste,95.88,64.55,1,0.3126,-31.33
3650,5221908,Varjão,GO,Centro-Oeste,84.78,80.0,1,0.3126,-4.78
3651,4117305,Ortigueira,PR,Sul,57.28,65.49,0,0.3128,8.21
3652,4106605,Cruzeiro do Oeste,PR,Sul,73.47,74.97,0,0.3128,1.5
3653,3140100,Marilac,MG,Sudeste,56.14,65.87,0,0.3129,9.73
3654,3546603,Santa Fé do Sul,SP,Sudeste,54.03,62.66,0,0.3131,8.63
3655,3550209,São Miguel Arcanjo,SP,Sudeste,73.78,60.81,1,0.3132,-12.97
3656,5216403,Paraúna,GO,Centro-Oeste,67.88,64.83,1,0.3133,-3.05
3657,4126405,Sertaneja,PR,Sul,90.98,80.0,1,0.3133,-10.98
3658,4125407,São José da Boa Vista,PR,Sul,76.15,80.0,0,0.3138,3.85
3659,4214904,Rio Fortuna,SC,Sul,68.78,78.6,0,0.3139,9.82
3660,4105201,Cerro Azul,PR,Sul,49.89,58.95,0,0.3139,9.06
3661,3203502,Montanha,ES,Sudeste,80.21,65.84,1,0.314,-14.37
3662,3109600,Cachoeira da Prata,MG,Sudeste,80.0,56.96,1,0.3141,-23.04
3663,3537008,Pedregulho,SP,Sudeste,51.67,64.02,0,0.3141,12.35
3664,3204658,São Domingos do Norte,ES,Sudeste,84.74,80.0,1,0.3143,-4.74
3665,3139250,Mamonas,MG,Sudeste,65.94,46.38,1,0.3144,-19.56
3666,3524600,Jacupiranga,SP,Sudeste,54.8,66.5,0,0.3145,11.7
3667,3160959,São Domingos das Dores,MG,Sudeste,93.62,80.0,1,0.3146,-13.62
3668,5212956,Matrinchã,GO,Centro-Oeste,52.82,63.07,0,0.3149,10.25
3669,3538600,Piracaia,SP,Sudeste,57.46,62.06,0,0.3153,4.6
3670,2207777,Patos do Piauí,PI,Nordeste,63.04,80.0,0,0.3154,16.96
3671,4205209,Erval Velho,SC,Sul,58.15,60.39,0,0.3155,2.24
3672,4102307,Balsa Nova,PR,Sul,75.18,76.46,0,0.3156,1.28
3673,3152131,Ponto Chique,MG,Sudeste,76.36,64.41,1,0.3156,-11.95
3674,4109500,Guaraqueçaba,PR,Sul,57.18,71.7,0,0.3156,14.52
3675,4127809,Tomazina,PR,Sul,83.7,80.0,1,0.3159,-3.7
3676,5222054,Vicentinópolis,GO,Centro-Oeste,84.21,78.5,1,0.3159,-5.71
3677,5215405,Ouro Verde de Goiás,GO,Centro-Oeste,96.61,80.0,1,0.316,-16.61
3678,4102406,Bandeirantes,PR,Sul,72.78,76.11,0,0.3161,3.33
3679,3169505,Tumiritinga,MG,Sudeste,74.58,50.96,1,0.3161,-23.62
3680,3526209,Juquitiba,SP,Sudeste,64.05,63.43,1,0.3163,-0.62
3681,4128500,Wenceslau Braz,PR,Sul,74.37,80.0,0,0.3165,5.63
3682,3164472,São Sebastião do Anta,MG,Sudeste,81.32,61.81,1,0.3167,-19.51
3683,5213707,Montes Claros de Goiás,GO,Centro-Oeste,75.02,68.75,1,0.3168,-6.27
3684,4127403,Terra Roxa,PR,Sul,76.19,70.39,1,0.3169,-5.8
3685,2211704,Wall Ferraz,PI,Nordeste,54.29,44.12,1,0.3172,-10.17
3686,3125507,São Gonçalo do Rio Preto,MG,Sudeste,83.33,80.0,1,0.3173,-3.33
3687,5212303,Leopoldo de Bulhões,GO,Centro-Oeste,75.41,78.01,0,0.3174,2.6
3688,4305355,Charqueadas,RS,Sul,51.4,66.43,0,0.3175,15.03
3689,3166006,Senhora de Oliveira,MG,Sudeste,86.42,79.39,1,0.3176,-7.03
3690,3102209,Alvarenga,MG,Sudeste,85.42,45.84,1,0.3177,-39.58
3691,4117909,Palotina,PR,Sul,74.33,70.79,1,0.3179,-3.54
3692,3511201,Catiguá,SP,Sudeste,84.7,58.54,1,0.3181,-26.16
3693,4108809,Guaíra,PR,Sul,69.53,65.99,1,0.3181,-3.54
3694,3548401,Santópolis do Aguapeí,SP,Sudeste,77.36,74.82,1,0.3181,-2.54
3695,3547601,Santa Rosa de Viterbo,SP,Sudeste,75.32,75.23,1,0.3182,-0.09
3696,5215504,Ouvidor,GO,Centro-Oeste,90.09,67.81,1,0.3182,-22.28
3697,3551900,Severínia,SP,Sudeste,61.65,48.16,1,0.3183,-13.49
3698,4219200,Vidal Ramos,SC,Sul,83.76,74.32,1,0.3183,-9.44
3699,5202502,Aruanã,GO,Centro-Oeste,90.33,79.85,1,0.3183,-10.48
3700,2210359,São Lourenço do Piauí,PI,Nordeste,73.08,80.0,0,0.3184,6.92
3701,4302808,Caçapava do Sul,RS,Sul,47.9,58.95,0,0.3186,11.05
3702,3101409,Albertina,MG,Sudeste,92.62,71.23,1,0.3193,-21.39
3703,3120870,Curral de Dentro,MG,Sudeste,80.36,79.36,1,0.3194,-1.0
3704,3170057,Ubaporanga,MG,Sudeste,69.73,70.32,0,0.3195,0.59
3705,3165206,São Thomé das Letras,MG,Sudeste,89.73,80.0,1,0.3196,-9.73
3706,3152709,Prados,MG,Sudeste,93.22,74.26,1,0.3196,-18.96
3707,4307708,Esteio,RS,Sul,46.6,66.11,0,0.3197,19.51
3708,4204103,Caxambu do Sul,SC,Sul,60.13,71.21,0,0.3198,11.08
3709,4105102,Centenário do Sul,PR,Sul,74.15,58.53,1,0.3199,-15.62
3710,2201051,Assunção do Piauí,PI,Nordeste,69.88,80.0,0,0.32,10.12
3711,2207850,Pavussu,PI,Nordeste,90.0,68.54,1,0.32,-21.46
3712,4215075,Riqueza,SC,Sul,72.07,80.0,0,0.3201,7.93
3713,4105607,Cidade Gaúcha,PR,Sul,63.42,67.22,0,0.3201,3.8
3714,3160603,Santo Hipólito,MG,Sudeste,93.33,62.33,1,0.3202,-31.0
3715,3202603,Iconha,ES,Sudeste,75.87,76.89,0,0.3202,1.02
3716,4219408,Witmarsum,SC,Sul,77.27,79.97,0,0.3204,2.7
3717,4104451,Cantagalo,PR,Sul,71.81,68.01,1,0.3205,-3.8
3718,4205100,Dona Emma,SC,Sul,88.51,80.0,1,0.3207,-8.51
3719,3162609,São João do Oriente,MG,Sudeste,67.66,80.0,0,0.3207,12.34
3720,3163904,São Pedro da União,MG,Sudeste,97.05,77.42,1,0.3207,-19.63
3721,3129004,Guiricema,MG,Sudeste,82.89,50.41,1,0.3208,-32.48
3722,3150406,Piedade dos Gerais,MG,Sudeste,83.86,73.21,1,0.321,-10.65
3723,3135357,Japonvar,MG,Sudeste,71.16,75.72,0,0.3211,4.56
3724,3125903,Ferros,MG,Sudeste,88.1,44.57,1,0.3212,-43.53
3725,4207809,Irani,SC,Sul,65.74,74.83,0,0.3214,9.09
3726,2209351,Santana do Piauí,PI,Nordeste,68.1,40.02,1,0.3215,-28.08
3727,4125902,São Pedro do Paraná,PR,Sul,75.0,73.2,1,0.3215,-1.8
3728,2204105,Francisco Ayres,PI,Nordeste,32.38,52.61,0,0.3216,20.23
3729,4102000,Assis Chateaubriand,PR,Sul,80.31,80.0,1,0.3216,-0.31
3730,4106209,Contenda,PR,Sul,77.37,78.62,0,0.3217,1.25
3731,4127502,Tibagi,PR,Sul,77.79,78.09,0,0.3219,0.3
3732,5200159,Adelândia,GO,Centro-Oeste,81.99,80.0,1,0.3219,-1.99
3733,5208509,Goiandira,GO,Centro-Oeste,72.17,50.36,1,0.3221,-21.81
3734,3203353,Marilândia,ES,Sudeste,78.31,78.73,0,0.3221,0.42
3735,3145372,Novorizonte,MG,Sudeste,92.71,69.97,1,0.3221,-22.74
3736,3146750,Palmópolis,MG,Sudeste,70.64,45.12,1,0.3222,-25.52
3737,3164209,São Romão,MG,Sudeste,77.76,55.73,1,0.3223,-22.03
3738,3530201,Mirante do Paranapanema,SP,Sudeste,87.42,80.0,1,0.3225,-7.42
3739,3502705,Apiaí,SP,Sudeste,74.62,70.29,1,0.3227,-4.33
3740,3166204,Senhora dos Remédios,MG,Sudeste,80.52,80.0,1,0.3227,-0.52
3741,3535507,Paraguaçu Paulista,SP,Sudeste,56.93,53.39,1,0.3228,-3.54
3742,3155306,Rio Manso,MG,Sudeste,98.05,72.62,1,0.3229,-25.43
3743,2209807,São Gonçalo do Piauí,PI,Nordeste,64.04,80.0,0,0.3231,15.96
3744,4314803,Portão,RS,Sul,39.8,60.02,0,0.3232,20.22
3745,4110607,Iporã,PR,Sul,68.95,66.75,1,0.3232,-2.2
3746,4123303,Santa Cruz de Monte Castelo,PR,Sul,59.1,80.0,0,0.3233,20.9
3747,4101705,Araruna,PR,Sul,77.54,76.65,1,0.3233,-0.89
3748,4119301,Pinhão,PR,Sul,61.33,64.88,0,0.3234,3.55
3749,3200359,Alto Rio Novo,ES,Sudeste,83.48,67.16,1,0.3235,-16.32
3750,3508801,Cafelândia,SP,Sudeste,60.44,64.3,0,0.3236,3.86
3751,3507902,Brotas,SP,Sudeste,56.01,64.89,0,0.3237,8.88
3752,3535101,Palmares Paulista,SP,Sudeste,77.46,80.0,0,0.3239,2.54
3753,5204706,Campinorte,GO,Centro-Oeste,81.71,74.74,1,0.3241,-6.97
3754,4100509,Altônia,PR,Sul,78.17,71.92,1,0.3241,-6.25
3755,3118908,Cordisburgo,MG,Sudeste,79.85,70.99,1,0.3242,-8.86
3756,4110508,Ipiranga,PR,Sul,82.28,80.0,1,0.3242,-2.28
3757,4213005,Pinheiro Preto,SC,Sul,79.31,62.71,1,0.3244,-16.6
3758,4128203,União da Vitória,PR,Sul,73.17,75.71,0,0.3244,2.54
3759,3535606,Paraibuna,SP,Sudeste,58.56,66.21,0,0.3246,7.65
3760,3161403,São Francisco do Glória,MG,Sudeste,78.59,62.82,1,0.3246,-15.77
3761,5107156,Reserva do Cabaçal,MT,Centro-Oeste,83.86,76.82,1,0.3246,-7.04
3762,3167806,Soledade de Minas,MG,Sudeste,88.35,74.19,1,0.3247,-14.16
3763,4307104,Herval,RS,Sul,57.1,57.32,0,0.3248,0.22
3764,3553401,Tanabi,SP,Sudeste,74.07,67.59,1,0.3248,-6.48
3765,4124400,Santo Antônio do Sudoeste,PR,Sul,81.43,79.58,1,0.3248,-1.85
3766,3538808,Piraju,SP,Sudeste,71.36,67.22,1,0.3248,-4.14
3767,4321501,Torres,RS,Sul,47.9,65.68,0,0.3248,17.78
3768,3164308,São Roque de Minas,MG,Sudeste,77.02,72.56,1,0.3248,-4.46
3769,3141504,Mendes Pimentel,MG,Sudeste,60.0,79.7,0,0.3249,19.7
3770,3512100,Colômbia,SP,Sudeste,72.63,80.0,0,0.325,7.37
3771,4212007,Palma Sola,SC,Sul,79.92,80.0,0,0.325,0.08
3772,3164803,São Sebastião do Rio Preto,MG,Sudeste,100.0,68.83,1,0.3251,-31.17
3773,3167004,Serranos,MG,Sudeste,82.14,44.9,1,0.3251,-37.24
3774,3148756,Pedra Bonita,MG,Sudeste,79.15,64.45,1,0.3252,-14.7
3775,4204152,Celso Ramos,SC,Sul,75.67,77.74,0,0.3253,2.07
3776,3119708,Coronel Xavier Chaves,MG,Sudeste,92.31,73.66,1,0.3254,-18.65
3777,2210052,São José do Divino,PI,Nordeste,92.65,80.0,1,0.3255,-12.65
3778,4109005,Guapirama,PR,Sul,75.09,80.0,0,0.3257,4.91
3779,3511706,Charqueada,SP,Sudeste,62.5,50.3,1,0.3257,-12.2
3780,3123304,Dores do Turvo,MG,Sudeste,95.99,77.19,1,0.3259,-18.8
3781,4306403,Dois Irmãos,RS,Sul,57.8,78.68,0,0.326,20.88
3782,3556800,Viradouro,SP,Sudeste,60.23,66.25,0,0.3262,6.02
3783,3124807,Estrela do Sul,MG,Sudeste,75.81,52.24,1,0.3263,-23.57
3784,3506805,Bocaina,SP,Sudeste,49.59,39.68,1,0.3264,-9.91
3785,5219704,Santa Terezinha de Goiás,GO,Centro-Oeste,96.08,80.0,1,0.3264,-16.08
3786,4115002,Marilena,PR,Sul,75.36,80.0,0,0.3265,4.64
3787,3203700,Muniz Freire,ES,Sudeste,81.47,80.0,1,0.3266,-1.47
3788,3153707,Quartel Geral,MG,Sudeste,63.55,48.47,1,0.3267,-15.08
3789,4123709,Santa Isabel do Ivaí,PR,Sul,75.13,80.0,0,0.3268,4.87
3790,3504909,Bananal,SP,Sudeste,58.62,53.04,1,0.3268,-5.58
3791,4111308,Itaúna do Sul,PR,Sul,40.32,77.77,0,0.3268,37.45
3792,3166402,Seritinga,MG,Sudeste,75.0,66.62,1,0.3269,-8.38
3793,3542404,Regente Feijó,SP,Sudeste,61.09,78.07,0,0.3269,16.98
3794,4114609,Marechal Cândido Rondon,PR,Sul,76.44,76.01,1,0.3269,-0.43
3795,5214804,Nova Aurora,GO,Centro-Oeste,84.21,20.79,1,0.3272,-63.42
3796,4107256,Douradina,PR,Sul,68.96,55.19,1,0.3274,-13.77
3797,3129103,Gurinhatã,MG,Sudeste,86.09,77.39,1,0.3275,-8.7
3798,3541505,Presidente Venceslau,SP,Sudeste,76.57,63.36,1,0.3276,-13.21
3799,5218391,Professor Jamil,GO,Centro-Oeste,77.25,80.0,0,0.3276,2.75
3800,4215406,Salto Veloso,SC,Sul,72.08,80.0,0,0.3277,7.92
3801,4217956,Tigrinhos,SC,Sul,91.64,79.2,1,0.3277,-12.44
3802,3101631,Alfredo Vasconcelos,MG,Sudeste,78.08,73.26,1,0.3277,-4.82
3803,3521903,Itajobi,SP,Sudeste,82.74,80.0,1,0.3278,-2.74
3804,3505104,Barbosa,SP,Sudeste,65.05,67.3,0,0.3278,2.25
3805,3130408,Ijaci,MG,Sudeste,82.9,73.92,1,0.328,-8.98
3806,5219902,São Francisco de Goiás,GO,Centro-Oeste,75.57,62.43,1,0.328,-13.14
3807,4128609,Verê,PR,Sul,67.29,80.0,0,0.3281,12.71
3808,4110078,Imbaú,PR,Sul,70.26,73.19,0,0.3283,2.93
3809,2200053,Acauã,PI,Nordeste,81.89,80.0,1,0.3283,-1.89
3810,3103207,Araçaí,MG,Sudeste,72.22,80.0,0,0.3286,7.78
3811,4204459,Coronel Martins,SC,Sul,90.43,74.66,1,0.3287,-15.77
3812,4107306,Doutor Camargo,PR,Sul,60.84,79.25,0,0.3288,18.41
3813,3121803,Dionísio,MG,Sudeste,72.13,80.0,0,0.3289,7.87
3814,2209302,Santa Luz,PI,Nordeste,55.68,80.0,0,0.3294,24.32
3815,3542107,Rafard,SP,Sudeste,70.8,80.0,0,0.3295,9.2
3816,3503158,Arapeí,SP,Sudeste,37.41,53.27,0,0.3296,15.86
3817,3544202,Riolândia,SP,Sudeste,84.72,80.0,1,0.3296,-4.72
3818,3121704,Diogo de Vasconcelos,MG,Sudeste,76.25,78.65,0,0.3297,2.4
3819,3518305,Guararema,SP,Sudeste,76.97,67.24,1,0.3297,-9.73
3820,5208103,Formoso,GO,Centro-Oeste,86.67,72.26,1,0.3299,-14.41
3821,3518206,Guararapes,SP,Sudeste,71.91,61.81,1,0.33,-10.1
3822,4313375,Nova Santa Rita,RS,Sul,64.9,61.05,1,0.3302,-3.85
3823,4112702,Jataizinho,PR,Sul,60.93,65.3,0,0.3305,4.37
3824,5218607,Rialma,GO,Centro-Oeste,97.03,70.11,1,0.3305,-26.92
3825,4212239,Paraíso,SC,Sul,83.86,80.0,1,0.3305,-3.86
3826,5220504,Serranópolis,GO,Centro-Oeste,66.65,58.7,1,0.3305,-7.95
3827,3552106,Socorro,SP,Sudeste,60.61,55.63,1,0.3306,-4.98
3828,4202081,Bandeirante,SC,Sul,56.89,71.69,0,0.3311,14.8
3829,4201273,Arabutã,SC,Sul,96.31,79.48,1,0.3312,-16.83
3830,3509908,Cananéia,SP,Sudeste,59.72,67.33,0,0.3313,7.61
3831,4125605,São Mateus do Sul,PR,Sul,70.57,80.0,0,0.3313,9.43
3832,4203154,Calmon,SC,Sul,57.9,65.76,0,0.3315,7.86
3833,3512308,Conchas,SP,Sudeste,69.48,52.67,1,0.3315,-16.81
3834,5212808,Mara Rosa,GO,Centro-Oeste,87.78,71.26,1,0.3315,-16.52
3835,3150208,Piedade de Ponte Nova,MG,Sudeste,80.01,41.95,1,0.3317,-38.06
3836,3523701,Itirapuã,SP,Sudeste,82.38,74.86,1,0.3318,-7.52
3837,2100154,Água Doce do Maranhão,MA,Nordeste,63.75,69.35,0,0.3318,5.6
3838,4105300,Céu Azul,PR,Sul,84.56,80.0,1,0.3318,-4.56
3839,3537800,Piedade,SP,Sudeste,63.25,62.12,1,0.3319,-1.13
3840,3520426,Ilha Comprida,SP,Sudeste,67.6,56.64,1,0.3321,-10.96
3841,4121802,Ribeirão Claro,PR,Sul,85.68,75.41,1,0.3321,-10.27
3842,3510807,Casa Branca,SP,Sudeste,61.98,50.63,1,0.3322,-11.35
3843,4119608,Pitanga,PR,Sul,73.42,74.08,0,0.3323,0.66
3844,5205901,Corumbaíba,GO,Centro-Oeste,82.63,72.79,1,0.3323,-9.84
3845,3524501,Jaci,SP,Sudeste,68.06,59.85,1,0.3323,-8.21
3846,3500105,Adamantina,SP,Sudeste,66.06,69.44,0,0.3325,3.38
3847,3517901,Guaraci,SP,Sudeste,73.02,74.77,0,0.3326,1.75
3848,5205000,Carmo do Rio Verde,GO,Centro-Oeste,85.78,79.02,1,0.3328,-6.76
3849,3556354,Vargem,SP,Sudeste,65.34,75.3,0,0.3328,9.96
3850,3545100,Salmourão,SP,Sudeste,61.69,60.91,1,0.3328,-0.78
3851,5206909,Davinópolis,GO,Centro-Oeste,83.12,80.0,1,0.3328,-3.12
3852,2205151,Jacobina do Piauí,PI,Nordeste,84.31,80.0,1,0.3329,-4.31
3853,3522703,Itápolis,SP,Sudeste,76.17,68.83,1,0.3331,-7.34
3854,2201705,Bertolínia,PI,Nordeste,43.42,62.88,0,0.3332,19.46
3855,4116703,Nova Aurora,PR,Sul,74.99,80.0,0,0.3332,5.01
3856,3120607,Crucilândia,MG,Sudeste,90.23,80.0,1,0.3333,-10.23
3857,2208601,Prata do Piauí,PI,Nordeste,47.93,20.78,1,0.3334,-27.15
3858,4103602,Cambará,PR,Sul,58.04,65.41,0,0.3334,7.37
3859,3511003,Castilho,SP,Sudeste,45.42,53.1,0,0.3337,7.68
3860,4109708,Ibaiti,PR,Sul,71.64,73.99,0,0.3337,2.35
3861,3508603,Cachoeira Paulista,SP,Sudeste,41.8,55.01,0,0.3339,13.21
3862,5219100,Santa Bárbara de Goiás,GO,Centro-Oeste,100.0,78.53,1,0.334,-21.47
3863,4302105,Bento Gonçalves,RS,Sul,49.0,77.77,0,0.334,28.77
3864,3520442,Ilha Solteira,SP,Sudeste,80.76,68.72,1,0.334,-12.04
3865,3553302,Tambaú,SP,Sudeste,59.74,53.01,1,0.3341,-6.73
3866,3115706,Central de Minas,MG,Sudeste,72.79,72.65,1,0.3342,-0.14
3867,3535804,Paranapanema,SP,Sudeste,42.59,54.37,0,0.3342,11.78
3868,5208301,Divinópolis de Goiás,GO,Centro-Oeste,80.42,79.92,1,0.3344,-0.5
3869,3507704,Braúna,SP,Sudeste,73.18,80.0,0,0.3346,6.82
3870,2105658,Junco do Maranhão,MA,Nordeste,67.86,80.0,0,0.3346,12.14
3871,4202537,Bom Jesus,SC,Sul,55.49,67.18,0,0.3348,11.69
3872,3513900,Divinolândia,SP,Sudeste,61.36,56.9,1,0.3349,-4.46
3873,4109658,Honório Serpa,PR,Sul,73.2,59.97,1,0.3351,-13.23
3874,3521804,Itaí,SP,Sudeste,46.71,52.73,0,0.3351,6.02
3875,4213906,Presidente Castello Branco,SC,Sul,61.9,52.43,1,0.3355,-9.47
3876,3520905,Ipaussu,SP,Sudeste,54.96,59.79,0,0.3356,4.83
3877,4107207,Dois Vizinhos,PR,Sul,82.56,80.0,1,0.3357,-2.56
3878,4111209,Itapejara d'Oeste,PR,Sul,75.37,76.17,0,0.3358,0.8
3879,4304689,Capela de Santana,RS,Sul,54.3,69.65,0,0.3359,15.35
3880,4107157,Diamante D'Oeste,PR,Sul,74.32,69.28,1,0.336,-5.04
3881,3534609,Osvaldo Cruz,SP,Sudeste,59.23,61.92,0,0.3361,2.69
3882,3146552,Pai Pedro,MG,Sudeste,76.4,65.4,1,0.3363,-11.0
3883,4200606,Águas Mornas,SC,Sul,79.3,80.0,0,0.3364,0.7
3884,4116802,Nova Cantu,PR,Sul,88.03,79.57,1,0.3367,-8.46
3885,3543006,Ribeirão Branco,SP,Sudeste,64.79,57.56,1,0.3369,-7.23
3886,2204204,Francisco Santos,PI,Nordeste,48.78,49.73,0,0.3369,0.95
3887,4115606,Matelândia,PR,Sul,71.4,74.52,0,0.3369,3.12
3888,4111506,Ivaiporã,PR,Sul,72.39,68.76,1,0.337,-3.63
3889,3143450,Montezuma,MG,Sudeste,88.98,58.49,1,0.3371,-30.49
3890,4115309,Mariópolis,PR,Sul,66.98,76.94,0,0.3371,9.96
3891,5214051,Mundo Novo,GO,Centro-Oeste,94.04,80.0,1,0.3372,-14.04
3892,5201504,Aporé,GO,Centro-Oeste,65.8,64.94,1,0.3373,-0.86
3893,4110201,Inácio Martins,PR,Sul,70.03,74.45,0,0.3373,4.42
3894,4126207,Sapopema,PR,Sul,83.01,74.36,1,0.3374,-8.65
3895,5206602,Cumari,GO,Centro-Oeste,72.73,76.76,0,0.3374,4.03
3896,3548609,São Bento do Sapucaí,SP,Sudeste,57.89,64.92,0,0.3377,7.03
3897,4122156,Rio Bonito do Iguaçu,PR,Sul,75.32,80.0,0,0.3379,4.68
3898,4109757,Ibema,PR,Sul,70.35,73.95,0,0.338,3.6
3899,3150802,Piranga,MG,Sudeste,76.61,63.43,1,0.338,-13.18
3900,4119400,Piraí do Sul,PR,Sul,74.06,74.08,0,0.338,0.02
3901,4101606,Arapoti,PR,Sul,67.63,76.12,0,0.3384,8.49
3902,4304408,Canela,RS,Sul,46.8,78.87,0,0.3385,32.07
3903,2201960,Brasileira,PI,Nordeste,42.58,40.07,1,0.3386,-2.51
3904,4128559,Vera Cruz do Oeste,PR,Sul,76.11,56.94,1,0.3389,-19.17
3905,4122305,Rio Negro,PR,Sul,88.56,80.0,1,0.3391,-8.56
3906,4209201,Lacerdópolis,SC,Sul,75.0,71.59,1,0.3391,-3.41
3907,5203104,Baliza,GO,Centro-Oeste,89.49,66.86,1,0.3391,-22.63
3908,3203163,Laranja da Terra,ES,Sudeste,89.86,80.0,1,0.3394,-9.86
3909,3201159,Brejetuba,ES,Sudeste,88.47,69.4,1,0.3396,-19.07
3910,3532827,Nova Campina,SP,Sudeste,61.55,50.74,1,0.3396,-10.81
3911,3544301,Roseira,SP,Sudeste,67.2,66.26,1,0.3397,-0.94
3912,3121001,Datas,MG,Sudeste,90.32,80.0,1,0.3398,-10.32
3913,3505302,Barra Bonita,SP,Sudeste,80.01,61.33,1,0.3399,-18.68
3914,3514403,Dracena,SP,Sudeste,62.74,65.9,0,0.3399,3.16
3915,4120507,Primeiro de Maio,PR,Sul,62.66,56.15,1,0.34,-6.51
3916,3556305,Valparaíso,SP,Sudeste,70.44,66.97,1,0.3401,-3.47
3917,3204005,Pancas,ES,Sudeste,86.3,80.0,1,0.3402,-6.3
3918,4321105,Tapes,RS,Sul,51.3,62.14,0,0.3403,10.84
3919,5206404,Crixás,GO,Centro-Oeste,78.62,68.88,1,0.3406,-9.74
3920,4307401,Esmeralda,RS,Sul,48.4,80.0,0,0.3408,31.6
3921,3528700,Marabá Paulista,SP,Sudeste,48.33,72.78,0,0.3409,24.45
3922,3512209,Conchal,SP,Sudeste,55.54,58.29,0,0.3409,2.75
3923,3145059,Nova Porteirinha,MG,Sudeste,51.93,47.65,1,0.341,-4.28
3924,3523503,Itatinga,SP,Sudeste,54.18,64.72,0,0.3411,10.54
3925,4212601,Peritiba,SC,Sul,87.5,80.0,1,0.3413,-7.5
3926,5213004,Maurilândia,GO,Centro-Oeste,83.79,78.69,1,0.3413,-5.1
3927,3129657,Ibiracatu,MG,Sudeste,56.19,66.87,0,0.3414,10.68
3928,4126801,Tapejara,PR,Sul,61.07,71.09,0,0.3415,10.02
3929,4305124,Cerrito,RS,Sul,39.8,75.82,0,0.3415,36.02
3930,3150604,Piracema,MG,Sudeste,76.35,69.08,1,0.3419,-7.27
3931,5204557,Caldazinha,GO,Centro-Oeste,60.87,73.27,0,0.3421,12.4
3932,3200169,Água Doce do Norte,ES,Sudeste,81.68,77.74,1,0.3427,-3.94
3933,3552908,Taciba,SP,Sudeste,67.0,79.94,0,0.3433,12.94
3934,3510005,Cândido Mota,SP,Sudeste,68.07,73.87,0,0.3433,5.8
3935,3537909,Pilar do Sul,SP,Sudeste,63.33,60.55,1,0.3433,-2.78
3936,2203420,Domingos Mourão,PI,Nordeste,82.22,80.0,1,0.3435,-2.22
3937,3135704,Jequitibá,MG,Sudeste,65.96,57.0,1,0.3435,-8.96
3938,5217203,Piranhas,GO,Centro-Oeste,68.65,78.38,0,0.3435,9.73
3939,3537701,Piacatu,SP,Sudeste,76.68,80.0,0,0.3436,3.32
3940,5219001,Sanclerlândia,GO,Centro-Oeste,91.82,78.37,1,0.3437,-13.45
3941,3502408,Anhumas,SP,Sudeste,57.39,69.09,0,0.3437,11.7
3942,3120706,Cruzeiro da Fortaleza,MG,Sudeste,80.92,65.32,1,0.3439,-15.6
3943,3546306,Santa Cruz das Palmeiras,SP,Sudeste,59.69,54.47,1,0.3447,-5.22
3944,4307005,Erechim,RS,Sul,46.7,64.31,0,0.3449,17.61
3945,3154457,Riachinho,MG,Sudeste,72.81,71.24,1,0.3451,-1.57
3946,4120606,Prudentópolis,PR,Sul,82.91,80.0,1,0.3451,-2.91
3947,3107208,Bocaina de Minas,MG,Sudeste,73.33,54.93,1,0.3452,-18.4
3948,4125803,São Pedro do Ivaí,PR,Sul,85.66,80.0,1,0.3452,-5.66
3949,5107743,Santa Cruz do Xingu,MT,Centro-Oeste,73.81,57.91,1,0.3452,-15.9
3950,3121407,Desterro de Entre Rios,MG,Sudeste,79.93,80.0,0,0.3454,0.07
3951,3512001,Colina,SP,Sudeste,57.89,49.61,1,0.3457,-8.28
3952,3502002,Analândia,SP,Sudeste,68.65,50.32,1,0.3458,-18.33
3953,3163201,São José do Alegre,MG,Sudeste,86.26,77.75,1,0.3458,-8.51
3954,4124020,Santa Tereza do Oeste,PR,Sul,77.75,74.35,1,0.3458,-3.4
3955,4314209,Pedro Osório,RS,Sul,34.3,69.69,0,0.3459,35.39
3956,4310462,Ipiranga do Sul,RS,Sul,44.4,80.0,0,0.3461,35.6
3957,4101903,Assaí,PR,Sul,80.24,80.0,1,0.3463,-0.24
3958,3138351,Leme do Prado,MG,Sudeste,82.62,57.42,1,0.3465,-25.2
3959,4124004,Santana do Itararé,PR,Sul,54.43,78.52,0,0.3465,24.09
3960,2203859,Floresta do Piauí,PI,Nordeste,54.55,80.0,0,0.3468,25.45
3961,3515350,Euclides da Cunha Paulista,SP,Sudeste,69.86,76.58,0,0.3469,6.72
3962,3519253,Iaras,SP,Sudeste,42.77,48.52,0,0.3469,5.75
3963,3535408,Panorama,SP,Sudeste,92.54,80.0,1,0.3471,-12.54
3964,4127882,Tunas do Paraná,PR,Sul,75.01,66.18,1,0.3471,-8.83
3965,2208874,Ribeira do Piauí,PI,Nordeste,54.84,61.44,0,0.3472,6.6
3966,4127965,Turvo,PR,Sul,84.81,80.0,1,0.3472,-4.81
3967,3517703,Guará,SP,Sudeste,76.27,69.43,1,0.3472,-6.84
3968,3556107,Valentim Gentil,SP,Sudeste,85.95,69.19,1,0.3474,-16.76
3969,1303957,São Sebastião do Uatumã,AM,Norte,44.12,56.43,0,0.3474,12.31
3970,5214861,Nova Glória,GO,Centro-Oeste,87.68,80.0,1,0.3474,-7.68
3971,3557204,Chavantes,SP,Sudeste,51.58,44.52,1,0.3475,-7.06
3972,4309050,Glorinha,RS,Sul,34.3,67.53,0,0.3475,33.23
3973,3534906,Pacaembu,SP,Sudeste,53.27,67.13,0,0.3476,13.86
3974,3505807,Bastos,SP,Sudeste,46.89,56.53,0,0.3477,9.64
3975,3153301,Presidente Kubitschek,MG,Sudeste,79.86,76.39,1,0.3478,-3.47
3976,3117207,Conceição das Pedras,MG,Sudeste,76.67,61.58,1,0.3478,-15.09
3977,3513603,Cunha,SP,Sudeste,58.09,54.88,1,0.3479,-3.21
3978,4127007,Teixeira Soares,PR,Sul,88.2,77.71,1,0.3483,-10.49
3979,4322004,Triunfo,RS,Sul,66.0,68.96,0,0.3483,2.96
3980,4107751,Figueira,PR,Sul,77.82,80.0,0,0.3486,2.18
3981,3157377,Santa Cruz de Salinas,MG,Sudeste,72.73,80.0,0,0.3488,7.27
3982,3500204,Adolfo,SP,Sudeste,85.8,66.25,1,0.349,-19.55
3983,5209150,Gouvelândia,GO,Centro-Oeste,81.36,46.07,1,0.3494,-35.29
3984,3550001,São Luís do Paraitinga,SP,Sudeste,59.66,74.44,0,0.3494,14.78
3985,3161056,São Félix de Minas,MG,Sudeste,67.09,70.01,0,0.3496,2.92
3986,3519105,Iacanga,SP,Sudeste,97.67,80.0,1,0.3499,-17.67
3987,3136801,Juramento,MG,Sudeste,55.56,65.99,0,0.3502,10.43
3988,3157500,Santa Efigênia de Minas,MG,Sudeste,75.81,49.21,1,0.3504,-26.6
3989,3141207,Matutina,MG,Sudeste,91.94,80.0,1,0.3505,-11.94
3990,4104501,Capanema,PR,Sul,79.5,78.69,1,0.3506,-0.81
3991,4202701,Botuverá,SC,Sul,64.54,71.04,0,0.3507,6.5
3992,4317202,Santa Rosa,RS,Sul,51.2,73.6,0,0.3507,22.4
3993,3510708,Cardoso,SP,Sudeste,59.86,70.71,0,0.3507,10.85
3994,3508702,Caconde,SP,Sudeste,70.02,71.78,0,0.351,1.76
3995,3145703,Oliveira Fortes,MG,Sudeste,83.33,72.78,1,0.3512,-10.55
3996,4112959,Juranda,PR,Sul,63.48,63.12,1,0.3512,-0.36
3997,3554201,Tejupá,SP,Sudeste,59.38,74.41,0,0.3512,15.03
3998,3530102,Mirandópolis,SP,Sudeste,54.13,57.82,0,0.3512,3.69
3999,4109302,Guaraniaçu,PR,Sul,71.17,80.0,0,0.3513,8.83
4000,5219407,Santa Rita do Araguaia,GO,Centro-Oeste,83.33,78.93,1,0.3514,-4.4
4001,3520301,Iguape,SP,Sudeste,62.11,60.97,1,0.3515,-1.14
4002,2209153,Santa Cruz dos Milagres,PI,Nordeste,68.18,57.0,1,0.3518,-11.18
4003,3545407,Salto Grande,SP,Sudeste,44.94,63.49,0,0.3518,18.55
4004,3160207,Santo Antônio do Itambé,MG,Sudeste,47.84,52.34,0,0.3523,4.5
4005,4323804,Xangri-lá,RS,Sul,37.9,60.68,0,0.3525,22.78
4006,3124708,Estrela do Indaiá,MG,Sudeste,100.0,80.0,1,0.3525,-20.0
4007,4303509,Camaquã,RS,Sul,59.6,62.16,0,0.3527,2.56
4008,3532058,Motuca,SP,Sudeste,78.09,79.94,0,0.3528,1.85
4009,3548104,Santo Antônio do Jardim,SP,Sudeste,72.45,72.81,0,0.353,0.36
4010,4121257,Ramilândia,PR,Sul,77.23,80.0,0,0.3533,2.77
4011,3541653,Quadra,SP,Sudeste,65.39,55.49,1,0.3536,-9.9
4012,5218706,Rianápolis,GO,Centro-Oeste,100.0,77.08,1,0.3539,-22.92
4013,3521606,Irapuru,SP,Sudeste,96.0,80.0,1,0.3539,-16.0
4014,3525508,Joanópolis,SP,Sudeste,57.3,73.15,0,0.354,15.85
4015,4111100,Itambé,PR,Sul,86.9,80.0,1,0.354,-6.9
4016,3100401,Acaiaca,MG,Sudeste,73.93,80.0,0,0.3545,6.07
4017,3532405,Nazaré Paulista,SP,Sudeste,60.11,52.23,1,0.3548,-7.88
4018,3160454,Santo Antônio do Retiro,MG,Sudeste,65.69,78.39,0,0.3548,12.7
4019,3502309,Anhembi,SP,Sudeste,45.69,44.99,1,0.355,-0.7
4020,5107297,São José do Povo,MT,Centro-Oeste,74.75,80.0,0,0.3551,5.25
4021,3203304,Mantenópolis,ES,Sudeste,95.06,80.0,1,0.3552,-15.06
4022,3555356,Ubarana,SP,Sudeste,74.44,63.84,1,0.3553,-10.6
4023,4107603,Faxinal,PR,Sul,71.76,80.0,0,0.3556,8.24
4024,5219258,Santa Fé de Goiás,GO,Centro-Oeste,92.78,77.35,1,0.3558,-15.43
4025,3137106,Lagamar,MG,Sudeste,56.25,80.0,0,0.3558,23.75
4026,3517000,Getulina,SP,Sudeste,68.1,54.54,1,0.356,-13.56
4027,4121703,Reserva,PR,Sul,81.08,73.98,1,0.356,-7.1
4028,2202802,Conceição do Canindé,PI,Nordeste,70.98,52.61,1,0.3561,-18.37
4029,5207105,Diorama,GO,Centro-Oeste,77.27,80.0,0,0.3562,2.73
4030,3204955,São Roque do Canaã,ES,Sudeste,89.65,75.39,1,0.3564,-14.26
4031,3130655,Indaiabira,MG,Sudeste,89.58,60.09,1,0.3567,-29.49
4032,2209856,São João da Canabrava,PI,Nordeste,96.34,80.0,1,0.3567,-16.34
4033,3514106,Dois Córregos,SP,Sudeste,57.41,64.5,0,0.3567,7.09
4034,3115003,Cascalho Rico,MG,Sudeste,85.84,66.54,1,0.3567,-19.3
4035,3519808,Icém,SP,Sudeste,81.32,74.38,1,0.357,-6.94
4036,4107553,Farol,PR,Sul,96.3,76.57,1,0.3571,-19.73
4037,3157401,Santa Cruz do Escalvado,MG,Sudeste,75.73,58.77,1,0.3573,-16.96
4038,3510302,Capela do Alto,SP,Sudeste,47.64,52.82,0,0.3574,5.18
4039,4215059,Rio Rufino,SC,Sul,76.32,68.06,1,0.3574,-8.26
4040,4312401,Montenegro,RS,Sul,43.0,68.22,0,0.3576,25.22
4041,3167301,Silveirânia,MG,Sudeste,86.36,80.0,1,0.3577,-6.36
4042,4123808,Santa Izabel do Oeste,PR,Sul,82.63,80.0,1,0.3579,-2.63
4043,3153202,Presidente Juscelino,MG,Sudeste,54.55,80.0,0,0.3582,25.45
4044,4322202,Tupanciretã,RS,Sul,42.9,73.19,0,0.3583,30.29
4045,3544251,Rosana,SP,Sudeste,82.37,62.92,1,0.3586,-19.45
4046,3116001,Chalé,MG,Sudeste,66.0,80.0,0,0.3589,14.0
4047,3534757,Ouroeste,SP,Sudeste,89.21,80.0,1,0.3591,-9.21
4048,4106308,Corbélia,PR,Sul,85.26,75.44,1,0.3591,-9.82
4049,3503505,Areias,SP,Sudeste,56.95,62.9,0,0.3594,5.95
4050,2210391,São Miguel do Fidalgo,PI,Nordeste,64.42,59.81,1,0.3595,-4.61
4051,3554953,Tuiuti,SP,Sudeste,55.64,68.04,0,0.3596,12.4
4052,3501004,Altinópolis,SP,Sudeste,67.78,70.36,0,0.3596,2.58
4053,3531209,Monte Alegre do Sul,SP,Sudeste,56.59,59.25,0,0.3598,2.66
4054,4315503,Restinga Seca,RS,Sul,42.4,51.07,0,0.3599,8.67
4055,4123006,Salto do Lontra,PR,Sul,76.46,80.0,0,0.3602,3.54
4056,3534807,Ouro Verde,SP,Sudeste,76.07,80.0,0,0.3602,3.93
4057,3540507,Porangaba,SP,Sudeste,60.38,71.51,0,0.3605,11.13
4058,3158409,Santana de Cataguases,MG,Sudeste,73.26,80.0,0,0.3606,6.74
4059,4102901,Bituruna,PR,Sul,70.06,80.0,0,0.3607,9.94
4060,3162948,São José da Barra,MG,Sudeste,75.22,80.0,0,0.361,4.78
4061,4125100,São João do Triunfo,PR,Sul,79.45,78.79,1,0.3612,-0.66
4062,4117107,Nova Londrina,PR,Sul,74.05,78.01,0,0.3614,3.96
4063,4200408,Água Doce,SC,Sul,72.41,67.24,1,0.3615,-5.17
4064,4111001,Itambaracá,PR,Sul,80.58,79.25,1,0.3616,-1.33
4065,3537206,Pedro de Toledo,SP,Sudeste,45.97,41.87,1,0.3619,-4.1
4066,5215256,Novo Planalto,GO,Centro-Oeste,94.54,80.0,1,0.3619,-14.54
4067,3542701,Restinga,SP,Sudeste,55.18,71.82,0,0.362,16.64
4068,3551801,Sete Barras,SP,Sudeste,52.1,68.93,0,0.3621,16.83
4069,3509304,Cajobi,SP,Sudeste,60.42,64.32,0,0.3621,3.9
4070,4121208,Quitandinha,PR,Sul,75.8,73.05,1,0.3623,-2.75
4071,4119103,Piên,PR,Sul,83.34,80.0,1,0.3624,-3.34
4072,3526100,Juquiá,SP,Sudeste,55.18,59.04,0,0.3625,3.86
4073,4116109,Moreira Sales,PR,Sul,78.01,79.43,0,0.3625,1.42
4074,5213905,Mossâmedes,GO,Centro-Oeste,100.0,80.0,1,0.3626,-20.0
4075,5107263,Santo Afonso,MT,Centro-Oeste,76.83,56.69,1,0.3629,-20.14
4076,3552700,Tabatinga,SP,Sudeste,62.05,65.32,0,0.3633,3.27
4077,3525854,Jumirim,SP,Sudeste,50.81,76.93,0,0.3635,26.12
4078,4211256,Morro Grande,SC,Sul,73.57,72.78,1,0.3636,-0.79
4079,3537404,Pereira Barreto,SP,Sudeste,83.47,68.39,1,0.3637,-15.08
4080,3170602,Vargem Bonita,MG,Sudeste,69.23,62.33,1,0.3638,-6.9
4081,3153004,Pratinha,MG,Sudeste,52.8,80.0,0,0.3639,27.2
4082,4317509,Santo Ângelo,RS,Sul,42.8,66.92,0,0.3642,24.12
4083,3201001,Boa Esperança,ES,Sudeste,85.45,77.19,1,0.3643,-8.26
4084,3202702,Itaguaçu,ES,Sudeste,87.07,74.88,1,0.3643,-12.19
4085,4113734,Luiziana,PR,Sul,86.61,80.0,1,0.3644,-6.61
4086,3556008,Urupês,SP,Sudeste,65.68,80.0,0,0.3645,14.32
4087,5212253,Lagoa Santa,GO,Centro-Oeste,76.19,80.0,0,0.3646,3.81
4088,3515400,Fartura,SP,Sudeste,82.78,65.56,1,0.3646,-17.22
4089,4305439,Chuí,RS,Sul,45.9,54.93,0,0.3647,9.03
4090,4107504,Engenheiro Beltrão,PR,Sul,82.06,80.0,1,0.365,-2.06
4091,2209450,Santo Antônio dos Milagres,PI,Nordeste,78.26,80.0,0,0.365,1.74
4092,5209804,Hidrolina,GO,Centro-Oeste,72.5,70.15,1,0.3651,-2.35
4093,5204953,Campos Verdes,GO,Centro-Oeste,82.8,66.38,1,0.3652,-16.42
4094,3503000,Aramina,SP,Sudeste,72.03,49.16,1,0.3653,-22.87
4095,4109104,Guaporema,PR,Sul,66.67,80.0,0,0.3654,13.33
4096,3149002,Pedra Dourada,MG,Sudeste,80.0,58.09,1,0.3656,-21.91
4097,3527256,Lourdes,SP,Sudeste,72.22,74.94,0,0.3657,2.72
4098,3514601,Dumont,SP,Sudeste,64.5,77.25,0,0.366,12.75
4099,3109253,Bugre,MG,Sudeste,85.0,80.0,1,0.3662,-5.0
4100,4124608,São Carlos do Ivaí,PR,Sul,73.36,78.54,0,0.3662,5.18
4101,4318903,São Luiz Gonzaga,RS,Sul,49.3,80.0,0,0.3662,30.7
4102,4311403,Lajeado,RS,Sul,48.2,75.49,0,0.3664,27.29
4103,4104428,Candói,PR,Sul,64.69,74.4,0,0.3667,9.71
4104,3526605,Lavrinhas,SP,Sudeste,46.14,57.18,0,0.3669,11.04
4105,2210631,Sebastião Leal,PI,Nordeste,76.86,80.0,0,0.3669,3.14
4106,4319901,Sapiranga,RS,Sul,43.8,73.9,0,0.367,30.1
4107,3116407,Claraval,MG,Sudeste,84.7,75.74,1,0.3671,-8.96
4108,4105003,Catanduvas,PR,Sul,56.16,68.32,0,0.3677,12.16
4109,3122702,Dom Silvério,MG,Sudeste,92.48,68.96,1,0.3679,-23.52
4110,3163300,São José do Divino,MG,Sudeste,64.09,50.96,1,0.3681,-13.13
4111,3535002,Palestina,SP,Sudeste,72.03,61.63,1,0.3682,-10.4
4112,2105922,Lagoa do Mato,MA,Nordeste,78.44,80.0,0,0.3682,1.56
4113,3511409,Cerqueira César,SP,Sudeste,39.99,49.79,0,0.3684,9.8
4114,4127908,Tuneiras do Oeste,PR,Sul,68.12,72.81,0,0.3685,4.69
4115,4128005,Ubiratã,PR,Sul,77.6,80.0,0,0.3687,2.4
4116,3117405,Conceição de Ipanema,MG,Sudeste,74.88,80.0,0,0.3688,5.12
4117,4121505,Rebouças,PR,Sul,77.0,80.0,0,0.3688,3.0
4118,3545159,Saltinho,SP,Sudeste,64.45,67.95,0,0.3691,3.5
4119,4103503,Califórnia,PR,Sul,69.28,80.0,0,0.3691,10.72
4120,3100708,Água Comprida,MG,Sudeste,55.3,80.0,0,0.3692,24.7
4121,4318408,São Jerônimo,RS,Sul,60.5,80.0,0,0.3693,19.5
4122,3528007,Macatuba,SP,Sudeste,62.4,67.48,0,0.3694,5.08
4123,3526001,Junqueirópolis,SP,Sudeste,80.44,77.4,1,0.37,-3.04
4124,4322608,Venâncio Aires,RS,Sul,61.1,78.41,0,0.3701,17.31
4125,5216007,Panamá,GO,Centro-Oeste,84.18,76.04,1,0.3701,-8.14
4126,4108650,Goioxim,PR,Sul,90.42,80.0,1,0.3702,-10.42
4127,4121752,Reserva do Iguaçu,PR,Sul,83.13,78.22,1,0.3705,-4.91
4128,3109808,Cachoeira Dourada,MG,Sudeste,94.74,80.0,1,0.3706,-14.74
4129,4106803,Cruz Machado,PR,Sul,84.49,80.0,1,0.3706,-4.49
4130,4126108,São Tomé,PR,Sul,69.88,80.0,0,0.3708,10.12
4131,3146255,Padre Carvalho,MG,Sudeste,71.68,52.45,1,0.3709,-19.23
4132,3122504,Dom Cavati,MG,Sudeste,73.35,75.54,0,0.371,2.19
4133,4301909,Barra do Ribeiro,RS,Sul,31.6,70.43,0,0.371,38.83
4134,5211404,Itauçu,GO,Centro-Oeste,94.51,80.0,1,0.3711,-14.51
4135,4214151,Princesa,SC,Sul,64.05,80.0,0,0.3711,15.95
4136,3522000,Itaju,SP,Sudeste,44.34,58.17,0,0.3714,13.83
4137,3150307,Piedade do Rio Grande,MG,Sudeste,63.16,36.5,1,0.3714,-26.66
4138,3202256,Governador Lindenberg,ES,Sudeste,82.07,66.72,1,0.3715,-15.35
4139,3170651,Vargem Grande do Rio Pardo,MG,Sudeste,89.89,64.67,1,0.3715,-25.22
4140,2205458,Joca Marques,PI,Nordeste,43.83,44.75,0,0.3717,0.92
4141,4315305,Quaraí,RS,Sul,46.6,58.95,0,0.3719,12.35
4142,3553104,Taiaçu,SP,Sudeste,38.71,69.26,0,0.3719,30.55
4143,3534005,Onda Verde,SP,Sudeste,74.45,52.45,1,0.3723,-22.0
4144,4103156,Bom Jesus do Sul,PR,Sul,93.48,80.0,1,0.3725,-13.48
4145,3550902,São Simão,SP,Sudeste,67.73,65.66,1,0.3728,-2.07
4146,4104402,Cândido de Abreu,PR,Sul,85.54,80.0,1,0.3728,-5.54
4147,4113205,Lapa,PR,Sul,74.83,80.0,0,0.3731,5.17
4148,4127205,Terra Boa,PR,Sul,89.1,80.0,1,0.3732,-9.1
4149,4304507,Canguçu,RS,Sul,56.4,79.74,0,0.3732,23.34
4150,4106571,Cruzeiro do Iguaçu,PR,Sul,86.52,80.0,1,0.3732,-6.52
4151,5205703,Córrego do Ouro,GO,Centro-Oeste,100.0,77.79,1,0.3733,-22.21
4152,3136108,Joanésia,MG,Sudeste,85.58,80.0,1,0.3734,-5.58
4153,3535309,Palmital,SP,Sudeste,60.32,51.9,1,0.3735,-8.42
4154,3135308,Japaraíba,MG,Sudeste,80.89,72.45,1,0.3737,-8.44
4155,4110102,Imbituva,PR,Sul,78.04,80.0,0,0.3743,1.96
4156,3516853,Gavião Peixoto,SP,Sudeste,73.65,68.99,1,0.3743,-4.66
4157,3543709,Rincão,SP,Sudeste,74.83,62.42,1,0.3744,-12.41
4158,4107009,Curiúva,PR,Sul,68.88,80.0,0,0.3745,11.12
4159,4306106,Cruz Alta,RS,Sul,54.7,61.17,0,0.3748,6.47
4160,5207352,Edealina,GO,Centro-Oeste,90.91,77.15,1,0.3749,-13.76
4161,3119906,Córrego do Bom Jesus,MG,Sudeste,100.0,74.76,1,0.375,-25.24
4162,4319505,São Sebastião do Caí,RS,Sul,44.1,61.4,0,0.3752,17.3
4163,3555109,Tupi Paulista,SP,Sudeste,93.46,80.0,1,0.3753,-13.46
4164,4124806,São João,PR,Sul,87.16,80.0,1,0.3757,-7.16
4165,3105202,Bandeira,MG,Sudeste,77.5,65.57,1,0.3757,-11.93
4166,4322509,Vacaria,RS,Sul,41.3,68.24,0,0.3759,26.94
4167,2204550,Guaribas,PI,Nordeste,75.0,61.72,1,0.3761,-13.28
4168,3544806,Sales,SP,Sudeste,68.37,69.91,0,0.3763,1.54
4169,3159506,Santa Rita do Itueto,MG,Sudeste,87.19,80.0,1,0.3764,-7.19
4170,3536604,Paulo de Faria,SP,Sudeste,80.89,55.24,1,0.3764,-25.65
4171,5215801,Palmelo,GO,Centro-Oeste,64.71,35.72,1,0.3765,-28.99
4172,4301107,Arroio dos Ratos,RS,Sul,40.8,46.7,0,0.3766,5.9
4173,5202155,Araguapaz,GO,Centro-Oeste,68.98,49.16,1,0.3766,-19.82
4174,3132008,Itacambira,MG,Sudeste,100.0,78.78,1,0.3767,-21.22
4175,3511904,Clementina,SP,Sudeste,54.12,55.83,0,0.377,1.71
4176,4201653,Arvoredo,SC,Sul,77.94,76.36,1,0.377,-1.58
4177,3552007,Silveiras,SP,Sudeste,47.27,51.4,0,0.3773,4.13
4178,4306601,Dom Pedrito,RS,Sul,47.8,61.19,0,0.3774,13.39
4179,3527405,Lucélia,SP,Sudeste,68.26,67.06,1,0.3775,-1.2
4180,4128658,Virmond,PR,Sul,81.54,78.88,1,0.3775,-2.66
4181,3119807,Córrego Danta,MG,Sudeste,75.27,80.0,0,0.3776,4.73
4182,5221551,Turvelândia,GO,Centro-Oeste,86.88,70.07,1,0.3778,-16.81
4183,3103306,Aracitaba,MG,Sudeste,86.96,80.0,1,0.3779,-6.96
4184,3162575,São João do Manteninha,MG,Sudeste,71.7,79.91,0,0.3782,8.21
4185,5219357,Santa Isabel,GO,Centro-Oeste,77.97,79.56,0,0.3784,1.59
4186,3512902,Cosmorama,SP,Sudeste,56.46,80.0,0,0.3792,23.54
4187,3554300,Teodoro Sampaio,SP,Sudeste,72.78,68.95,1,0.3794,-3.83
4188,3528601,Manduri,SP,Sudeste,65.64,65.13,1,0.3796,-0.51
4189,5220280,São Patrício,GO,Centro-Oeste,86.36,80.0,1,0.3797,-6.36
4190,3104452,Aricanduva,MG,Sudeste,86.66,60.38,1,0.3799,-26.28
4191,4116505,Nova Aliança do Ivaí,PR,Sul,43.75,44.57,0,0.3799,0.82
4192,3508108,Buritama,SP,Sudeste,67.83,66.64,1,0.38,-1.19
4193,4107124,Diamante do Sul,PR,Sul,83.28,71.09,1,0.3803,-12.19
4194,4315800,Roca Sales,RS,Sul,45.0,76.28,0,0.3803,31.28
4195,3538907,Pirajuí,SP,Sudeste,46.03,57.88,0,0.3804,11.85
4196,3204252,Ponto Belo,ES,Sudeste,80.01,80.0,1,0.3806,-0.01
4197,4118808,Peabiru,PR,Sul,74.24,71.16,1,0.381,-3.08
4198,4116307,Munhoz de Melo,PR,Sul,80.0,57.66,1,0.381,-22.34
4199,4120002,Porecatu,PR,Sul,87.25,75.21,1,0.3811,-12.04
4200,3102407,Alvorada de Minas,MG,Sudeste,66.15,47.88,1,0.3811,-18.27
4201,4318002,São Borja,RS,Sul,48.2,67.78,0,0.3811,19.58
4202,3553005,Taguaí,SP,Sudeste,71.38,62.14,1,0.3813,-9.24
4203,4305975,Coxilha,RS,Sul,52.3,66.14,0,0.3815,13.84
4204,2210300,São Julião,PI,Nordeste,87.93,80.0,1,0.3815,-7.93
4205,4215687,Santa Terezinha do Progresso,SC,Sul,95.83,58.41,1,0.382,-37.42
4206,4214102,Presidente Nereu,SC,Sul,58.33,56.35,1,0.382,-1.98
4207,3541208,Presidente Bernardes,SP,Sudeste,79.72,66.81,1,0.3821,-12.91
4208,3537503,Pereiras,SP,Sudeste,66.7,56.11,1,0.3822,-10.59
4209,4125357,São Jorge do Patrocínio,PR,Sul,90.23,75.2,1,0.3823,-15.03
4210,2207207,Padre Marcos,PI,Nordeste,100.0,80.0,1,0.3825,-20.0
4211,4120903,Quedas do Iguaçu,PR,Sul,61.62,73.0,0,0.3826,11.38
4212,3541703,Quatá,SP,Sudeste,68.43,68.48,0,0.3827,0.05
4213,5210307,Israelândia,GO,Centro-Oeste,92.59,80.0,1,0.3829,-12.59
4214,2209708,São Francisco do Piauí,PI,Nordeste,64.27,61.76,1,0.3829,-2.51
4215,4308052,Faxinalzinho,RS,Sul,51.9,78.45,0,0.383,26.55
4216,4123907,Santa Mariana,PR,Sul,83.73,74.63,1,0.3832,-9.1
4217,3530409,Mirassolândia,SP,Sudeste,55.96,62.66,0,0.3833,6.7
4218,3557303,Estiva Gerbi,SP,Sudeste,51.48,50.77,1,0.3833,-0.71
4219,4315701,Rio Pardo,RS,Sul,60.9,74.39,0,0.3834,13.49
4220,4105904,Colorado,PR,Sul,78.22,80.0,0,0.3834,1.78
4221,3539608,Planalto,SP,Sudeste,83.68,75.35,1,0.3835,-8.33
4222,3539400,Piratininga,SP,Sudeste,44.37,54.01,0,0.3836,9.64
4223,4307609,Estância Velha,RS,Sul,43.4,69.31,0,0.3836,25.91
4224,3518503,Guareí,SP,Sudeste,68.52,65.19,1,0.3837,-3.33
4225,2210953,Tamboril do Piauí,PI,Nordeste,65.11,70.55,0,0.3837,5.44
4226,4106555,Corumbataí do Sul,PR,Sul,87.98,80.0,1,0.384,-7.98
4227,3169059,Tocos do Moji,MG,Sudeste,93.75,78.63,1,0.3841,-15.12
4228,2210383,São Miguel da Baixa Grande,PI,Nordeste,80.0,31.36,1,0.3842,-48.64
4229,4128534,Ventania,PR,Sul,77.17,75.01,1,0.3845,-2.16
4230,4121901,Ribeirão do Pinhal,PR,Sul,84.51,80.0,1,0.3846,-4.51
4231,4101101,Andirá,PR,Sul,64.82,67.47,0,0.3849,2.65
4232,4127858,Três Barras do Paraná,PR,Sul,75.42,79.46,0,0.3849,4.04
4233,4206751,Ibiam,SC,Sul,96.17,67.95,1,0.3852,-28.22
4234,3528908,Mariápolis,SP,Sudeste,48.4,57.49,0,0.3852,9.09
4235,4110409,Indianópolis,PR,Sul,69.81,80.0,0,0.3853,10.19
4236,3500600,Águas de São Pedro,SP,Sudeste,80.89,80.0,1,0.3853,-0.89
4237,3554755,Trabiju,SP,Sudeste,47.37,80.0,0,0.3857,32.63
4238,3507456,Borebi,SP,Sudeste,53.42,64.23,0,0.3861,10.81
4239,3155009,Rio Doce,MG,Sudeste,90.43,80.0,1,0.3862,-10.43
4240,5200209,Água Limpa,GO,Centro-Oeste,78.26,71.23,1,0.3862,-7.03
4241,4102109,Astorga,PR,Sul,75.21,79.63,0,0.3864,4.42
4242,4114401,Mangueirinha,PR,Sul,66.1,73.44,0,0.3864,7.34
4243,4105706,Clevelândia,PR,Sul,74.84,74.18,1,0.3866,-0.66
4244,3172202,Wenceslau Braz,MG,Sudeste,70.34,53.79,1,0.3868,-16.55
4245,2210102,São José do Peixe,PI,Nordeste,75.0,76.6,0,0.3871,1.6
4246,4310413,Inhacorá,RS,Sul,35.3,65.51,0,0.3871,30.21
4247,4310207,Ijuí,RS,Sul,56.1,77.0,0,0.3873,20.9
4248,4124509,Santo Inácio,PR,Sul,80.07,80.0,1,0.3875,-0.07
4249,3518859,Guatapará,SP,Sudeste,33.82,67.08,0,0.3878,33.26
4250,5207501,Estrela do Norte,GO,Centro-Oeste,98.0,69.25,1,0.388,-28.75
4251,4122602,Rondon,PR,Sul,41.63,70.28,0,0.3881,28.65
4252,3515202,Estrela d'Oeste,SP,Sudeste,58.91,58.28,1,0.3882,-0.63
4253,3532009,Morungaba,SP,Sudeste,47.32,52.33,0,0.3885,5.01
4254,3171402,Vieiras,MG,Sudeste,74.62,55.31,1,0.3886,-19.31
4255,3522158,Itaóca,SP,Sudeste,51.85,64.03,0,0.3887,12.18
4256,4217550,Serra Alta,SC,Sul,97.43,80.0,1,0.3887,-17.43
4257,4104105,Campo do Tenente,PR,Sul,80.98,80.0,1,0.3887,-0.98
4258,4307906,Farroupilha,RS,Sul,55.9,80.0,0,0.3888,24.1
4259,4306809,Encantado,RS,Sul,56.4,80.0,0,0.3888,23.6
4260,3506300,Bernardino de Campos,SP,Sudeste,47.5,70.21,0,0.3892,22.71
4261,5203962,Buritinópolis,GO,Centro-Oeste,85.08,54.33,1,0.3893,-30.75
4262,4308607,Garibaldi,RS,Sul,58.0,75.26,0,0.3893,17.26
4263,4219606,Xavantina,SC,Sul,80.95,72.9,1,0.3895,-8.05
4264,4120853,Quatro Pontes,PR,Sul,89.52,80.0,1,0.3897,-9.52
4265,4122172,Rio Branco do Ivaí,PR,Sul,73.84,71.38,1,0.3899,-2.46
4266,3504305,Avaí,SP,Sudeste,65.24,59.41,1,0.3899,-5.83
4267,3200136,Águia Branca,ES,Sudeste,94.55,80.0,1,0.3899,-14.55
4268,4108320,Francisco Alves,PR,Sul,80.22,70.52,1,0.39,-9.7
4269,3122108,Divino das Laranjeiras,MG,Sudeste,85.6,47.5,1,0.3901,-38.1
4270,3553807,Taquarituba,SP,Sudeste,56.67,57.07,0,0.3903,0.4
4271,4122008,Rio Azul,PR,Sul,89.22,80.0,1,0.3903,-9.22
4272,3115201,Conceição da Barra de Minas,MG,Sudeste,70.43,70.55,0,0.3905,0.12
4273,3549607,São José do Barreiro,SP,Sudeste,52.78,44.38,1,0.3905,-8.4
4274,3140407,Marmelópolis,MG,Sudeste,84.57,77.3,1,0.3908,-7.27
4275,4318200,São Francisco de Paula,RS,Sul,44.0,60.65,0,0.3908,16.65
4276,3127503,Gonzaga,MG,Sudeste,82.31,68.63,1,0.391,-13.68
4277,5209937,Inaciolândia,GO,Centro-Oeste,87.01,76.77,1,0.391,-10.24
4278,3161601,São Geraldo da Piedade,MG,Sudeste,70.0,70.95,0,0.3919,0.95
4279,4304655,Capão do Cipó,RS,Sul,71.8,80.0,0,0.3922,8.2
4280,2206951,Novo Santo Antônio,PI,Nordeste,82.08,53.65,1,0.3927,-28.43
4281,2305704,Ipaumirim,CE,Nordeste,88.89,80.0,1,0.3929,-8.89
4282,3543501,Riversul,SP,Sudeste,64.17,80.0,0,0.3931,15.83
4283,5206800,Damolândia,GO,Centro-Oeste,97.08,80.0,1,0.3932,-17.08
4284,4312609,Muçum,RS,Sul,47.3,55.68,0,0.3932,8.38
4285,3505401,Barra do Turvo,SP,Sudeste,34.89,80.0,0,0.3932,45.11
4286,2202091,Caldeirão Grande do Piauí,PI,Nordeste,100.0,80.0,1,0.3933,-20.0
4287,3515905,Floreal,SP,Sudeste,96.19,80.0,1,0.3937,-16.19
4288,4108502,General Carneiro,PR,Sul,55.52,79.19,0,0.394,23.67
4289,2200954,Aroeiras do Itaim,PI,Nordeste,80.95,57.75,1,0.3944,-23.2
4290,3532801,Nova Aliança,SP,Sudeste,73.75,61.36,1,0.3944,-12.39
4291,4309654,Hulha Negra,RS,Sul,36.4,71.75,0,0.3945,35.35
4292,3548054,Santo Antônio do Aracanguá,SP,Sudeste,62.22,55.06,1,0.3945,-7.16
4293,4211876,Paial,SC,Sul,54.55,72.28,0,0.3947,17.73
4294,3509452,Campina do Monte Alegre,SP,Sudeste,43.46,51.32,0,0.3948,7.86
4295,4318804,São Lourenço do Sul,RS,Sul,57.2,79.22,0,0.3948,22.02
4296,4307807,Estrela,RS,Sul,50.4,69.6,0,0.3948,19.2
4297,3529906,Miracatu,SP,Sudeste,65.52,49.39,1,0.3951,-16.13
4298,3201803,Divino de São Lourenço,ES,Sudeste,82.15,51.59,1,0.3953,-30.56
4299,3205150,Vila Pavão,ES,Sudeste,61.4,75.41,0,0.3953,14.01
4300,3516804,Gastão Vidigal,SP,Sudeste,54.3,57.58,0,0.3957,3.28
4301,3534104,Oriente,SP,Sudeste,39.53,62.91,0,0.396,23.38
4302,3529807,Mineiros do Tietê,SP,Sudeste,68.18,51.31,1,0.3961,-16.87
4303,4118451,Pato Bragado,PR,Sul,90.41,80.0,1,0.3961,-10.41
4304,5211701,Jandaia,GO,Centro-Oeste,80.25,77.61,1,0.3962,-2.64
4305,2209906,São João da Serra,PI,Nordeste,93.97,54.3,1,0.3964,-39.67
4306,4306056,Cristal,RS,Sul,61.2,68.53,0,0.3967,7.33
4307,4101853,Ariranha do Ivaí,PR,Sul,69.82,76.27,0,0.3968,6.45
4308,3509957,Canas,SP,Sudeste,48.15,57.95,0,0.397,9.8
4309,3514502,Duartina,SP,Sudeste,77.0,80.0,0,0.3971,3.0
4310,5221080,Teresina de Goiás,GO,Centro-Oeste,62.3,60.67,1,0.3977,-1.63
4311,3135001,Jaguaraçu,MG,Sudeste,84.51,65.26,1,0.3979,-19.25
4312,3500550,Águas de Santa Bárbara,SP,Sudeste,48.99,54.97,0,0.3982,5.98
4313,2209609,São Félix do Piauí,PI,Nordeste,64.29,42.27,1,0.3982,-22.02
4314,5212907,Marzagão,GO,Centro-Oeste,83.33,80.0,1,0.3982,-3.33
4315,3547908,Santo Antônio da Alegria,SP,Sudeste,67.18,54.65,1,0.3986,-12.53
4316,2202026,Buriti dos Montes,PI,Nordeste,98.33,80.0,1,0.3986,-18.33
4317,3546256,Santa Cruz da Esperança,SP,Sudeste,42.56,51.45,0,0.3992,8.89
4318,4322707,Vera Cruz,RS,Sul,44.5,68.66,0,0.3992,24.16
4319,4319406,São Pedro do Sul,RS,Sul,57.4,77.57,0,0.3993,20.17
4320,4306908,Encruzilhada do Sul,RS,Sul,50.5,66.52,0,0.3994,16.02
4321,4107546,Espigão Alto do Iguaçu,PR,Sul,81.78,73.21,1,0.3994,-8.57
4322,4313904,Panambi,RS,Sul,55.1,76.0,0,0.3996,20.9
4323,4311007,Jaguarão,RS,Sul,47.3,53.41,0,0.3999,6.11
4324,3556958,Vitória Brasil,SP,Sudeste,100.0,68.83,1,0.3999,-31.17
4325,3526506,Lavínia,SP,Sudeste,59.08,64.99,0,0.4008,5.91
4326,3507407,Borborema,SP,Sudeste,85.16,80.0,1,0.4009,-5.16
4327,5206503,Cromínia,GO,Centro-Oeste,72.38,59.88,1,0.4009,-12.5
4328,3530904,Mombuca,SP,Sudeste,74.25,59.84,1,0.4013,-14.41
4329,4313508,Osório,RS,Sul,42.3,69.76,0,0.4014,27.46
4330,3166956,Serranópolis de Minas,MG,Sudeste,95.99,80.0,1,0.4015,-15.99
4331,4114708,Maria Helena,PR,Sul,49.96,67.2,0,0.4016,17.24
4332,3554904,Três Fronteiras,SP,Sudeste,69.58,80.0,0,0.4018,10.42
4333,4116059,Missal,PR,Sul,83.28,80.0,1,0.4018,-3.28
4334,4123824,Santa Lúcia,PR,Sul,85.71,79.57,1,0.402,-6.14
4335,3144672,Nova Belém,MG,Sudeste,48.0,54.93,0,0.402,6.93
4336,3548203,Santo Antônio do Pinhal,SP,Sudeste,73.68,48.8,1,0.4022,-24.88
4337,5215900,Palminópolis,GO,Centro-Oeste,82.81,80.0,1,0.4024,-2.81
4338,4316006,Rolante,RS,Sul,66.5,80.0,0,0.4027,13.5
4339,5203401,Bom Jardim de Goiás,GO,Centro-Oeste,73.26,79.26,0,0.403,6.0
4340,3142254,Miravânia,MG,Sudeste,38.92,46.9,0,0.4031,7.98
4341,3162658,São João do Pacuí,MG,Sudeste,86.4,75.08,1,0.4031,-11.32
4342,3538501,Piquete,SP,Sudeste,69.56,67.86,1,0.4033,-1.7
4343,4304705,Carazinho,RS,Sul,46.5,66.52,0,0.4034,20.02
4344,4117255,Nova Prata do Iguaçu,PR,Sul,72.83,80.0,0,0.4035,7.17
4345,4113601,Lobato,PR,Sul,54.92,64.86,0,0.4036,9.94
4346,3548302,Santo Expedito,SP,Sudeste,100.0,80.0,1,0.4037,-20.0
4347,4104600,Capitão Leônidas Marques,PR,Sul,78.04,74.06,1,0.4038,-3.98
4348,4205431,Formosa do Sul,SC,Sul,76.76,67.78,1,0.4039,-8.98
4349,3516002,Flórida Paulista,SP,Sudeste,54.56,80.0,0,0.4042,25.44
4350,4314050,Parobé,RS,Sul,38.0,61.51,0,0.4043,23.51
4351,2210375,São Luis do Piauí,PI,Nordeste,61.11,62.07,0,0.4043,0.96
4352,3127339,Gameleiras,MG,Sudeste,65.52,47.75,1,0.4044,-17.77
4353,3202009,Dores do Rio Preto,ES,Sudeste,81.34,80.0,1,0.4045,-1.34
4354,4112504,Jardim Alegre,PR,Sul,77.74,64.31,1,0.4047,-13.43
4355,4317400,Santiago,RS,Sul,60.2,73.95,0,0.4048,13.75
4356,3531605,Monte Castelo,SP,Sudeste,94.29,68.66,1,0.405,-25.63
4357,4218855,União do Oeste,SC,Sul,65.0,69.44,0,0.4054,4.44
4358,4102604,Barracão,PR,Sul,73.99,73.73,1,0.4056,-0.26
4359,4318457,São José das Missões,RS,Sul,60.4,78.67,0,0.4059,18.27
4360,3542909,Ribeirão Bonito,SP,Sudeste,53.4,79.35,0,0.4061,25.95
4361,3110400,Camacho,MG,Sudeste,86.64,80.0,1,0.407,-6.64
4362,3506409,Bilac,SP,Sudeste,74.74,63.3,1,0.4071,-11.44
4363,4113809,Lupionópolis,PR,Sul,77.71,80.0,0,0.4071,2.29
4364,4115408,Marmeleiro,PR,Sul,85.08,78.57,1,0.4078,-6.51
4365,3507308,Boracéia,SP,Sudeste,66.62,72.55,0,0.4083,5.93
4366,2205540,Lagoinha do Piauí,PI,Nordeste,87.79,80.0,1,0.4085,-7.79
4367,4320800,Soledade,RS,Sul,63.1,68.48,0,0.4087,5.38
4368,3543253,Ribeirão Grande,SP,Sudeste,60.84,66.37,0,0.4087,5.53
4369,2201804,Bocaina,PI,Nordeste,55.0,80.0,0,0.4091,25.0
4370,4116000,Miraselva,PR,Sul,51.38,77.49,0,0.4091,26.11
4371,4121406,Realeza,PR,Sul,79.84,80.0,0,0.4094,0.16
4372,3542008,Quintana,SP,Sudeste,64.71,56.38,1,0.4098,-8.33
4373,4302709,Butiá,RS,Sul,45.1,55.99,0,0.4098,10.89
4374,4217758,Sul Brasil,SC,Sul,73.21,76.76,0,0.4099,3.55
4375,3528106,Macaubal,SP,Sudeste,96.3,80.0,1,0.4101,-16.3
4376,4308904,Getúlio Vargas,RS,Sul,59.2,74.54,0,0.4101,15.34
4377,4106001,Congonhinhas,PR,Sul,41.19,70.6,0,0.4101,29.41
4378,3517802,Guaraçaí,SP,Sudeste,60.72,58.6,1,0.4105,-2.12
4379,4101150,Ângulo,PR,Sul,86.15,80.0,1,0.4105,-6.15
4380,3509809,Campos Novos Paulista,SP,Sudeste,86.59,39.06,1,0.4107,-47.53
4381,4312500,Mostardas,RS,Sul,40.3,56.1,0,0.4107,15.8
4382,5214879,Nova Iguaçu de Goiás,GO,Centro-Oeste,95.12,80.0,1,0.4111,-15.12
4383,3532603,Nhandeara,SP,Sudeste,70.29,68.69,1,0.4112,-1.6
4384,4106704,Cruzeiro do Sul,PR,Sul,71.42,72.78,0,0.4112,1.36
4385,3512605,Coronel Macedo,SP,Sudeste,38.69,51.76,0,0.4116,13.07
4386,5207535,Faina,GO,Centro-Oeste,70.81,74.61,0,0.4116,3.8
4387,5106703,Ponte Branca,MT,Centro-Oeste,96.88,77.25,1,0.412,-19.63
4388,4117222,Nova Santa Rosa,PR,Sul,72.16,78.12,0,0.412,5.96
4389,2205607,Landri Sales,PI,Nordeste,100.0,80.0,1,0.4121,-20.0
4390,3170479,Uruana de Minas,MG,Sudeste,80.0,58.52,1,0.4124,-21.48
4391,3504800,Bálsamo,SP,Sudeste,83.51,80.0,1,0.4126,-3.51
4392,4321204,Taquara,RS,Sul,45.0,66.57,0,0.4128,21.57
4393,4210852,Mirim Doce,SC,Sul,74.06,45.55,1,0.4128,-28.51
4394,3553856,Taquarivaí,SP,Sudeste,47.19,65.02,0,0.4129,17.83
4395,2200251,Alagoinha do Piauí,PI,Nordeste,74.63,50.17,1,0.413,-24.46
4396,3528809,Maracaí,SP,Sudeste,91.17,80.0,1,0.4135,-11.17
4397,4120200,Porto Rico,PR,Sul,71.94,63.64,1,0.4137,-8.3
4398,4120309,Porto Vitória,PR,Sul,75.0,80.0,0,0.4141,5.0
4399,2202133,Campo Grande do Piauí,PI,Nordeste,95.8,80.0,1,0.4141,-15.8
4400,4202156,Belmonte,SC,Sul,80.41,74.01,1,0.4144,-6.4
4401,3160009,Santo Antônio do Aventureiro,MG,Sudeste,45.65,80.0,0,0.4149,34.35
4402,4321907,Três Passos,RS,Sul,56.9,80.0,0,0.4151,23.1
4403,3125200,Fama,MG,Sudeste,86.96,73.24,1,0.4154,-13.72
4404,3529609,Meridiano,SP,Sudeste,67.31,69.33,0,0.4155,2.02
4405,4125001,São João do Ivaí,PR,Sul,73.17,64.52,1,0.4158,-8.65
4406,4102505,Barbosa Ferraz,PR,Sul,77.65,80.0,0,0.416,2.35
4407,3532900,Nova Europa,SP,Sudeste,68.76,55.45,1,0.4164,-13.31
4408,4309100,Gramado,RS,Sul,57.5,79.21,0,0.4164,21.71
4409,4308300,Fontoura Xavier,RS,Sul,65.9,65.01,1,0.417,-0.89
4410,3111150,Campo Azul,MG,Sudeste,73.26,80.0,0,0.4172,6.74
4411,3532504,Neves Paulista,SP,Sudeste,74.47,80.0,0,0.4173,5.53
4412,4105409,Chopinzinho,PR,Sul,70.85,80.0,0,0.4174,9.15
4413,4309605,Horizontina,RS,Sul,57.2,72.61,0,0.4174,15.41
4414,3516903,General Salgado,SP,Sudeste,67.35,63.97,1,0.4175,-3.38
4415,4321451,Teutônia,RS,Sul,63.0,80.0,0,0.4175,17.0
4416,3122801,Dom Viçoso,MG,Sudeste,84.85,80.0,1,0.4175,-4.85
4417,2204600,Hugo Napoleão,PI,Nordeste,81.47,80.0,1,0.4182,-1.47
4418,5219506,Santa Rosa de Goiás,GO,Centro-Oeste,100.0,80.0,1,0.4183,-20.0
4419,4311809,Marau,RS,Sul,46.2,68.78,0,0.4187,22.58
4420,4117800,Palmital,PR,Sul,69.5,75.15,0,0.4191,5.65
4421,4202578,Bom Jesus do Oeste,SC,Sul,95.99,74.35,1,0.4192,-21.64
4422,3517604,Guapiara,SP,Sudeste,60.31,69.06,0,0.4193,8.75
4423,4126702,Tamboara,PR,Sul,46.83,52.89,0,0.4196,6.06
4424,3519907,Iepê,SP,Sudeste,53.84,56.43,0,0.4198,2.59
4425,3555208,Turiúba,SP,Sudeste,93.33,80.0,1,0.4198,-13.33
4426,3514205,Dolcinópolis,SP,Sudeste,65.38,77.13,0,0.42,11.75
4427,4125209,São Jorge d'Oeste,PR,Sul,84.59,80.0,1,0.4201,-4.59
4428,3538303,Piquerobi,SP,Sudeste,45.2,60.19,0,0.4209,14.99
4429,4108205,Formosa do Oeste,PR,Sul,85.18,80.0,1,0.421,-5.18
4430,3536000,Parapuã,SP,Sudeste,73.38,76.25,0,0.4216,2.87
4431,3504206,Auriflama,SP,Sudeste,77.87,70.43,1,0.4219,-7.44
4432,4308201,Flores da Cunha,RS,Sul,59.4,79.15,0,0.422,19.75
4433,3515608,Fernando Prestes,SP,Sudeste,85.99,80.0,1,0.422,-5.99
4434,3529500,Mendonça,SP,Sudeste,77.56,71.55,1,0.4223,-6.01
4435,3115474,Catuti,MG,Sudeste,75.75,64.35,1,0.4223,-11.4
4436,4311718,Maçambará,RS,Sul,49.9,69.08,0,0.4224,19.18
4437,4314704,Planalto,RS,Sul,56.3,73.65,0,0.4225,17.35
4438,3554409,Terra Roxa,SP,Sudeste,74.29,69.28,1,0.4229,-5.01
4439,3544905,Sales Oliveira,SP,Sudeste,50.04,62.03,0,0.4233,11.99
4440,3540259,Pontalinda,SP,Sudeste,51.66,50.33,1,0.4235,-1.33
4441,3552551,Suzanápolis,SP,Sudeste,90.85,80.0,1,0.4235,-10.85
4442,4303905,Campo Bom,RS,Sul,45.9,77.73,0,0.4236,31.83
4443,5205208,Caturaí,GO,Centro-Oeste,87.17,70.26,1,0.4237,-16.91
4444,4126900,Tapira,PR,Sul,77.42,80.0,0,0.424,2.58
4445,4322327,Turuçu,RS,Sul,61.7,80.0,0,0.4244,18.3
4446,3162302,São João da Mata,MG,Sudeste,72.0,78.4,0,0.4245,6.4
4447,4314605,Piratini,RS,Sul,54.5,63.34,0,0.4247,8.84
4448,4316451,Salto do Jacuí,RS,Sul,58.1,80.0,0,0.4249,21.9
4449,4306502,Dom Feliciano,RS,Sul,43.7,63.01,0,0.4249,19.31
4450,3521507,Irapuã,SP,Sudeste,76.62,71.24,1,0.4251,-5.38
4451,5211602,Ivolândia,GO,Centro-Oeste,73.91,80.0,0,0.4251,6.09
4452,4120705,Quatiguá,PR,Sul,90.26,80.0,1,0.4252,-10.26
4453,3527900,Lutécia,SP,Sudeste,78.67,72.92,1,0.4254,-5.75
4454,4310108,Igrejinha,RS,Sul,47.7,80.0,0,0.4255,32.3
4455,4117404,Ourizona,PR,Sul,57.5,80.0,0,0.4255,22.5
4456,3546504,Santa Ernestina,SP,Sudeste,92.26,80.0,1,0.4256,-12.26
4457,4100707,Alto Piquiri,PR,Sul,64.66,75.54,0,0.426,10.88
4458,4214300,Rancho Queimado,SC,Sul,80.8,73.86,1,0.426,-6.94
4459,3542503,Reginópolis,SP,Sudeste,84.53,80.0,1,0.4265,-4.53
4460,5203575,Bonópolis,GO,Centro-Oeste,61.76,54.0,1,0.4267,-7.76
4461,4119707,Planaltina do Paraná,PR,Sul,80.42,79.82,1,0.427,-0.6
4462,3503703,Ariranha,SP,Sudeste,87.22,66.43,1,0.4271,-20.79
4463,2206308,Miguel Leão,PI,Nordeste,84.62,52.65,1,0.4272,-31.97
4464,4125753,São Pedro do Iguaçu,PR,Sul,80.66,75.54,1,0.4273,-5.12
4465,4125555,São Manoel do Paraná,PR,Sul,73.08,80.0,0,0.4274,6.92
4466,3544707,Sagres,SP,Sudeste,91.33,71.82,1,0.4274,-19.51
4467,4103305,Borrazópolis,PR,Sul,75.03,80.0,0,0.4276,4.97
4468,4215554,Santa Helena,SC,Sul,66.67,78.58,0,0.428,11.91
4469,3540853,Pracinha,SP,Sudeste,80.0,80.0,1,0.4281,0.0
4470,4309902,Ibiraiaras,RS,Sul,49.1,78.69,0,0.4282,29.59
4471,5221007,Taquaral de Goiás,GO,Centro-Oeste,75.0,71.25,1,0.4285,-3.75
4472,4313706,Palmeira das Missões,RS,Sul,51.9,53.85,0,0.4285,1.95
4473,4100202,Adrianópolis,PR,Sul,60.95,63.38,0,0.4293,2.43
4474,5200175,Água Fria de Goiás,GO,Centro-Oeste,87.44,59.82,1,0.4296,-27.62
4475,4319158,São Miguel das Missões,RS,Sul,50.7,76.86,0,0.4296,26.16
4476,3501806,Américo de Campos,SP,Sudeste,78.38,63.29,1,0.4299,-15.09
4477,5210604,Itaguaru,GO,Centro-Oeste,89.89,80.0,1,0.4299,-9.89
4478,4321709,Três Coroas,RS,Sul,42.2,59.55,0,0.43,17.35
4479,3544608,Sabino,SP,Sudeste,46.98,58.64,0,0.4306,11.66
4480,4308409,Formigueiro,RS,Sul,56.9,80.0,0,0.4308,23.1
4481,5205455,Cezarina,GO,Centro-Oeste,69.63,47.38,1,0.4311,-22.25
4482,3542305,Redenção da Serra,SP,Sudeste,84.33,80.0,1,0.4312,-4.33
4483,4106100,Conselheiro Mairinck,PR,Sul,69.16,56.22,1,0.4313,-12.94
4484,4319000,São Marcos,RS,Sul,44.4,80.0,0,0.4316,35.6
4485,3118502,Consolação,MG,Sudeste,38.89,65.38,0,0.4319,26.49
4486,4314506,Pinheiro Machado,RS,Sul,45.7,69.19,0,0.4322,23.49
4487,4121307,Rancho Alegre,PR,Sul,86.02,77.46,1,0.4327,-8.56
4488,4209458,Lajeado Grande,SC,Sul,66.07,78.78,0,0.4331,12.71
4489,3529658,Mesópolis,SP,Sudeste,56.25,41.56,1,0.4335,-14.69
4490,4103206,Bom Sucesso,PR,Sul,72.9,57.91,1,0.4335,-14.99
4491,4317707,Santo Antônio das Missões,RS,Sul,54.4,74.48,0,0.4336,20.08
4492,3525805,Júlio Mesquita,SP,Sudeste,55.26,68.91,0,0.434,13.65
4493,4125308,São Jorge do Ivaí,PR,Sul,70.73,80.0,0,0.4343,9.27
4494,2205516,Juazeiro do Piauí,PI,Nordeste,71.43,70.51,1,0.4351,-0.92
4495,4115358,Maripá,PR,Sul,76.69,80.0,0,0.4353,3.31
4496,4204194,Chapadão do Lageado,SC,Sul,65.91,57.0,1,0.4356,-8.91
4497,3103801,Arapuá,MG,Sudeste,92.02,80.0,1,0.4356,-12.02
4498,5220058,São João da Paraúna,GO,Centro-Oeste,87.5,80.0,1,0.4357,-7.5
4499,5200902,Amorinópolis,GO,Centro-Oeste,80.65,72.21,1,0.4357,-8.44
4500,3532702,Nipoã,SP,Sudeste,80.24,80.0,1,0.4359,-0.24
4501,4304200,Candelária,RS,Sul,53.0,76.07,0,0.4361,23.07
4502,5219605,Santa Tereza de Goiás,GO,Centro-Oeste,91.67,80.0,1,0.4362,-11.67
4503,3522802,Itaporanga,SP,Sudeste,70.1,43.0,1,0.4366,-27.1
4504,3509106,Caiuá,SP,Sudeste,81.48,58.9,1,0.4366,-22.58
4505,5215652,Palestina de Goiás,GO,Centro-Oeste,74.42,79.61,0,0.4369,5.19
4506,4122651,Rosário do Ivaí,PR,Sul,77.0,71.09,1,0.4374,-5.91
4507,3521200,Iporanga,SP,Sudeste,65.63,56.89,1,0.4375,-8.74
4508,4200556,Águas Frias,SC,Sul,88.24,48.72,1,0.4376,-39.52
4509,4103057,Boa Vista da Aparecida,PR,Sul,53.35,73.58,0,0.4377,20.23
4510,2209658,São Francisco de Assis do Piauí,PI,Nordeste,36.86,40.51,0,0.4377,3.65
4511,3534203,Orindiúva,SP,Sudeste,48.15,49.39,0,0.4383,1.24
4512,4112207,Janiópolis,PR,Sul,77.3,80.0,0,0.4386,2.7
4513,3545704,Santa Albertina,SP,Sudeste,58.21,67.95,0,0.4386,9.74
4514,4128708,Vitorino,PR,Sul,70.19,72.74,0,0.439,2.55
4515,4322806,Veranópolis,RS,Sul,57.0,77.57,0,0.439,20.57
4516,5203939,Buriti de Goiás,GO,Centro-Oeste,96.46,80.0,1,0.4391,-16.46
4517,2202729,Cocal dos Alves,PI,Nordeste,87.68,80.0,1,0.4391,-7.68
4518,4207601,Ipira,SC,Sul,84.43,80.0,1,0.4392,-4.43
4519,4308508,Frederico Westphalen,RS,Sul,64.1,65.99,0,0.4392,1.89
4520,5213772,Montividiu do Norte,GO,Centro-Oeste,65.74,62.79,1,0.4392,-2.95
4521,5210158,Ipiranga de Goiás,GO,Centro-Oeste,96.55,80.0,1,0.4393,-16.55
4522,5201603,Araçu,GO,Centro-Oeste,93.21,77.68,1,0.44,-15.53
4523,4117297,Novo Itacolomi,PR,Sul,97.3,80.0,1,0.4401,-17.3
4524,4317608,Santo Antônio da Patrulha,RS,Sul,58.8,77.72,0,0.4403,18.92
4525,3520707,Indiaporã,SP,Sudeste,78.96,69.58,1,0.4411,-9.38
4526,3529104,Marinópolis,SP,Sudeste,100.0,80.0,1,0.4412,-20.0
4527,4313086,Nova Pádua,RS,Sul,57.9,80.0,0,0.4413,22.1
4528,3534500,Oscar Bressane,SP,Sudeste,88.17,70.12,1,0.4416,-18.05
4529,3533700,Ocauçu,SP,Sudeste,90.38,80.0,1,0.4419,-10.38
4530,4301875,Barra do Quaraí,RS,Sul,26.6,64.15,0,0.4419,37.55
4531,4302303,Bom Jesus,RS,Sul,41.6,73.75,0,0.442,32.15
4532,4205357,Flor do Sertão,SC,Sul,58.33,80.0,0,0.4425,21.67
4533,4115853,Mercedes,PR,Sul,93.06,80.0,1,0.4432,-13.06
4534,4126272,Saudade do Iguaçu,PR,Sul,85.49,80.0,1,0.4433,-5.49
4535,3540101,Pongaí,SP,Sudeste,91.45,80.0,1,0.4438,-11.45
4536,3515194,Espírito Santo do Turvo,SP,Sudeste,56.14,62.12,0,0.4442,5.98
4537,4313201,Nova Petrópolis,RS,Sul,56.2,80.0,0,0.4447,23.8
4538,4306973,Erebango,RS,Sul,45.2,74.36,0,0.4447,29.16
4539,3521101,Ipeúna,SP,Sudeste,62.62,49.81,1,0.4455,-12.81
4540,4205605,Galvão,SC,Sul,70.47,80.0,0,0.4458,9.53
4541,3549201,São João das Duas Pontes,SP,Sudeste,80.0,80.0,1,0.4462,0.0
4542,5202353,Arenópolis,GO,Centro-Oeste,83.64,80.0,1,0.4478,-3.64
4543,3528205,Macedônia,SP,Sudeste,72.5,80.0,0,0.4482,7.5
4544,4113908,Mallet,PR,Sul,87.79,80.0,1,0.4488,-7.79
4545,3514700,Echaporã,SP,Sudeste,95.07,78.18,1,0.4489,-16.89
4546,4313490,Novo Barreiro,RS,Sul,36.8,65.03,0,0.4495,28.23
4547,4202875,Brunópolis,SC,Sul,74.41,68.83,1,0.4496,-5.58
4548,4305447,Chuvisca,RS,Sul,69.0,72.46,0,0.4496,3.46
4549,3539004,Pirangi,SP,Sudeste,75.61,80.0,0,0.4497,4.39
4550,3501103,Alto Alegre,SP,Sudeste,71.82,63.01,1,0.45,-8.81
4551,4112405,Japurá,PR,Sul,80.87,74.44,1,0.4506,-6.43
4552,3508207,Buritizal,SP,Sudeste,56.29,80.0,0,0.4507,23.71
4553,4320677,Sinimbu,RS,Sul,36.3,71.29,0,0.4509,34.99
4554,4113429,Lidianópolis,PR,Sul,83.47,80.0,1,0.451,-3.47
4555,3549250,São João de Iracema,SP,Sudeste,44.44,49.78,0,0.4511,5.34
4556,4313300,Nova Prata,RS,Sul,59.8,78.96,0,0.4514,19.16
4557,4321956,Trindade do Sul,RS,Sul,57.3,80.0,0,0.4516,22.7
4558,3549953,São Lourenço da Serra,SP,Sudeste,58.4,64.46,0,0.452,6.06
4559,4315008,Porto Lucena,RS,Sul,85.7,78.78,1,0.4523,-6.92
4560,4117206,Nova Olímpia,PR,Sul,91.63,79.33,1,0.4527,-12.3
4561,4111704,Jaboti,PR,Sul,73.86,80.0,0,0.4528,6.14
4562,4120333,Prado Ferreira,PR,Sul,73.85,77.14,0,0.4529,3.29
4563,3544400,Rubiácea,SP,Sudeste,82.14,57.81,1,0.453,-24.33
4564,4304804,Carlos Barbosa,RS,Sul,62.5,69.44,0,0.4535,6.94
4565,3512506,Coroados,SP,Sudeste,72.95,71.12,1,0.4535,-1.83
4566,5202601,Aurilândia,GO,Centro-Oeste,93.75,76.59,1,0.4536,-17.16
4567,4207759,Iraceminha,SC,Sul,70.07,63.74,1,0.4536,-6.33
4568,4120101,Porto Amazonas,PR,Sul,76.84,71.41,1,0.4537,-5.43
4569,3508306,Cabrália Paulista,SP,Sudeste,78.11,79.5,0,0.4538,1.39
4570,4310801,Ivoti,RS,Sul,56.9,77.79,0,0.454,20.89
4571,4115507,Marumbi,PR,Sul,75.85,61.37,1,0.454,-14.48
4572,4108700,Grandes Rios,PR,Sul,61.6,67.46,0,0.4544,5.86
4573,4111555,Ivaté,PR,Sul,77.24,80.0,0,0.4545,2.76
4574,3533254,Novais,SP,Sudeste,63.99,70.41,0,0.4546,6.42
4575,4103354,Braganey,PR,Sul,85.11,80.0,1,0.4547,-5.11
4576,4312658,Não-Me-Toque,RS,Sul,59.6,68.38,0,0.4547,8.78
4577,3555901,Uru,SP,Sudeste,100.0,80.0,1,0.455,-20.0
4578,3546900,Santa Lúcia,SP,Sudeste,70.68,68.96,1,0.4551,-1.72
4579,4306007,Crissiumal,RS,Sul,57.4,74.23,0,0.4552,16.83
4580,3535705,Paraíso,SP,Sudeste,87.14,77.31,1,0.4554,-9.83
4581,3168051,Taparuba,MG,Sudeste,80.0,49.89,1,0.4555,-30.11
4582,4316105,Ronda Alta,RS,Sul,52.8,76.01,0,0.4559,23.21
4583,3523305,Itariri,SP,Sudeste,64.57,64.65,0,0.4559,0.08
4584,4320107,Sarandi,RS,Sul,49.9,72.81,0,0.456,22.91
4585,4311908,Marcelino Ramos,RS,Sul,77.7,74.28,1,0.4562,-3.42
4586,4120655,Quarto Centenário,PR,Sul,61.75,79.9,0,0.4564,18.15
4587,3146602,Paiva,MG,Sudeste,92.86,80.0,1,0.4565,-12.86
4588,4117453,Ouro Verde do Oeste,PR,Sul,90.05,80.0,1,0.4565,-10.05
4589,3532207,Narandiba,SP,Sudeste,60.6,57.61,1,0.4569,-2.99
4590,3517307,Guaimbê,SP,Sudeste,83.39,80.0,1,0.457,-3.39
4591,4319125,São Martinho da Serra,RS,Sul,35.7,77.0,0,0.4573,41.3
4592,3543204,Ribeirão do Sul,SP,Sudeste,58.93,75.04,0,0.4573,16.11
4593,4306924,Engenho Velho,RS,Sul,41.2,77.38,0,0.4576,36.18
4594,3540408,Populina,SP,Sudeste,79.69,78.22,1,0.4578,-1.47
4595,4301057,Arroio do Sal,RS,Sul,46.5,69.49,0,0.458,22.99
4596,4305207,Cerro Largo,RS,Sul,49.2,75.82,0,0.4581,26.62
4597,3518008,Guarani d'Oeste,SP,Sudeste,57.14,80.0,0,0.4581,22.86
4598,3514304,Dourado,SP,Sudeste,71.85,72.84,0,0.4587,0.99
4599,3113107,Caranaíba,MG,Sudeste,83.33,71.59,1,0.4588,-11.74
4600,3527801,Lupércio,SP,Sudeste,60.96,59.68,1,0.4589,-1.28
4601,4313953,Pantano Grande,RS,Sul,29.0,73.69,0,0.4596,44.69
4602,4306205,Cruzeiro do Sul,RS,Sul,35.2,70.11,0,0.4604,34.91
4603,4319604,São Sepé,RS,Sul,51.9,80.0,0,0.4608,28.1
4604,4311759,Manoel Viana,RS,Sul,48.0,35.72,1,0.4609,-12.28
4605,3541059,Pratânia,SP,Sudeste,56.48,60.03,0,0.461,3.55
4606,3516606,Gália,SP,Sudeste,66.68,79.07,0,0.4611,12.39
4607,3545506,Sandovalina,SP,Sudeste,89.83,79.23,1,0.4619,-10.6
4608,4301073,Arroio do Padre,RS,Sul,18.2,80.0,0,0.462,61.8
4609,4113403,Leópolis,PR,Sul,89.7,80.0,1,0.4623,-9.7
4610,4111407,Ivaí,PR,Sul,82.65,80.0,1,0.4632,-2.65
4611,5219209,Santa Cruz de Goiás,GO,Centro-Oeste,85.78,73.75,1,0.4633,-12.03
4612,4317004,Santana da Boa Vista,RS,Sul,33.9,53.93,0,0.4636,20.03
4613,4112306,Japira,PR,Sul,64.46,76.34,0,0.4638,11.88
4614,3557154,Zacarias,SP,Sudeste,80.0,44.78,1,0.4641,-35.22
4615,4107850,Flor da Serra do Sul,PR,Sul,85.55,80.0,1,0.4644,-5.55
4616,3160504,Santo Antônio do Rio Abaixo,MG,Sudeste,91.67,63.31,1,0.4644,-28.36
4617,3526308,Lagoinha,SP,Sudeste,65.02,53.85,1,0.4646,-11.17
4618,4316758,Santa Clara do Sul,RS,Sul,47.3,80.0,0,0.4647,32.7
4619,4215695,Santiago do Sul,SC,Sul,81.82,74.66,1,0.4647,-7.16
4620,4103040,Boa Ventura de São Roque,PR,Sul,60.49,75.58,0,0.4647,15.09
4621,3503406,Arealva,SP,Sudeste,79.38,73.77,1,0.4648,-5.61
4622,3523008,Itapura,SP,Sudeste,79.05,54.6,1,0.465,-24.45
4623,4321436,Terra de Areia,RS,Sul,56.6,69.02,0,0.4654,12.42
4624,4107702,Fênix,PR,Sul,61.86,67.58,0,0.4655,5.72
4625,4120408,Presidente Castelo Branco,PR,Sul,62.98,76.81,0,0.4658,13.83
4626,4128401,Uraí,PR,Sul,66.07,77.07,0,0.4664,11.0
4627,4121604,Renascença,PR,Sul,82.55,72.28,1,0.4665,-10.27
4628,3556602,Vera Cruz,SP,Sudeste,50.96,65.56,0,0.4666,14.6
4629,3518909,Guzolândia,SP,Sudeste,79.92,80.0,0,0.4668,0.08
4630,4126355,Serranópolis do Iguaçu,PR,Sul,82.66,80.0,1,0.4675,-2.66
4631,4202099,Barra Bonita,SC,Sul,66.67,54.93,1,0.4677,-11.74
4632,3500758,Alambari,SP,Sudeste,61.45,72.91,0,0.4679,11.46
4633,4300802,Antônio Prado,RS,Sul,55.9,68.22,0,0.4679,12.32
4634,3505005,Barão de Antonina,SP,Sudeste,64.23,67.91,0,0.4681,3.68
4635,5214903,Nova Roma,GO,Centro-Oeste,71.43,64.38,1,0.4682,-7.05
4636,3551207,Sarutaiá,SP,Sudeste,79.97,79.11,1,0.4683,-0.86
4637,3500907,Altair,SP,Sudeste,62.85,59.85,1,0.4684,-3.0
4638,4128633,Doutor Ulysses,PR,Sul,69.45,76.87,0,0.4685,7.42
4639,3520608,Indiana,SP,Sudeste,70.59,80.0,0,0.4693,9.41
4640,5207600,Fazenda Nova,GO,Centro-Oeste,100.0,80.0,1,0.4693,-20.0
4641,3502606,Aparecida d'Oeste,SP,Sudeste,86.16,69.19,1,0.4703,-16.97
4642,4111605,Ivatuba,PR,Sul,86.72,78.99,1,0.4705,-7.73
4643,3165560,Sem-Peixe,MG,Sudeste,84.62,77.0,1,0.4708,-7.62
4644,3528858,Marapoama,SP,Sudeste,100.0,80.0,1,0.4712,-20.0
4645,4118709,Paulo Frontin,PR,Sul,84.51,80.0,1,0.4714,-4.51
4646,3535200,Palmeira d'Oeste,SP,Sudeste,83.91,69.6,1,0.4714,-14.31
4647,4118600,Paula Freitas,PR,Sul,74.56,77.91,0,0.4717,3.35
4648,3168200,Tapiraí,MG,Sudeste,100.0,77.0,1,0.472,-23.0
4649,3202900,Itarana,ES,Sudeste,82.15,78.33,1,0.472,-3.82
4650,3532306,Natividade da Serra,SP,Sudeste,57.89,46.55,1,0.4723,-11.34
4651,5220702,Sítio d'Abadia,GO,Centro-Oeste,79.41,61.35,1,0.4724,-18.06
4652,4113452,Lindoeste,PR,Sul,72.9,80.0,0,0.4732,7.1
4653,3552304,Sud Mennucci,SP,Sudeste,57.15,56.44,1,0.4738,-0.71
4654,4312302,Miraguaí,RS,Sul,46.8,79.13,0,0.4739,32.33
4655,4311304,Lagoa Vermelha,RS,Sul,52.3,64.16,0,0.4742,11.86
4656,4311502,Lavras do Sul,RS,Sul,45.7,61.56,0,0.4744,15.86
4657,4127957,Tupãssi,PR,Sul,79.06,72.18,1,0.4748,-6.88
4658,3512704,Corumbataí,SP,Sudeste,84.16,49.46,1,0.4754,-34.7
4659,4311106,Jaguari,RS,Sul,61.3,67.37,0,0.4754,6.07
4660,4305702,Condor,RS,Sul,61.9,80.0,0,0.4758,18.1
4661,4301503,Augusto Pestana,RS,Sul,46.0,80.0,0,0.4758,34.0
4662,3543238,Ribeirão dos Índios,SP,Sudeste,91.67,72.08,1,0.4759,-19.59
4663,5204201,Cachoeira de Goiás,GO,Centro-Oeste,64.29,67.45,0,0.4762,3.16
4664,4320230,Sede Nova,RS,Sul,36.1,80.0,0,0.4763,43.9
4665,3525607,João Ramalho,SP,Sudeste,65.42,80.0,0,0.4769,14.58
4666,5212600,Mairipotaba,GO,Centro-Oeste,71.43,80.0,0,0.477,8.57
4667,4108957,Guamiranga,PR,Sul,71.55,79.6,0,0.4771,8.05
4668,4315107,Porto Xavier,RS,Sul,56.9,73.05,0,0.4772,16.15
4669,4320909,Tapejara,RS,Sul,47.3,71.34,0,0.4774,24.04
4670,3553203,Taiúva,SP,Sudeste,57.37,70.03,0,0.4781,12.66
4671,4116604,Nova América da Colina,PR,Sul,78.8,65.42,1,0.4782,-13.38
4672,3507159,Bom Sucesso de Itararé,SP,Sudeste,55.46,60.25,0,0.4788,4.79
4673,3544509,Rubinéia,SP,Sudeste,75.0,63.75,1,0.4792,-11.25
4674,4101051,Anahy,PR,Sul,69.97,65.3,1,0.4793,-4.67
4675,4103479,Cafezal do Sul,PR,Sul,64.76,59.73,1,0.4794,-5.03
4676,5219712,Santo Antônio da Barra,GO,Centro-Oeste,91.64,80.0,1,0.4796,-11.64
4677,4312906,Nova Bassano,RS,Sul,61.1,78.22,0,0.4808,17.12
4678,4309001,Giruá,RS,Sul,52.3,76.85,0,0.481,24.55
4679,4106456,Coronel Domingos Soares,PR,Sul,62.47,78.53,0,0.4812,16.06
4680,4321303,Taquari,RS,Sul,25.6,54.6,0,0.4813,29.0
4681,4313391,Novo Cabrais,RS,Sul,77.0,80.0,0,0.4814,3.0
4682,4104055,Campo Bonito,PR,Sul,78.31,73.98,1,0.4815,-4.33
4683,4103958,Campina do Simão,PR,Sul,84.25,80.0,1,0.4817,-4.25
4684,3539707,Platina,SP,Sudeste,84.61,72.78,1,0.4818,-11.83
4685,3549300,São João do Pau d'Alho,SP,Sudeste,100.0,80.0,1,0.4818,-20.0
4686,4126009,São Sebastião da Amoreira,PR,Sul,87.77,80.0,1,0.4823,-7.77
4687,3507753,Brejo Alegre,SP,Sudeste,100.0,80.0,1,0.4826,-20.0
4688,3514957,Embaúba,SP,Sudeste,73.08,80.0,0,0.4827,6.92
4689,4321808,Três de Maio,RS,Sul,52.1,79.17,0,0.4828,27.07
4690,4317806,Santo Augusto,RS,Sul,65.1,78.05,0,0.4829,12.95
4691,2200277,Alegrete do Piauí,PI,Nordeste,55.26,58.22,0,0.4837,2.96
4692,4300851,Arambaré,RS,Sul,55.0,61.27,0,0.484,6.27
4693,3510104,Cândido Rodrigues,SP,Sudeste,92.31,71.23,1,0.4842,-21.08
4694,4103008,Boa Esperança,PR,Sul,92.95,80.0,1,0.4844,-12.95
4695,5212006,Jaupaci,GO,Centro-Oeste,100.0,80.0,1,0.4857,-20.0
4696,4301008,Arroio do Meio,RS,Sul,63.6,80.0,0,0.4858,16.4
4697,4102208,Atalaia,PR,Sul,88.32,80.0,1,0.4861,-8.32
4698,2207108,Olho D'Água do Piauí,PI,Nordeste,85.71,65.38,1,0.4862,-20.33
4699,3533304,Nova Luzitânia,SP,Sudeste,73.33,78.23,0,0.4881,4.9
4700,4303806,Campinas do Sul,RS,Sul,64.6,80.0,0,0.4882,15.4
4701,4317905,Santo Cristo,RS,Sul,59.8,76.62,0,0.4883,16.82
4702,4119251,Pinhal de São Bento,PR,Sul,97.14,80.0,1,0.4884,-17.14
4703,4103404,Cafeara,PR,Sul,63.42,80.0,0,0.4887,16.58
4704,3536570,Paulistânia,SP,Sudeste,73.68,44.71,1,0.4892,-28.97
4705,2303709,Caucaia,CE,Nordeste,68.34,69.14,0,0.4894,0.8
4706,4311122,Jaquirana,RS,Sul,36.4,70.35,0,0.4896,33.95
4707,2201572,Belém do Piauí,PI,Nordeste,100.0,80.0,1,0.4898,-20.0
4708,4305900,Coronel Bicaco,RS,Sul,43.4,79.32,0,0.4901,35.92
4709,4308003,Faxinal do Soturno,RS,Sul,82.1,79.26,1,0.4904,-2.84
4710,3501400,Álvaro de Carvalho,SP,Sudeste,58.33,58.95,0,0.4907,0.62
4711,4302352,Bom Princípio,RS,Sul,50.7,74.68,0,0.4907,23.98
4712,4107405,Enéas Marques,PR,Sul,85.24,80.0,1,0.4914,-5.24
4713,4314035,Pareci Novo,RS,Sul,54.0,74.1,0,0.4916,20.1
4714,4119806,Planalto,PR,Sul,78.93,80.0,0,0.492,1.07
4715,4315909,Rodeio Bonito,RS,Sul,54.2,80.0,0,0.492,25.8
4716,4300646,Ametista do Sul,RS,Sul,72.9,54.07,1,0.4923,-18.83
4717,4319802,São Vicente do Sul,RS,Sul,46.3,77.73,0,0.4925,31.43
4718,4319372,São Pedro do Butiá,RS,Sul,64.0,80.0,0,0.4929,16.0
4719,4122909,Salto do Itararé,PR,Sul,73.64,67.05,1,0.493,-6.59
4720,4316600,Sananduva,RS,Sul,53.3,75.28,0,0.4933,21.98
4721,4312450,Morro Redondo,RS,Sul,49.5,74.06,0,0.4934,24.56
4722,3506201,Bento de Abreu,SP,Sudeste,84.11,80.0,1,0.4936,-4.11
4723,4307500,Espumoso,RS,Sul,50.3,80.0,0,0.4941,29.7
4724,4103370,Brasilândia do Sul,PR,Sul,77.7,75.19,1,0.4946,-2.51
4725,4321402,Tenente Portela,RS,Sul,62.2,69.61,0,0.495,7.41
4726,4314753,Poço das Antas,RS,Sul,66.3,80.0,0,0.4952,13.7
4727,4112603,Jardim Olinda,PR,Sul,92.31,54.93,1,0.4954,-37.38
4728,4107108,Diamante do Norte,PR,Sul,78.26,74.08,1,0.4954,-4.18
4729,4309555,Harmonia,RS,Sul,67.5,80.0,0,0.4955,12.5
4730,2207934,Pedro Laurentino,PI,Nordeste,47.35,44.28,1,0.496,-3.07
4731,3515657,Fernão,SP,Sudeste,44.0,80.0,0,0.4963,36.0
4732,4310405,Independência,RS,Sul,57.7,68.77,0,0.4976,11.07
4733,4119202,Pinhalão,PR,Sul,76.88,74.89,1,0.4982,-1.99
4734,4319109,São Martinho,RS,Sul,64.5,80.0,0,0.4991,15.5
4735,4302006,Barros Cassal,RS,Sul,61.5,55.82,1,0.4991,-5.68
4736,4116406,Nossa Senhora das Graças,PR,Sul,94.81,79.27,1,0.4992,-15.54
4737,4322301,Tuparendi,RS,Sul,53.0,80.0,0,0.4995,27.0
4738,4109203,Guaraci,PR,Sul,72.67,73.88,0,0.5005,1.21
4739,3535903,Paranapuã,SP,Sudeste,82.89,39.38,1,0.5006,-43.51
4740,4311700,Machadinho,RS,Sul,64.3,69.73,0,0.5007,5.43
4741,4115457,Marquinho,PR,Sul,82.18,74.92,1,0.5008,-7.26
4742,4126652,Sulina,PR,Sul,74.93,66.92,1,0.501,-8.01
4743,4110904,Itaguajé,PR,Sul,76.11,62.76,1,0.5014,-13.35
4744,4301958,Barra Funda,RS,Sul,52.2,70.55,0,0.5014,18.35
4745,3514924,Elisiário,SP,Sudeste,85.34,73.56,1,0.5016,-11.78
4746,4313060,Nova Hartz,RS,Sul,45.1,73.32,0,0.5017,28.22
4747,3513306,Cruzália,SP,Sudeste,47.06,80.0,0,0.5017,32.94
4748,3508900,Caiabu,SP,Sudeste,65.71,50.17,1,0.5024,-15.54
4749,5213855,Morro Agudo de Goiás,GO,Centro-Oeste,96.88,80.0,1,0.5026,-16.88
4750,3533205,Nova Independência,SP,Sudeste,88.79,54.76,1,0.5026,-34.03
4751,4215604,Santa Rosa de Lima,SC,Sul,86.49,80.0,1,0.5034,-6.49
4752,4322541,Vale Real,RS,Sul,40.0,76.86,0,0.5037,36.86
4753,3144201,Nacip Raydan,MG,Sudeste,62.86,62.21,1,0.5039,-0.65
4754,2307304,Juazeiro do Norte,CE,Nordeste,59.48,63.78,0,0.5041,4.3
4755,4303301,Caibaté,RS,Sul,63.1,80.0,0,0.5048,16.9
4756,3528304,Magda,SP,Sudeste,93.95,80.0,1,0.5049,-13.95
4757,3532108,Murutinga do Sul,SP,Sudeste,100.0,61.33,1,0.505,-38.67
4758,4311627,Lindolfo Collor,RS,Sul,39.0,69.56,0,0.5051,30.56
4759,4320354,Sentinela do Sul,RS,Sul,23.5,74.77,0,0.5053,51.27
4760,4319208,São Nicolau,RS,Sul,36.6,61.56,0,0.5053,24.96
4761,4322533,Vale do Sol,RS,Sul,55.9,80.0,0,0.5058,24.1
4762,4100459,Altamira do Paraná,PR,Sul,74.47,79.21,0,0.5063,4.74
4763,4124202,Santo Antônio do Caiuá,PR,Sul,88.04,80.0,1,0.5063,-8.04
4764,4306379,Dilermando de Aguiar,RS,Sul,53.6,69.35,0,0.5067,15.75
4765,4122800,Salgado Filho,PR,Sul,93.11,80.0,1,0.5075,-13.11
4766,4119657,Pitangueiras,PR,Sul,83.19,80.0,1,0.508,-3.19
4767,4107801,Floraí,PR,Sul,85.2,77.73,1,0.5081,-7.47
4768,4116950,Nova Esperança do Sudoeste,PR,Sul,88.59,80.0,1,0.5088,-8.59
4769,3553658,Taquaral,SP,Sudeste,27.27,75.76,0,0.51,48.49
4770,3522653,Itapirapuã Paulista,SP,Sudeste,29.85,51.28,0,0.5105,21.43
4771,3515301,Estrela do Norte,SP,Sudeste,89.26,74.08,1,0.5106,-15.18
4772,4117271,Nova Tebas,PR,Sul,84.88,80.0,1,0.5106,-4.88
4773,4309506,Guarani das Missões,RS,Sul,74.1,71.9,1,0.5107,-2.2
4774,4310009,Ibirubá,RS,Sul,62.7,63.28,0,0.5108,0.58
4775,5216908,Pilar de Goiás,GO,Centro-Oeste,80.87,80.0,1,0.5115,-0.87
4776,4101309,Antônio Olinto,PR,Sul,88.26,80.0,1,0.5116,-8.26
4777,4313805,Palmitinho,RS,Sul,72.2,80.0,0,0.512,7.8
4778,3517109,Glicério,SP,Sudeste,86.84,72.12,1,0.5122,-14.72
4779,3533106,Nova Guataporanga,SP,Sudeste,83.33,68.83,1,0.5126,-14.5
4780,4313037,Nova Esperança do Sul,RS,Sul,71.3,80.0,0,0.5127,8.7
4781,5219456,Santa Rita do Novo Destino,GO,Centro-Oeste,95.83,80.0,1,0.5129,-15.83
4782,3551306,Sebastianópolis do Sul,SP,Sudeste,75.86,80.0,0,0.5131,4.14
4783,3527504,Lucianópolis,SP,Sudeste,75.0,75.65,0,0.5134,0.65
4784,5214705,Nova América,GO,Centro-Oeste,95.24,80.0,1,0.5138,-15.24
4785,5209606,Heitoraí,GO,Centro-Oeste,83.54,57.96,1,0.5147,-25.58
4786,4319356,São Pedro da Serra,RS,Sul,58.8,80.0,0,0.5153,21.2
4787,4312708,Nonoai,RS,Sul,44.6,48.14,0,0.5154,3.54
4788,3533809,Óleo,SP,Sudeste,70.0,60.93,1,0.5177,-9.07
4789,4302501,Bossoroca,RS,Sul,46.9,54.93,0,0.5183,8.03
4790,4318481,São José do Hortêncio,RS,Sul,43.8,78.94,0,0.5187,35.14
4791,4302402,Bom Retiro do Sul,RS,Sul,65.1,78.46,0,0.5189,13.36
4792,4103222,Bom Sucesso do Sul,PR,Sul,71.33,80.0,0,0.5197,8.67
4793,3503356,Arco-Íris,SP,Sudeste,77.27,35.72,1,0.5216,-41.55
4794,4320859,Tabaí,RS,Sul,22.5,63.05,0,0.522,40.55
4795,2308708,Morada Nova,CE,Nordeste,76.09,73.22,1,0.5224,-2.87
4796,4120150,Porto Barreiro,PR,Sul,86.29,80.0,1,0.5233,-6.29
4797,4313656,Palmares do Sul,RS,Sul,50.3,57.88,0,0.5235,7.58
4798,4300638,Amaral Ferrador,RS,Sul,56.6,72.06,0,0.5236,15.46
4799,4108452,Foz do Jordão,PR,Sul,78.1,80.0,0,0.5238,1.9
4800,3555307,Turmalina,SP,Sudeste,70.59,51.04,1,0.5239,-19.55
4801,4307203,Erval Grande,RS,Sul,47.0,80.0,0,0.5243,33.0
4802,4320206,Seberi,RS,Sul,65.2,80.0,0,0.5265,14.8
4803,4304713,Caraá,RS,Sul,62.4,80.0,0,0.5279,17.6
4804,4108551,Godoy Moreira,PR,Sul,74.07,80.0,0,0.529,5.93
4805,4312104,Mata,RS,Sul,50.0,67.91,0,0.5291,17.91
4806,3513850,Dirce Reis,SP,Sudeste,84.62,52.09,1,0.5292,-32.53
4807,4307302,Erval Seco,RS,Sul,50.4,69.44,0,0.5304,19.04
4808,4320701,Sobradinho,RS,Sul,63.8,80.0,0,0.5312,16.2
4809,4321352,Tavares,RS,Sul,28.9,68.03,0,0.5312,39.13
4810,3505351,Barra do Chapéu,SP,Sudeste,65.29,67.5,0,0.5313,2.21
4811,4301800,Barracão,RS,Sul,56.4,74.37,0,0.5314,17.97
4812,4323507,Vista Alegre,RS,Sul,71.0,80.0,0,0.5317,9.0
4813,4323457,Vila Nova do Sul,RS,Sul,44.0,54.11,0,0.532,10.11
4814,4305173,Cerro Grande do Sul,RS,Sul,42.8,61.22,0,0.532,18.42
4815,4320503,Sertão,RS,Sul,47.2,63.15,0,0.5323,15.95
4816,3531001,Monções,SP,Sudeste,80.77,80.0,1,0.5324,-0.77
4817,4316972,Santa Margarida do Sul,RS,Sul,25.7,48.4,0,0.5326,22.7
4818,3532157,Nantes,SP,Sudeste,36.18,62.7,0,0.5327,26.52
4819,4316501,Salvador do Sul,RS,Sul,70.4,80.0,0,0.5332,9.6
4820,4320404,Serafina Corrêa,RS,Sul,53.2,80.0,0,0.5332,26.8
4821,4302204,Boa Vista do Buricá,RS,Sul,67.3,80.0,0,0.5338,12.7
4822,4117008,Nova Fátima,PR,Sul,79.65,80.0,0,0.5344,0.35
4823,3516507,Gabriel Monteiro,SP,Sudeste,85.45,80.0,1,0.5361,-5.45
4824,4312476,Morro Reuter,RS,Sul,66.3,56.24,1,0.5361,-10.06
4825,4322251,Tupandi,RS,Sul,55.1,80.0,0,0.5363,24.9
4826,4110656,Iracema do Oeste,PR,Sul,85.71,80.0,1,0.5366,-5.71
4827,4119004,Pérola d'Oeste,PR,Sul,88.78,80.0,1,0.5381,-8.78
4828,4311734,Mampituba,RS,Sul,55.2,68.47,0,0.5385,13.27
4829,4307559,Estação,RS,Sul,45.4,74.46,0,0.5386,29.06
4830,3501509,Alvinlândia,SP,Sudeste,91.84,75.18,1,0.5386,-16.66
4831,4113106,Kaloré,PR,Sul,77.98,80.0,0,0.5387,2.02
4832,4310652,Itati,RS,Sul,66.7,52.69,1,0.539,-14.01
4833,4320552,Sertão Santana,RS,Sul,46.2,75.57,0,0.5392,29.37
4834,4316303,Roque Gonzales,RS,Sul,71.2,76.36,0,0.5392,5.16
4835,4305009,Catuípe,RS,Sul,71.6,80.0,0,0.5397,8.4
4836,3532843,Nova Canaã Paulista,SP,Sudeste,72.22,79.1,0,0.5398,6.88
4837,4321667,Três Cachoeiras,RS,Sul,53.6,80.0,0,0.541,26.4
4838,4302659,Brochier,RS,Sul,56.7,67.29,0,0.5412,10.59
4839,4312252,Minas do Leão,RS,Sul,55.5,74.31,0,0.5418,18.81
4840,4306700,Dona Francisca,RS,Sul,26.7,80.0,0,0.5422,53.3
4841,4312054,Marques de Souza,RS,Sul,47.8,76.49,0,0.5425,28.69
4842,2306256,Itaitinga,CE,Nordeste,85.11,80.0,1,0.5426,-5.11
4843,4123204,Santa Cecília do Pavão,PR,Sul,80.09,80.0,1,0.5428,-0.09
4844,4310504,Iraí,RS,Sul,59.4,69.28,0,0.5433,9.88
4845,3536257,Parisi,SP,Sudeste,90.72,77.23,1,0.5437,-13.49
4846,4307815,Estrela Velha,RS,Sul,60.0,80.0,0,0.5439,20.0
4847,4106852,Cruzmaltina,PR,Sul,94.52,80.0,1,0.5451,-14.52
4848,4300109,Agudo,RS,Sul,56.9,60.08,0,0.5454,3.18
4849,4302600,Braga,RS,Sul,41.1,46.27,0,0.5459,5.17
4850,3501202,Álvares Florence,SP,Sudeste,72.05,78.82,0,0.5462,6.77
4851,4107736,Fernandes Pinheiro,PR,Sul,79.81,80.0,0,0.5474,0.19
4852,4304903,Casca,RS,Sul,77.3,80.0,0,0.5479,2.7
4853,4123105,Santa Amélia,PR,Sul,91.5,80.0,1,0.5486,-11.5
4854,4305871,Coronel Barros,RS,Sul,67.8,80.0,0,0.5486,12.2
4855,4318101,São Francisco de Assis,RS,Sul,60.6,61.82,0,0.5487,1.22
4856,3530003,Mira Estrela,SP,Sudeste,93.03,64.03,1,0.5493,-29.0
4857,5215207,Novo Brasil,GO,Centro-Oeste,54.84,80.0,0,0.5497,25.16
4858,2211605,Vila Nova do Piauí,PI,Nordeste,100.0,80.0,1,0.5498,-20.0
4859,4102752,Bela Vista da Caroba,PR,Sul,88.13,77.31,1,0.5499,-10.82
4860,3537156,Pedrinhas Paulista,SP,Sudeste,67.92,71.34,0,0.5503,3.42
4861,4320263,Segredo,RS,Sul,76.2,75.76,1,0.5505,-0.44
4862,4305306,Chapada,RS,Sul,47.5,76.02,0,0.5507,28.52
4863,5212055,Jesúpolis,GO,Centro-Oeste,100.0,80.0,1,0.5508,-20.0
4864,4316956,Santa Maria do Herval,RS,Sul,59.3,78.55,0,0.5521,19.25
4865,2307650,Maracanaú,CE,Nordeste,84.66,80.0,1,0.5523,-4.66
4866,4314068,Passa Sete,RS,Sul,75.0,80.0,0,0.5527,5.0
4867,4321469,Tio Hugo,RS,Sul,69.1,80.0,0,0.5527,10.9
4868,4112900,Jundiaí do Sul,PR,Sul,55.42,60.68,0,0.5532,5.26
4869,4312807,Nova Araçá,RS,Sul,60.6,80.0,0,0.555,19.4
4870,4300059,Água Santa,RS,Sul,55.1,67.13,0,0.5557,12.03
4871,4309704,Humaitá,RS,Sul,60.8,80.0,0,0.5561,19.2
4872,2309607,Pacajus,CE,Nordeste,87.91,80.0,1,0.5575,-7.91
4873,3554656,Torre de Pedra,SP,Sudeste,30.77,40.22,0,0.5576,9.45
4874,4113759,Lunardelli,PR,Sul,70.4,61.2,1,0.5582,-9.2
4875,3554607,Timburi,SP,Sudeste,58.99,45.52,1,0.5584,-13.47
4876,4102703,Barra do Jacaré,PR,Sul,72.41,65.76,1,0.5589,-6.65
4877,2207355,Pajeú do Piauí,PI,Nordeste,64.0,68.29,0,0.5602,4.29
4878,4300208,Ajuricaba,RS,Sul,74.3,80.0,0,0.5605,5.7
4879,2305902,Ipueiras,CE,Nordeste,99.54,80.0,1,0.5608,-19.54
4880,5209291,Guaraíta,GO,Centro-Oeste,95.32,73.75,1,0.5619,-21.57
4881,2307502,Lavras da Mangabeira,CE,Nordeste,74.29,76.08,0,0.5637,1.79
4882,3547403,Santa Rita d'Oeste,SP,Sudeste,52.94,63.62,0,0.5642,10.68
4883,4314076,Passo do Sobrado,RS,Sul,57.9,80.0,0,0.5646,22.1
4884,4318614,São José do Sul,RS,Sul,37.5,80.0,0,0.5648,42.5
4885,4125456,São José das Palmeiras,PR,Sul,74.36,80.0,0,0.5652,5.64
4886,4107520,Esperança Nova,PR,Sul,71.04,48.13,1,0.5655,-22.91
4887,4321006,Tapera,RS,Sul,77.9,64.43,1,0.5672,-13.47
4888,4308458,Fortaleza dos Valos,RS,Sul,68.2,80.0,0,0.5675,11.8
4889,3547106,Santa Mercedes,SP,Sudeste,81.08,80.0,1,0.5685,-1.08
4890,4322152,Tunas,RS,Sul,41.1,70.11,0,0.5694,29.01
4891,4314027,Paraíso do Sul,RS,Sul,54.7,80.0,0,0.5695,25.3
4892,4107538,Entre Rios do Oeste,PR,Sul,96.25,80.0,1,0.571,-16.25
4893,4300570,Alto Feliz,RS,Sul,58.3,73.84,0,0.5719,15.54
4894,2304202,Crato,CE,Nordeste,95.37,80.0,1,0.5721,-15.37
4895,4315313,Quatro Irmãos,RS,Sul,40.0,57.42,0,0.5722,17.42
4896,4313359,Nova Roma do Sul,RS,Sul,83.3,80.0,1,0.5726,-3.3
4897,4115903,Mirador,PR,Sul,56.0,71.89,0,0.5732,15.89
4898,3540309,Pontes Gestal,SP,Sudeste,74.25,72.78,1,0.5735,-1.47
4899,4302238,Boa Vista do Incra,RS,Sul,26.6,72.67,0,0.5743,46.07
4900,4103024,Boa Esperança do Iguaçu,PR,Sul,93.1,75.76,1,0.5748,-17.34
4901,4309753,Ibarama,RS,Sul,48.9,72.44,0,0.5766,23.54
4902,4308078,Fazenda Vilanova,RS,Sul,65.0,80.0,0,0.5766,15.0
4903,4319752,São Vendelino,RS,Sul,41.9,80.0,0,0.5771,38.1
4904,4305801,Constantina,RS,Sul,48.5,80.0,0,0.5779,31.5
4905,4312351,Montauri,RS,Sul,75.0,80.0,0,0.5785,5.0
4906,4306452,Dois Lajeados,RS,Sul,53.0,80.0,0,0.579,27.0
4907,2302800,Canindé,CE,Nordeste,94.95,80.0,1,0.5794,-14.95
4908,4308706,Gaurama,RS,Sul,74.7,78.98,0,0.5804,4.28
4909,4301701,Barão de Cotegipe,RS,Sul,75.9,80.0,0,0.5825,4.1
4910,2312106,Santana do Cariri,CE,Nordeste,96.45,80.0,1,0.5828,-16.45
4911,4314134,Paulo Bento,RS,Sul,50.0,65.38,0,0.583,15.38
4912,4308102,Feliz,RS,Sul,46.1,73.9,0,0.5832,27.8
4913,4101655,Arapuã,PR,Sul,76.31,58.64,1,0.5849,-17.67
4914,2302107,Baturité,CE,Nordeste,86.78,78.18,1,0.5876,-8.6
4915,4304002,Campo Novo,RS,Sul,46.1,65.72,0,0.5889,19.62
4916,4323309,Vila Flores,RS,Sul,68.8,80.0,0,0.5892,11.2
4917,4316709,Santa Bárbara do Sul,RS,Sul,42.8,68.31,0,0.5911,25.51
4918,4315750,Riozinho,RS,Sul,62.1,76.61,0,0.5917,14.51
4919,4314159,Paverama,RS,Sul,47.5,66.28,0,0.5917,18.78
4920,4319307,São Paulo das Missões,RS,Sul,61.1,78.07,0,0.5922,16.97
4921,2301000,Aquiraz,CE,Nordeste,83.99,80.0,1,0.5925,-3.99
4922,4304309,Cândido Godói,RS,Sul,56.2,76.2,0,0.593,20.0
4923,4323101,Vicente Dutra,RS,Sul,70.1,73.49,0,0.593,3.39
4924,3536901,Pedranópolis,SP,Sudeste,72.73,45.5,1,0.5931,-27.23
4925,4313003,Nova Bréscia,RS,Sul,94.4,77.71,1,0.5945,-16.69
4926,2307601,Limoeiro do Norte,CE,Nordeste,89.65,80.0,1,0.5953,-9.65
4927,4300877,Araricá,RS,Sul,43.5,76.34,0,0.5954,32.84
4928,2303808,Cedro,CE,Nordeste,98.77,80.0,1,0.5959,-18.77
4929,3515806,Flora Rica,SP,Sudeste,27.27,37.09,0,0.5977,9.82
4930,4114351,Manfrinópolis,PR,Sul,70.91,80.0,0,0.5986,9.09
4931,4318424,São João da Urtiga,RS,Sul,73.5,77.05,0,0.6004,3.55
4932,4309803,Ibiaçá,RS,Sul,60.1,71.87,0,0.6037,11.77
4933,4306734,Doutor Maurício Cardoso,RS,Sul,63.3,77.35,0,0.6039,14.05
4934,3546108,Santa Clara d'Oeste,SP,Sudeste,100.0,80.0,1,0.6054,-20.0
4935,4301651,Barão,RS,Sul,53.5,80.0,0,0.6057,26.5
4936,2310407,Paramoti,CE,Nordeste,94.2,80.0,1,0.6071,-14.2
4937,2305357,Icapuí,CE,Nordeste,76.34,80.0,0,0.6073,3.66
4938,4314308,Pejuçara,RS,Sul,55.8,64.52,0,0.6077,8.72
4939,4321634,Três Arroios,RS,Sul,40.0,80.0,0,0.6078,40.0
4940,3532868,Nova Castilho,SP,Sudeste,25.0,46.27,0,0.6081,21.27
4941,2311306,Quixadá,CE,Nordeste,92.49,80.0,1,0.6095,-12.49
4942,2304285,Eusébio,CE,Nordeste,93.91,80.0,1,0.6108,-13.91
4943,4313607,Paim Filho,RS,Sul,53.1,79.11,0,0.6111,26.01
4944,4305405,Chiapetta,RS,Sul,78.0,78.78,0,0.6117,0.78
4945,4118303,Paranapoema,PR,Sul,61.71,62.63,0,0.6118,0.92
4946,4300034,Aceguá,RS,Sul,52.5,71.55,0,0.6125,19.05
4947,4320651,Silveira Martins,RS,Sul,35.7,68.83,0,0.6125,33.13
4948,2308609,Monsenhor Tabosa,CE,Nordeste,97.2,80.0,1,0.6153,-17.2
4949,4315057,Porto Mauá,RS,Sul,95.2,47.22,1,0.6158,-47.98
4950,4312005,Mariano Moro,RS,Sul,58.3,80.0,0,0.6163,21.7
4951,4312153,Mato Leitão,RS,Sul,62.1,80.0,0,0.6174,17.9
4952,4310850,Jaboticaba,RS,Sul,40.0,80.0,0,0.618,40.0
4953,4314423,Picada Café,RS,Sul,57.1,80.0,0,0.6196,22.9
4954,3542800,Ribeira,SP,Sudeste,53.85,65.71,0,0.6203,11.86
4955,4314001,Paraí,RS,Sul,64.8,80.0,0,0.6204,15.2
4956,4123956,Santa Mônica,PR,Sul,80.22,78.86,1,0.6207,-1.36
4957,4310439,Ipê,RS,Sul,60.1,80.0,0,0.6208,19.9
4958,4316428,Sagrada Família,RS,Sul,43.8,78.98,0,0.6211,35.18
4959,4312377,Monte Alegre dos Campos,RS,Sul,36.2,66.01,0,0.6215,29.81
4960,4315149,Presidente Lucena,RS,Sul,56.3,80.0,0,0.6222,23.7
4961,4304671,Capivari do Sul,RS,Sul,43.9,47.38,0,0.6226,3.48
4962,4305959,Cotiporã,RS,Sul,44.2,74.92,0,0.6229,30.72
4963,2301109,Aracati,CE,Nordeste,91.16,80.0,1,0.6234,-11.16
4964,4301206,Arroio do Tigre,RS,Sul,65.2,80.0,0,0.6236,14.8
4965,4316204,Rondinha,RS,Sul,75.3,80.0,0,0.624,4.7
4966,4313011,Nova Candelária,RS,Sul,60.0,80.0,0,0.6242,20.0
4967,4108106,Flórida,PR,Sul,78.57,65.64,1,0.6247,-12.93
4968,4310702,Itatiba do Sul,RS,Sul,38.0,80.0,0,0.625,42.0
4969,2309706,Pacatuba,CE,Nordeste,78.36,76.63,1,0.6252,-1.73
4970,4311239,Lagoa Bonita do Sul,RS,Sul,54.2,72.28,0,0.6254,18.08
4971,4302253,Boa Vista do Sul,RS,Sul,75.0,74.36,1,0.6263,-0.64
4972,2303501,Cascavel,CE,Nordeste,82.6,80.0,1,0.6275,-2.6
4973,4311643,Linha Nova,RS,Sul,41.2,80.0,0,0.6285,38.8
4974,4303202,Cacique Doble,RS,Sul,58.2,80.0,0,0.6287,21.8
4975,4310363,Imigrante,RS,Sul,50.0,78.5,0,0.6289,28.5
4976,4303608,Cambará do Sul,RS,Sul,54.2,63.31,0,0.6296,9.11
4977,4312385,Monte Belo do Sul,RS,Sul,76.9,80.0,0,0.6302,3.1
4978,4315206,Putinga,RS,Sul,82.8,80.0,1,0.6309,-2.8
4979,4311254,Lagoão,RS,Sul,66.9,80.0,0,0.6312,13.1
4980,4123600,Santa Inês,PR,Sul,100.0,80.0,1,0.6318,-20.0
4981,2307700,Maranguape,CE,Nordeste,81.66,79.79,1,0.632,-1.87
4982,4318499,São José do Inhacorá,RS,Sul,49.7,80.0,0,0.6329,30.3
4983,4300901,Aratiba,RS,Sul,40.2,80.0,0,0.6329,39.8
4984,4121356,Rancho Alegre D'Oeste,PR,Sul,56.92,78.33,0,0.633,21.41
4985,2305803,Ipu,CE,Nordeste,86.66,80.0,1,0.6333,-6.66
4986,2311959,Salitre,CE,Nordeste,98.39,80.0,1,0.6338,-18.39
4987,2305233,Horizonte,CE,Nordeste,96.2,80.0,1,0.6352,-16.2
4988,4311601,Liberato Salzano,RS,Sul,62.2,74.33,0,0.6355,12.13
4989,4308433,Forquetinha,RS,Sul,55.2,63.97,0,0.6356,8.77
4990,2305407,Icó,CE,Nordeste,75.41,80.0,0,0.6365,4.59
4991,4318606,São José do Ouro,RS,Sul,38.3,65.42,0,0.6367,27.12
4992,3504701,Balbinos,SP,Sudeste,100.0,80.0,1,0.6369,-20.0
4993,4302584,Bozano,RS,Sul,27.3,80.0,0,0.6373,52.7
4994,4323770,Westfalia,RS,Sul,61.5,80.0,0,0.6387,18.5
4995,4314472,Pinhal Grande,RS,Sul,44.0,66.33,0,0.6392,22.33
4996,4300661,André da Rocha,RS,Sul,33.3,70.55,0,0.6401,37.25
4997,4302378,Bom Progresso,RS,Sul,71.4,60.19,1,0.6408,-11.21
4998,2302404,Boa Viagem,CE,Nordeste,90.36,80.0,1,0.6411,-10.36
4999,2312908,Sobral,CE,Nordeste,98.58,80.0,1,0.6418,-18.58
5000,4122107,Rio Bom,PR,Sul,69.55,80.0,0,0.6438,10.45
5001,4301552,Áurea,RS,Sul,56.5,80.0,0,0.6441,23.5
5002,4312203,Maximiliano de Almeida,RS,Sul,43.2,80.0,0,0.6444,36.8
5003,4312179,Mato Queimado,RS,Sul,58.3,80.0,0,0.6466,21.7
5004,4323200,Victor Graeff,RS,Sul,56.3,80.0,0,0.6467,23.7
5005,2301703,Aurora,CE,Nordeste,73.84,73.96,0,0.6469,0.12
5006,4317954,Santo Expedito do Sul,RS,Sul,78.1,80.0,0,0.6473,1.9
5007,2307635,Madalena,CE,Nordeste,95.31,80.0,1,0.6477,-15.31
5008,4124301,Santo Antônio do Paraíso,PR,Sul,81.17,80.0,1,0.6485,-1.17
5009,4305504,Ciríaco,RS,Sul,84.0,80.0,1,0.6493,-4.0
5010,4322525,Vale Verde,RS,Sul,47.1,80.0,0,0.6519,32.9
5011,2306504,Itapiúna,CE,Nordeste,92.57,80.0,1,0.652,-12.57
5012,2305506,Iguatu,CE,Nordeste,63.35,60.44,1,0.6537,-2.91
5013,5201207,Anhanguera,GO,Centro-Oeste,81.25,80.0,1,0.6545,-1.25
5014,4305603,Colorado,RS,Sul,85.2,66.33,1,0.6547,-18.87
5015,2311801,Russas,CE,Nordeste,94.59,80.0,1,0.6559,-14.59
5016,2309508,Orós,CE,Nordeste,90.75,80.0,1,0.6583,-10.75
5017,2303931,Choró,CE,Nordeste,95.42,80.0,1,0.6597,-15.42
5018,4315172,Protásio Alves,RS,Sul,75.0,79.98,0,0.66,4.98
5019,2301901,Barbalha,CE,Nordeste,87.92,80.0,1,0.6614,-7.92
5020,4307054,Ernestina,RS,Sul,64.7,64.9,0,0.6621,0.2
5021,2314102,Viçosa do Ceará,CE,Nordeste,90.22,80.0,1,0.6626,-10.22
5022,2307106,Jardim,CE,Nordeste,70.8,78.19,0,0.6629,7.39
5023,2305100,Guaramiranga,CE,Nordeste,95.86,59.66,1,0.663,-36.2
5024,2311405,Quixeramobim,CE,Nordeste,98.76,80.0,1,0.6636,-18.76
5025,2311355,Quixelô,CE,Nordeste,88.46,79.4,1,0.6641,-9.06
5026,2306603,Itatira,CE,Nordeste,99.06,80.0,1,0.6645,-19.06
5027,4314175,Pedras Altas,RS,Sul,55.9,67.21,0,0.6673,11.31
5028,2313401,Tianguá,CE,Nordeste,86.1,80.0,1,0.6673,-6.1
5029,4322905,Viadutos,RS,Sul,83.1,80.0,1,0.6681,-3.1
5030,4315354,Quinze de Novembro,RS,Sul,89.7,70.67,1,0.6684,-19.03
5031,2313104,Tabuleiro do Norte,CE,Nordeste,84.32,80.0,1,0.6686,-4.32
5032,4321857,Três Palmeiras,RS,Sul,64.6,80.0,0,0.6686,15.4
5033,2302206,Beberibe,CE,Nordeste,81.6,78.39,1,0.6699,-3.21
5034,4319703,São Valentim,RS,Sul,48.5,80.0,0,0.6701,31.5
5035,2305266,Ibaretama,CE,Nordeste,60.53,71.84,0,0.6701,11.31
5036,2304103,Crateús,CE,Nordeste,97.2,80.0,1,0.671,-17.2
5037,4312955,Nova Boa Vista,RS,Sul,66.7,80.0,0,0.6714,13.3
5038,2301851,Banabuiú,CE,Nordeste,76.25,80.0,0,0.6735,3.75
5039,4314498,Pinheirinho do Vale,RS,Sul,74.2,80.0,0,0.6737,5.8
5040,4313102,Nova Palma,RS,Sul,62.7,80.0,0,0.6756,17.3
5041,2300754,Amontada,CE,Nordeste,82.28,80.0,1,0.6777,-2.28
5042,2300200,Acaraú,CE,Nordeste,97.71,80.0,1,0.6783,-17.71
5043,4303558,Camargo,RS,Sul,55.6,80.0,0,0.6784,24.4
5044,2312403,São Gonçalo do Amarante,CE,Nordeste,85.78,80.0,1,0.6785,-5.78
5045,4306551,Dom Pedro de Alcântara,RS,Sul,57.1,80.0,0,0.6786,22.9
5046,2312304,São Benedito,CE,Nordeste,95.1,80.0,1,0.6792,-15.1
5047,4322376,Unistalda,RS,Sul,55.6,62.33,0,0.6794,6.73
5048,4308854,Gentil,RS,Sul,85.7,80.0,1,0.6794,-5.7
5049,4304952,Caseiros,RS,Sul,40.0,80.0,0,0.6802,40.0
5050,2310803,Pereiro,CE,Nordeste,93.44,80.0,1,0.6806,-13.44
5051,4322855,Vespasiano Correa,RS,Sul,46.7,80.0,0,0.6806,33.3
5052,4310579,Itapuca,RS,Sul,76.5,80.0,0,0.6813,3.5
5053,2306405,Itapipoca,CE,Nordeste,88.58,80.0,1,0.6816,-8.58
5054,4312617,Muitos Capões,RS,Sul,54.8,70.55,0,0.6818,15.75
5055,4318440,São Jorge,RS,Sul,66.7,77.17,0,0.683,10.47
5056,4110300,Inajá,PR,Sul,69.71,74.7,0,0.6836,4.99
5057,4316477,Salvador das Missões,RS,Sul,60.2,80.0,0,0.6838,19.8
5058,4312138,Mato Castelhano,RS,Sul,38.7,77.01,0,0.6865,38.31
5059,4313441,Novo Tiradentes,RS,Sul,47.4,72.78,0,0.6873,25.38
5060,2303956,Chorozinho,CE,Nordeste,97.15,80.0,1,0.6874,-17.15
5061,4306957,Entre Rios do Sul,RS,Sul,72.0,79.55,0,0.6878,7.55
5062,4310900,Jacutinga,RS,Sul,61.9,80.0,0,0.6883,18.1
5063,2312007,Santana do Acaraú,CE,Nordeste,98.26,80.0,1,0.6883,-18.26
5064,2313906,Uruoca,CE,Nordeste,99.01,80.0,1,0.6883,-19.01
5065,2313500,Trairi,CE,Nordeste,91.78,80.0,1,0.6895,-11.78
5066,4302220,Boa Vista do Cadeado,RS,Sul,66.7,72.77,0,0.6895,6.07
5067,4319711,São Valentim do Sul,RS,Sul,73.3,80.0,0,0.6897,6.7
5068,2314003,Várzea Alegre,CE,Nordeste,90.9,80.0,1,0.6897,-10.9
5069,2302602,Camocim,CE,Nordeste,94.08,80.0,1,0.6899,-14.08
5070,4310306,Ilópolis,RS,Sul,48.3,80.0,0,0.6899,31.7
5071,2308401,Missão Velha,CE,Nordeste,82.37,75.55,1,0.6935,-6.82
5072,2304236,Croatá,CE,Nordeste,99.14,80.0,1,0.6937,-19.14
5073,2309300,Nova Russas,CE,Nordeste,99.64,80.0,1,0.6939,-19.64
5074,2303204,Caririaçu,CE,Nordeste,82.61,80.0,1,0.6948,-2.61
5075,4323705,Vista Gaúcha,RS,Sul,100.0,75.14,1,0.6955,-24.86
5076,2305001,Guaraciaba do Norte,CE,Nordeste,95.65,80.0,1,0.696,-15.65
5077,4316436,Saldanha Marinho,RS,Sul,69.6,48.79,1,0.6966,-20.81
5078,2310308,Parambu,CE,Nordeste,88.35,80.0,1,0.6967,-8.35
5079,2301307,Araripe,CE,Nordeste,77.22,76.18,1,0.6986,-1.04
5080,4320321,Senador Salgado Filho,RS,Sul,50.0,80.0,0,0.6988,30.0
5081,2311207,Potengi,CE,Nordeste,91.04,80.0,1,0.6998,-11.04
5082,2307254,Jijoca de Jericoacoara,CE,Nordeste,98.03,80.0,1,0.7,-18.03
5083,4305132,Cerro Branco,RS,Sul,66.7,73.15,0,0.7011,6.45
5084,2302909,Capistrano,CE,Nordeste,87.35,77.99,1,0.7015,-9.36
5085,2302057,Barroquinha,CE,Nordeste,95.7,80.0,1,0.7015,-15.7
5086,4317558,Santo Antônio do Palma,RS,Sul,34.6,73.44,0,0.7017,38.84
5087,4303707,Campina das Missões,RS,Sul,50.3,80.0,0,0.7018,29.7
5088,4305587,Colinas,RS,Sul,39.9,80.0,0,0.7031,40.1
5089,4314464,Pinhal da Serra,RS,Sul,35.3,75.04,0,0.7031,39.74
5090,4312757,Nova Alvorada,RS,Sul,64.8,80.0,0,0.7035,15.2
5091,4323408,Vila Maria,RS,Sul,57.4,80.0,0,0.7045,22.6
5092,4314456,Pinhal,RS,Sul,33.2,60.36,0,0.7051,27.16
5093,2313351,Tejuçuoca,CE,Nordeste,80.16,80.0,1,0.7055,-0.16
5094,4304697,Capitão,RS,Sul,58.6,80.0,0,0.7059,21.4
5095,4307450,Esperança do Sul,RS,Sul,80.1,80.0,1,0.7065,-0.1
5096,2310209,Paracuru,CE,Nordeste,95.08,80.0,1,0.7066,-15.08
5097,2306306,Itapagé,CE,Nordeste,89.55,80.0,1,0.7079,-9.55
5098,2300150,Acarape,CE,Nordeste,81.21,78.41,1,0.7104,-2.8
5099,2313757,Umirim,CE,Nordeste,82.27,69.88,1,0.7109,-12.39
5100,2310902,Piquet Carneiro,CE,Nordeste,100.0,80.0,1,0.7116,-20.0
5101,2312205,Santa Quitéria,CE,Nordeste,95.08,80.0,1,0.712,-15.08
5102,4317756,Santo Antônio do Planalto,RS,Sul,77.2,77.57,0,0.713,0.37
5103,4315156,Progresso,RS,Sul,64.8,78.65,0,0.7132,13.85
5104,2304459,Fortim,CE,Nordeste,93.28,80.0,1,0.7132,-13.28
5105,4311791,Maratá,RS,Sul,59.8,69.78,0,0.7134,9.98
5106,2302503,Brejo Santo,CE,Nordeste,95.4,80.0,1,0.7142,-15.4
5107,2304954,Guaiúba,CE,Nordeste,79.83,73.87,1,0.7144,-5.96
5108,4319364,São Pedro das Missões,RS,Sul,90.0,80.0,1,0.7145,-10.0
5109,2309458,Ocara,CE,Nordeste,84.77,80.0,1,0.715,-4.77
5110,4304101,Campos Borges,RS,Sul,31.5,33.67,0,0.7179,2.17
5111,2308104,Mauriti,CE,Nordeste,84.55,80.0,1,0.7191,-4.55
5112,4300505,Alpestre,RS,Sul,66.5,75.71,0,0.7197,9.21
5113,2311231,Potiretama,CE,Nordeste,97.47,80.0,1,0.7215,-17.47
5114,4320578,Sete de Setembro,RS,Sul,66.7,78.78,0,0.7238,12.08
5115,2311504,Quixeré,CE,Nordeste,93.13,80.0,1,0.7239,-13.13
5116,2302008,Barro,CE,Nordeste,63.94,69.8,0,0.7244,5.86
5117,2313708,Umari,CE,Nordeste,88.49,80.0,1,0.7248,-8.49
5118,2304707,Granja,CE,Nordeste,97.78,80.0,1,0.7255,-17.78
5119,4311270,Lagoa dos Três Cantos,RS,Sul,36.0,64.89,0,0.7256,28.89
5120,4316733,Santa Cecília do Sul,RS,Sul,40.9,75.76,0,0.7276,34.86
5121,4315073,Porto Vera Cruz,RS,Sul,88.2,65.93,1,0.7281,-22.27
5122,2310852,Pindoretama,CE,Nordeste,88.62,80.0,1,0.7289,-8.62
5123,2313302,Tauá,CE,Nordeste,92.01,80.0,1,0.7301,-12.01
5124,4322558,Vanini,RS,Sul,69.2,80.0,0,0.7302,10.8
5125,2307403,Jucás,CE,Nordeste,90.28,80.0,1,0.7307,-10.28
5126,2305308,Ibiapina,CE,Nordeste,97.38,80.0,1,0.7309,-17.38
5127,4307864,Fagundes Varela,RS,Sul,69.2,80.0,0,0.7312,10.8
5128,2303006,Caridade,CE,Nordeste,98.73,80.0,1,0.7316,-18.73
5129,4321626,Travesseiro,RS,Sul,67.8,80.0,0,0.7326,12.2
5130,2313203,Tamboril,CE,Nordeste,98.31,80.0,1,0.7339,-18.31
5131,2307007,Jaguaruana,CE,Nordeste,88.24,80.0,1,0.7341,-8.24
5132,4313334,Nova Ramada,RS,Sul,28.0,80.0,0,0.7341,52.0
5133,2312700,Senador Pompeu,CE,Nordeste,98.44,80.0,1,0.7343,-18.44
5134,2307908,Martinópole,CE,Nordeste,99.24,80.0,1,0.7361,-19.24
5135,4306320,Derrubadas,RS,Sul,80.0,54.69,1,0.7362,-25.31
5136,4315552,Rio dos Índios,RS,Sul,78.8,80.0,0,0.7368,1.2
5137,4304853,Carlos Gomes,RS,Sul,50.0,58.77,0,0.7372,8.77
5138,4300455,Alegria,RS,Sul,63.2,80.0,0,0.7376,16.8
5139,2300309,Acopiara,CE,Nordeste,64.59,65.49,0,0.7376,0.9
5140,2308500,Mombaça,CE,Nordeste,93.51,80.0,1,0.7392,-13.51
5141,2312601,São Luís do Curu,CE,Nordeste,65.1,80.0,0,0.7396,14.9
5142,4320453,Sério,RS,Sul,11.1,80.0,0,0.7404,68.9
5143,2306553,Itarema,CE,Nordeste,92.49,80.0,1,0.742,-12.49
5144,2301950,Barreira,CE,Nordeste,91.15,80.0,1,0.7423,-11.15
5145,2306009,Iracema,CE,Nordeste,84.18,80.0,1,0.7424,-4.18
5146,2310704,Pentecoste,CE,Nordeste,91.29,80.0,1,0.7425,-11.29
5147,4303673,Campestre da Serra,RS,Sul,80.8,80.0,1,0.7432,-0.8
5148,2302701,Campos Sales,CE,Nordeste,82.79,80.0,1,0.744,-2.79
5149,4305850,Coqueiros do Sul,RS,Sul,41.7,80.0,0,0.7454,38.3
5150,2308377,Miraíma,CE,Nordeste,85.6,80.0,1,0.7455,-5.6
5151,2308351,Milhã,CE,Nordeste,97.92,80.0,1,0.7455,-17.92
5152,2313955,Varjota,CE,Nordeste,98.06,80.0,1,0.7457,-18.06
5153,2303402,Carnaubal,CE,Nordeste,83.8,80.0,1,0.7458,-3.8
5154,4321493,Toropi,RS,Sul,38.7,80.0,0,0.7459,41.3
5155,2304509,Frecheirinha,CE,Nordeste,98.18,80.0,1,0.7474,-18.18
5156,2308005,Massapê,CE,Nordeste,95.03,80.0,1,0.7483,-15.03
5157,4323358,Vila Lângaro,RS,Sul,52.9,72.6,0,0.7505,19.7
5158,2305605,Independência,CE,Nordeste,98.62,80.0,1,0.7507,-18.62
5159,2306702,Jaguaretama,CE,Nordeste,93.66,80.0,1,0.7507,-13.66
5160,2306900,Jaguaribe,CE,Nordeste,89.25,80.0,1,0.7509,-9.25
5161,2304657,Graça,CE,Nordeste,100.0,80.0,1,0.7512,-20.0
5162,2303907,Chaval,CE,Nordeste,91.5,76.01,1,0.752,-15.49
5163,2313609,Ubajara,CE,Nordeste,95.13,80.0,1,0.7522,-15.13
5164,2310001,Palhano,CE,Nordeste,74.59,72.04,1,0.7528,-2.55
5165,2310605,Penaforte,CE,Nordeste,63.67,78.04,0,0.7556,14.37
5166,2309409,Novo Oriente,CE,Nordeste,100.0,80.0,1,0.7561,-20.0
5167,2308807,Moraújo,CE,Nordeste,92.86,80.0,1,0.7566,-12.86
5168,2306207,Itaiçaba,CE,Nordeste,96.74,80.0,1,0.76,-16.74
5169,2305209,Hidrolândia,CE,Nordeste,96.11,80.0,1,0.7608,-16.11
5170,4312443,Morrinhos do Sul,RS,Sul,64.4,80.0,0,0.7608,15.6
5171,2311603,Redenção,CE,Nordeste,92.45,80.0,1,0.7618,-12.45
5172,4306130,Cruzaltense,RS,Sul,64.3,78.11,0,0.7622,13.81
5173,2304301,Farias Brito,CE,Nordeste,96.0,80.0,1,0.7627,-16.0
5174,2301604,Assaré,CE,Nordeste,98.08,80.0,1,0.7632,-18.08
5175,2308302,Milagres,CE,Nordeste,79.33,76.0,1,0.7637,-3.33
5176,4308250,Floriano Peixoto,RS,Sul,71.4,80.0,0,0.7644,8.6
5177,2306801,Jaguaribara,CE,Nordeste,93.88,80.0,1,0.7646,-13.88
5178,2310258,Paraipaba,CE,Nordeste,93.78,80.0,1,0.7652,-13.78
5179,2306108,Irauçuba,CE,Nordeste,96.76,80.0,1,0.7664,-16.76
5180,2300408,Aiuaba,CE,Nordeste,75.83,75.88,0,0.7669,0.05
5181,2300101,Abaiara,CE,Nordeste,91.49,80.0,1,0.768,-11.49
5182,2313005,Solonópole,CE,Nordeste,98.96,80.0,1,0.7686,-18.96
5183,2300705,Alto Santo,CE,Nordeste,94.16,80.0,1,0.7686,-14.16
5184,2307809,Marco,CE,Nordeste,96.66,80.0,1,0.7706,-16.66
5185,2309805,Pacoti,CE,Nordeste,91.18,80.0,1,0.771,-11.18
5186,2301406,Aratuba,CE,Nordeste,80.42,80.0,1,0.7713,-0.42
5187,2304251,Cruz,CE,Nordeste,98.93,80.0,1,0.7717,-18.93
5188,2311108,Porteiras,CE,Nordeste,92.09,80.0,1,0.7726,-12.09
5189,2302305,Bela Cruz,CE,Nordeste,97.83,80.0,1,0.7728,-17.83
5190,2309201,Nova Olinda,CE,Nordeste,99.53,80.0,1,0.7734,-19.53
5191,2309102,Mulungu,CE,Nordeste,88.89,80.0,1,0.7743,-8.89
5192,2304350,Forquilha,CE,Nordeste,100.0,80.0,1,0.7744,-20.0
5193,2308906,Morrinhos,CE,Nordeste,97.77,80.0,1,0.7751,-17.77
5194,2309003,Mucambo,CE,Nordeste,98.82,80.0,1,0.7751,-18.82
5195,2311900,Saboeiro,CE,Nordeste,81.55,76.08,1,0.7773,-5.47
5196,2310506,Pedra Branca,CE,Nordeste,99.7,80.0,1,0.7781,-19.7
5197,4323606,Vista Alegre do Prata,RS,Sul,85.7,80.0,1,0.7783,-5.7
5198,2305332,Ibicuitinga,CE,Nordeste,96.67,80.0,1,0.7787,-16.67
5199,2303303,Cariús,CE,Nordeste,95.26,80.0,1,0.7791,-15.26
5200,4322343,Ubiretama,RS,Sul,55.6,80.0,0,0.7799,24.4
5201,2311264,Quiterianópolis,CE,Nordeste,99.0,80.0,1,0.7825,-19.0
5202,2309904,Pacujá,CE,Nordeste,100.0,80.0,1,0.7828,-20.0
5203,2304806,Granjeiro,CE,Nordeste,91.59,80.0,1,0.784,-11.59
5204,2307205,Jati,CE,Nordeste,77.45,75.23,1,0.785,-2.22
5205,4315131,Pouso Novo,RS,Sul,94.1,80.0,1,0.7864,-14.1
5206,2311702,Reriutaba,CE,Nordeste,98.5,80.0,1,0.7868,-18.5
5207,2313559,Tururu,CE,Nordeste,95.29,80.0,1,0.7873,-15.29
5208,2303105,Cariré,CE,Nordeste,98.77,80.0,1,0.7873,-18.77
5209,2301257,Ararendá,CE,Nordeste,99.34,80.0,1,0.7898,-19.34
5210,2311009,Poranga,CE,Nordeste,100.0,80.0,1,0.7902,-20.0
5211,2304905,Groaíras,CE,Nordeste,96.95,80.0,1,0.7902,-16.95
5212,2301208,Aracoiaba,CE,Nordeste,90.87,80.0,1,0.7909,-10.87
5213,2300804,Antonina do Norte,CE,Nordeste,94.51,80.0,1,0.7938,-14.51
5214,2312809,Senador Sá,CE,Nordeste,99.12,80.0,1,0.7952,-19.12
5215,2304608,General Sampaio,CE,Nordeste,97.65,80.0,1,0.7983,-17.65
5216,2304277,Ererê,CE,Nordeste,95.0,80.0,1,0.7986,-15.0
5217,2301802,Baixio,CE,Nordeste,91.67,80.0,1,0.7989,-11.67
5218,2313807,Uruburetama,CE,Nordeste,82.16,80.0,1,0.8003,-2.16
5219,2300507,Alcântaras,CE,Nordeste,99.05,80.0,1,0.8014,-19.05
5220,2304004,Coreaú,CE,Nordeste,100.0,80.0,1,0.8038,-20.0
5221,2313252,Tarrafas,CE,Nordeste,91.6,80.0,1,0.8056,-11.6
5222,2304269,Deputado Irapuan Pinheiro,CE,Nordeste,98.82,80.0,1,0.8079,-18.82
5223,2303600,Catarina,CE,Nordeste,81.25,79.35,1,0.8091,-1.9
5224,2300903,Apuiarés,CE,Nordeste,74.45,80.0,0,0.813,5.55
5225,2300606,Altaneira,CE,Nordeste,88.52,80.0,1,0.8137,-8.52
5226,2310100,Palmácia,CE,Nordeste,94.31,80.0,1,0.8207,-14.31
5227,2308203,Meruoca,CE,Nordeste,98.21,80.0,1,0.8249,-18.21
5228,2301505,Arneiroz,CE,Nordeste,76.0,74.62,1,0.8298,-1.38
5229,2303659,Catunda,CE,Nordeste,100.0,80.0,1,0.8427,-20.0
5230,2310951,Pires Ferreira,CE,Nordeste,100.0,80.0,1,0.8429,-20.0
5231,2305654,Ipaporanga,CE,Nordeste,99.16,80.0,1,0.8457,-19.16
5232,2312502,São João do Jaguaribe,CE,Nordeste,95.98,79.85,1,0.8562,-16.13
